/*
Navicat Oracle Data Transfer
Oracle Client Version : 10.2.0.5.0

Source Server         : vote
Source Server Version : 110200
Source Host           : 127.0.0.1:1521
Source Schema         : VOTE

Target Server Type    : ORACLE
Target Server Version : 110200
File Encoding         : 65001

Date: 2018-11-09 23:52:29
*/


-- ----------------------------
-- Table structure for ACT_EVT_LOG
-- ----------------------------
DROP TABLE "VOTE"."ACT_EVT_LOG";
CREATE TABLE "VOTE"."ACT_EVT_LOG" (
"LOG_NR_" NUMBER(19) NOT NULL ,
"TYPE_" NVARCHAR2(64) NULL ,
"PROC_DEF_ID_" NVARCHAR2(64) NULL ,
"PROC_INST_ID_" NVARCHAR2(64) NULL ,
"EXECUTION_ID_" NVARCHAR2(64) NULL ,
"TASK_ID_" NVARCHAR2(64) NULL ,
"TIME_STAMP_" TIMESTAMP(6)  NOT NULL ,
"USER_ID_" NVARCHAR2(255) NULL ,
"DATA_" BLOB NULL ,
"LOCK_OWNER_" NVARCHAR2(255) NULL ,
"LOCK_TIME_" TIMESTAMP(6)  NULL ,
"IS_PROCESSED_" NUMBER(3) DEFAULT 0  NULL 
)
LOGGING
NOCOMPRESS
NOCACHE

;

-- ----------------------------
-- Records of ACT_EVT_LOG
-- ----------------------------

-- ----------------------------
-- Table structure for ACT_GE_BYTEARRAY
-- ----------------------------
DROP TABLE "VOTE"."ACT_GE_BYTEARRAY";
CREATE TABLE "VOTE"."ACT_GE_BYTEARRAY" (
"ID_" NVARCHAR2(64) NOT NULL ,
"REV_" NUMBER NULL ,
"NAME_" NVARCHAR2(255) NULL ,
"DEPLOYMENT_ID_" NVARCHAR2(64) NULL ,
"BYTES_" BLOB NULL ,
"GENERATED_" NUMBER(1) NULL 
)
LOGGING
NOCOMPRESS
NOCACHE

;

-- ----------------------------
-- Records of ACT_GE_BYTEARRAY
-- ----------------------------

-- ----------------------------
-- Table structure for ACT_GE_PROPERTY
-- ----------------------------
DROP TABLE "VOTE"."ACT_GE_PROPERTY";
CREATE TABLE "VOTE"."ACT_GE_PROPERTY" (
"NAME_" NVARCHAR2(64) NOT NULL ,
"VALUE_" NVARCHAR2(300) NULL ,
"REV_" NUMBER NULL 
)
LOGGING
NOCOMPRESS
NOCACHE

;

-- ----------------------------
-- Records of ACT_GE_PROPERTY
-- ----------------------------
INSERT INTO "VOTE"."ACT_GE_PROPERTY" VALUES ('schema.version', '5.20.0.2', '1');
INSERT INTO "VOTE"."ACT_GE_PROPERTY" VALUES ('schema.history', 'create(5.20.0.2)', '1');
INSERT INTO "VOTE"."ACT_GE_PROPERTY" VALUES ('next.dbid', '1', '1');

-- ----------------------------
-- Table structure for ACT_HI_ACTINST
-- ----------------------------
DROP TABLE "VOTE"."ACT_HI_ACTINST";
CREATE TABLE "VOTE"."ACT_HI_ACTINST" (
"ID_" NVARCHAR2(64) NOT NULL ,
"PROC_DEF_ID_" NVARCHAR2(64) NOT NULL ,
"PROC_INST_ID_" NVARCHAR2(64) NOT NULL ,
"EXECUTION_ID_" NVARCHAR2(64) NOT NULL ,
"ACT_ID_" NVARCHAR2(255) NOT NULL ,
"TASK_ID_" NVARCHAR2(64) NULL ,
"CALL_PROC_INST_ID_" NVARCHAR2(64) NULL ,
"ACT_NAME_" NVARCHAR2(255) NULL ,
"ACT_TYPE_" NVARCHAR2(255) NOT NULL ,
"ASSIGNEE_" NVARCHAR2(255) NULL ,
"START_TIME_" TIMESTAMP(6)  NOT NULL ,
"END_TIME_" TIMESTAMP(6)  NULL ,
"DURATION_" NUMBER(19) NULL ,
"TENANT_ID_" NVARCHAR2(255) DEFAULT ''  NULL 
)
LOGGING
NOCOMPRESS
NOCACHE

;

-- ----------------------------
-- Records of ACT_HI_ACTINST
-- ----------------------------

-- ----------------------------
-- Table structure for ACT_HI_ATTACHMENT
-- ----------------------------
DROP TABLE "VOTE"."ACT_HI_ATTACHMENT";
CREATE TABLE "VOTE"."ACT_HI_ATTACHMENT" (
"ID_" NVARCHAR2(64) NOT NULL ,
"REV_" NUMBER NULL ,
"USER_ID_" NVARCHAR2(255) NULL ,
"NAME_" NVARCHAR2(255) NULL ,
"DESCRIPTION_" NVARCHAR2(2000) NULL ,
"TYPE_" NVARCHAR2(255) NULL ,
"TASK_ID_" NVARCHAR2(64) NULL ,
"PROC_INST_ID_" NVARCHAR2(64) NULL ,
"URL_" NVARCHAR2(2000) NULL ,
"CONTENT_ID_" NVARCHAR2(64) NULL ,
"TIME_" TIMESTAMP(6)  NULL 
)
LOGGING
NOCOMPRESS
NOCACHE

;

-- ----------------------------
-- Records of ACT_HI_ATTACHMENT
-- ----------------------------

-- ----------------------------
-- Table structure for ACT_HI_COMMENT
-- ----------------------------
DROP TABLE "VOTE"."ACT_HI_COMMENT";
CREATE TABLE "VOTE"."ACT_HI_COMMENT" (
"ID_" NVARCHAR2(64) NOT NULL ,
"TYPE_" NVARCHAR2(255) NULL ,
"TIME_" TIMESTAMP(6)  NOT NULL ,
"USER_ID_" NVARCHAR2(255) NULL ,
"TASK_ID_" NVARCHAR2(64) NULL ,
"PROC_INST_ID_" NVARCHAR2(64) NULL ,
"ACTION_" NVARCHAR2(255) NULL ,
"MESSAGE_" NVARCHAR2(2000) NULL ,
"FULL_MSG_" BLOB NULL 
)
LOGGING
NOCOMPRESS
NOCACHE

;

-- ----------------------------
-- Records of ACT_HI_COMMENT
-- ----------------------------

-- ----------------------------
-- Table structure for ACT_HI_DETAIL
-- ----------------------------
DROP TABLE "VOTE"."ACT_HI_DETAIL";
CREATE TABLE "VOTE"."ACT_HI_DETAIL" (
"ID_" NVARCHAR2(64) NOT NULL ,
"TYPE_" NVARCHAR2(255) NOT NULL ,
"PROC_INST_ID_" NVARCHAR2(64) NULL ,
"EXECUTION_ID_" NVARCHAR2(64) NULL ,
"TASK_ID_" NVARCHAR2(64) NULL ,
"ACT_INST_ID_" NVARCHAR2(64) NULL ,
"NAME_" NVARCHAR2(255) NOT NULL ,
"VAR_TYPE_" NVARCHAR2(64) NULL ,
"REV_" NUMBER NULL ,
"TIME_" TIMESTAMP(6)  NOT NULL ,
"BYTEARRAY_ID_" NVARCHAR2(64) NULL ,
"DOUBLE_" NUMBER NULL ,
"LONG_" NUMBER(19) NULL ,
"TEXT_" NVARCHAR2(2000) NULL ,
"TEXT2_" NVARCHAR2(2000) NULL 
)
LOGGING
NOCOMPRESS
NOCACHE

;

-- ----------------------------
-- Records of ACT_HI_DETAIL
-- ----------------------------

-- ----------------------------
-- Table structure for ACT_HI_IDENTITYLINK
-- ----------------------------
DROP TABLE "VOTE"."ACT_HI_IDENTITYLINK";
CREATE TABLE "VOTE"."ACT_HI_IDENTITYLINK" (
"ID_" NVARCHAR2(64) NOT NULL ,
"GROUP_ID_" NVARCHAR2(255) NULL ,
"TYPE_" NVARCHAR2(255) NULL ,
"USER_ID_" NVARCHAR2(255) NULL ,
"TASK_ID_" NVARCHAR2(64) NULL ,
"PROC_INST_ID_" NVARCHAR2(64) NULL 
)
LOGGING
NOCOMPRESS
NOCACHE

;

-- ----------------------------
-- Records of ACT_HI_IDENTITYLINK
-- ----------------------------

-- ----------------------------
-- Table structure for ACT_HI_PROCINST
-- ----------------------------
DROP TABLE "VOTE"."ACT_HI_PROCINST";
CREATE TABLE "VOTE"."ACT_HI_PROCINST" (
"ID_" NVARCHAR2(64) NOT NULL ,
"PROC_INST_ID_" NVARCHAR2(64) NOT NULL ,
"BUSINESS_KEY_" NVARCHAR2(255) NULL ,
"PROC_DEF_ID_" NVARCHAR2(64) NOT NULL ,
"START_TIME_" TIMESTAMP(6)  NOT NULL ,
"END_TIME_" TIMESTAMP(6)  NULL ,
"DURATION_" NUMBER(19) NULL ,
"START_USER_ID_" NVARCHAR2(255) NULL ,
"START_ACT_ID_" NVARCHAR2(255) NULL ,
"END_ACT_ID_" NVARCHAR2(255) NULL ,
"SUPER_PROCESS_INSTANCE_ID_" NVARCHAR2(64) NULL ,
"DELETE_REASON_" NVARCHAR2(2000) NULL ,
"TENANT_ID_" NVARCHAR2(255) DEFAULT ''  NULL ,
"NAME_" NVARCHAR2(255) NULL 
)
LOGGING
NOCOMPRESS
NOCACHE

;

-- ----------------------------
-- Records of ACT_HI_PROCINST
-- ----------------------------

-- ----------------------------
-- Table structure for ACT_HI_TASKINST
-- ----------------------------
DROP TABLE "VOTE"."ACT_HI_TASKINST";
CREATE TABLE "VOTE"."ACT_HI_TASKINST" (
"ID_" NVARCHAR2(64) NOT NULL ,
"PROC_DEF_ID_" NVARCHAR2(64) NULL ,
"TASK_DEF_KEY_" NVARCHAR2(255) NULL ,
"PROC_INST_ID_" NVARCHAR2(64) NULL ,
"EXECUTION_ID_" NVARCHAR2(64) NULL ,
"PARENT_TASK_ID_" NVARCHAR2(64) NULL ,
"NAME_" NVARCHAR2(255) NULL ,
"DESCRIPTION_" NVARCHAR2(2000) NULL ,
"OWNER_" NVARCHAR2(255) NULL ,
"ASSIGNEE_" NVARCHAR2(255) NULL ,
"START_TIME_" TIMESTAMP(6)  NOT NULL ,
"CLAIM_TIME_" TIMESTAMP(6)  NULL ,
"END_TIME_" TIMESTAMP(6)  NULL ,
"DURATION_" NUMBER(19) NULL ,
"DELETE_REASON_" NVARCHAR2(2000) NULL ,
"PRIORITY_" NUMBER NULL ,
"DUE_DATE_" TIMESTAMP(6)  NULL ,
"FORM_KEY_" NVARCHAR2(255) NULL ,
"CATEGORY_" NVARCHAR2(255) NULL ,
"TENANT_ID_" NVARCHAR2(255) DEFAULT ''  NULL 
)
LOGGING
NOCOMPRESS
NOCACHE

;

-- ----------------------------
-- Records of ACT_HI_TASKINST
-- ----------------------------

-- ----------------------------
-- Table structure for ACT_HI_VARINST
-- ----------------------------
DROP TABLE "VOTE"."ACT_HI_VARINST";
CREATE TABLE "VOTE"."ACT_HI_VARINST" (
"ID_" NVARCHAR2(64) NOT NULL ,
"PROC_INST_ID_" NVARCHAR2(64) NULL ,
"EXECUTION_ID_" NVARCHAR2(64) NULL ,
"TASK_ID_" NVARCHAR2(64) NULL ,
"NAME_" NVARCHAR2(255) NOT NULL ,
"VAR_TYPE_" NVARCHAR2(100) NULL ,
"REV_" NUMBER NULL ,
"BYTEARRAY_ID_" NVARCHAR2(64) NULL ,
"DOUBLE_" NUMBER NULL ,
"LONG_" NUMBER(19) NULL ,
"TEXT_" NVARCHAR2(2000) NULL ,
"TEXT2_" NVARCHAR2(2000) NULL ,
"CREATE_TIME_" TIMESTAMP(6)  NULL ,
"LAST_UPDATED_TIME_" TIMESTAMP(6)  NULL 
)
LOGGING
NOCOMPRESS
NOCACHE

;

-- ----------------------------
-- Records of ACT_HI_VARINST
-- ----------------------------

-- ----------------------------
-- Table structure for ACT_ID_GROUP
-- ----------------------------
DROP TABLE "VOTE"."ACT_ID_GROUP";
CREATE TABLE "VOTE"."ACT_ID_GROUP" (
"ID_" NVARCHAR2(64) NOT NULL ,
"REV_" NUMBER NULL ,
"NAME_" NVARCHAR2(255) NULL ,
"TYPE_" NVARCHAR2(255) NULL 
)
LOGGING
NOCOMPRESS
NOCACHE

;

-- ----------------------------
-- Records of ACT_ID_GROUP
-- ----------------------------

-- ----------------------------
-- Table structure for ACT_ID_INFO
-- ----------------------------
DROP TABLE "VOTE"."ACT_ID_INFO";
CREATE TABLE "VOTE"."ACT_ID_INFO" (
"ID_" NVARCHAR2(64) NOT NULL ,
"REV_" NUMBER NULL ,
"USER_ID_" NVARCHAR2(64) NULL ,
"TYPE_" NVARCHAR2(64) NULL ,
"KEY_" NVARCHAR2(255) NULL ,
"VALUE_" NVARCHAR2(255) NULL ,
"PASSWORD_" BLOB NULL ,
"PARENT_ID_" NVARCHAR2(255) NULL 
)
LOGGING
NOCOMPRESS
NOCACHE

;

-- ----------------------------
-- Records of ACT_ID_INFO
-- ----------------------------

-- ----------------------------
-- Table structure for ACT_ID_MEMBERSHIP
-- ----------------------------
DROP TABLE "VOTE"."ACT_ID_MEMBERSHIP";
CREATE TABLE "VOTE"."ACT_ID_MEMBERSHIP" (
"USER_ID_" NVARCHAR2(64) NOT NULL ,
"GROUP_ID_" NVARCHAR2(64) NOT NULL 
)
LOGGING
NOCOMPRESS
NOCACHE

;

-- ----------------------------
-- Records of ACT_ID_MEMBERSHIP
-- ----------------------------

-- ----------------------------
-- Table structure for ACT_ID_USER
-- ----------------------------
DROP TABLE "VOTE"."ACT_ID_USER";
CREATE TABLE "VOTE"."ACT_ID_USER" (
"ID_" NVARCHAR2(64) NOT NULL ,
"REV_" NUMBER NULL ,
"FIRST_" NVARCHAR2(255) NULL ,
"LAST_" NVARCHAR2(255) NULL ,
"EMAIL_" NVARCHAR2(255) NULL ,
"PWD_" NVARCHAR2(255) NULL ,
"PICTURE_ID_" NVARCHAR2(64) NULL 
)
LOGGING
NOCOMPRESS
NOCACHE

;

-- ----------------------------
-- Records of ACT_ID_USER
-- ----------------------------

-- ----------------------------
-- Table structure for ACT_PROCDEF_INFO
-- ----------------------------
DROP TABLE "VOTE"."ACT_PROCDEF_INFO";
CREATE TABLE "VOTE"."ACT_PROCDEF_INFO" (
"ID_" NVARCHAR2(64) NOT NULL ,
"PROC_DEF_ID_" NVARCHAR2(64) NOT NULL ,
"REV_" NUMBER NULL ,
"INFO_JSON_ID_" NVARCHAR2(64) NULL 
)
LOGGING
NOCOMPRESS
NOCACHE

;

-- ----------------------------
-- Records of ACT_PROCDEF_INFO
-- ----------------------------

-- ----------------------------
-- Table structure for ACT_RE_DEPLOYMENT
-- ----------------------------
DROP TABLE "VOTE"."ACT_RE_DEPLOYMENT";
CREATE TABLE "VOTE"."ACT_RE_DEPLOYMENT" (
"ID_" NVARCHAR2(64) NOT NULL ,
"NAME_" NVARCHAR2(255) NULL ,
"CATEGORY_" NVARCHAR2(255) NULL ,
"TENANT_ID_" NVARCHAR2(255) DEFAULT ''  NULL ,
"DEPLOY_TIME_" TIMESTAMP(6)  NULL 
)
LOGGING
NOCOMPRESS
NOCACHE

;

-- ----------------------------
-- Records of ACT_RE_DEPLOYMENT
-- ----------------------------

-- ----------------------------
-- Table structure for ACT_RE_MODEL
-- ----------------------------
DROP TABLE "VOTE"."ACT_RE_MODEL";
CREATE TABLE "VOTE"."ACT_RE_MODEL" (
"ID_" NVARCHAR2(64) NOT NULL ,
"REV_" NUMBER NULL ,
"NAME_" NVARCHAR2(255) NULL ,
"KEY_" NVARCHAR2(255) NULL ,
"CATEGORY_" NVARCHAR2(255) NULL ,
"CREATE_TIME_" TIMESTAMP(6)  NULL ,
"LAST_UPDATE_TIME_" TIMESTAMP(6)  NULL ,
"VERSION_" NUMBER NULL ,
"META_INFO_" NVARCHAR2(2000) NULL ,
"DEPLOYMENT_ID_" NVARCHAR2(64) NULL ,
"EDITOR_SOURCE_VALUE_ID_" NVARCHAR2(64) NULL ,
"EDITOR_SOURCE_EXTRA_VALUE_ID_" NVARCHAR2(64) NULL ,
"TENANT_ID_" NVARCHAR2(255) DEFAULT ''  NULL 
)
LOGGING
NOCOMPRESS
NOCACHE

;

-- ----------------------------
-- Records of ACT_RE_MODEL
-- ----------------------------

-- ----------------------------
-- Table structure for ACT_RE_PROCDEF
-- ----------------------------
DROP TABLE "VOTE"."ACT_RE_PROCDEF";
CREATE TABLE "VOTE"."ACT_RE_PROCDEF" (
"ID_" NVARCHAR2(64) NOT NULL ,
"REV_" NUMBER NULL ,
"CATEGORY_" NVARCHAR2(255) NULL ,
"NAME_" NVARCHAR2(255) NULL ,
"KEY_" NVARCHAR2(255) NOT NULL ,
"VERSION_" NUMBER NOT NULL ,
"DEPLOYMENT_ID_" NVARCHAR2(64) NULL ,
"RESOURCE_NAME_" NVARCHAR2(2000) NULL ,
"DGRM_RESOURCE_NAME_" VARCHAR2(4000 BYTE) NULL ,
"DESCRIPTION_" NVARCHAR2(2000) NULL ,
"HAS_START_FORM_KEY_" NUMBER(1) NULL ,
"HAS_GRAPHICAL_NOTATION_" NUMBER(1) NULL ,
"SUSPENSION_STATE_" NUMBER NULL ,
"TENANT_ID_" NVARCHAR2(255) DEFAULT ''  NULL 
)
LOGGING
NOCOMPRESS
NOCACHE

;

-- ----------------------------
-- Records of ACT_RE_PROCDEF
-- ----------------------------

-- ----------------------------
-- Table structure for ACT_RU_EVENT_SUBSCR
-- ----------------------------
DROP TABLE "VOTE"."ACT_RU_EVENT_SUBSCR";
CREATE TABLE "VOTE"."ACT_RU_EVENT_SUBSCR" (
"ID_" NVARCHAR2(64) NOT NULL ,
"REV_" NUMBER NULL ,
"EVENT_TYPE_" NVARCHAR2(255) NOT NULL ,
"EVENT_NAME_" NVARCHAR2(255) NULL ,
"EXECUTION_ID_" NVARCHAR2(64) NULL ,
"PROC_INST_ID_" NVARCHAR2(64) NULL ,
"ACTIVITY_ID_" NVARCHAR2(64) NULL ,
"CONFIGURATION_" NVARCHAR2(255) NULL ,
"CREATED_" TIMESTAMP(6)  NOT NULL ,
"PROC_DEF_ID_" NVARCHAR2(64) NULL ,
"TENANT_ID_" NVARCHAR2(255) DEFAULT ''  NULL 
)
LOGGING
NOCOMPRESS
NOCACHE

;

-- ----------------------------
-- Records of ACT_RU_EVENT_SUBSCR
-- ----------------------------

-- ----------------------------
-- Table structure for ACT_RU_EXECUTION
-- ----------------------------
DROP TABLE "VOTE"."ACT_RU_EXECUTION";
CREATE TABLE "VOTE"."ACT_RU_EXECUTION" (
"ID_" NVARCHAR2(64) NOT NULL ,
"REV_" NUMBER NULL ,
"PROC_INST_ID_" NVARCHAR2(64) NULL ,
"BUSINESS_KEY_" NVARCHAR2(255) NULL ,
"PARENT_ID_" NVARCHAR2(64) NULL ,
"PROC_DEF_ID_" NVARCHAR2(64) NULL ,
"SUPER_EXEC_" NVARCHAR2(64) NULL ,
"ACT_ID_" NVARCHAR2(255) NULL ,
"IS_ACTIVE_" NUMBER(1) NULL ,
"IS_CONCURRENT_" NUMBER(1) NULL ,
"IS_SCOPE_" NUMBER(1) NULL ,
"IS_EVENT_SCOPE_" NUMBER(1) NULL ,
"SUSPENSION_STATE_" NUMBER NULL ,
"CACHED_ENT_STATE_" NUMBER NULL ,
"TENANT_ID_" NVARCHAR2(255) DEFAULT ''  NULL ,
"NAME_" NVARCHAR2(255) NULL ,
"LOCK_TIME_" TIMESTAMP(6)  NULL 
)
LOGGING
NOCOMPRESS
NOCACHE

;

-- ----------------------------
-- Records of ACT_RU_EXECUTION
-- ----------------------------

-- ----------------------------
-- Table structure for ACT_RU_IDENTITYLINK
-- ----------------------------
DROP TABLE "VOTE"."ACT_RU_IDENTITYLINK";
CREATE TABLE "VOTE"."ACT_RU_IDENTITYLINK" (
"ID_" NVARCHAR2(64) NOT NULL ,
"REV_" NUMBER NULL ,
"GROUP_ID_" NVARCHAR2(255) NULL ,
"TYPE_" NVARCHAR2(255) NULL ,
"USER_ID_" NVARCHAR2(255) NULL ,
"TASK_ID_" NVARCHAR2(64) NULL ,
"PROC_INST_ID_" NVARCHAR2(64) NULL ,
"PROC_DEF_ID_" NVARCHAR2(64) NULL 
)
LOGGING
NOCOMPRESS
NOCACHE

;

-- ----------------------------
-- Records of ACT_RU_IDENTITYLINK
-- ----------------------------

-- ----------------------------
-- Table structure for ACT_RU_JOB
-- ----------------------------
DROP TABLE "VOTE"."ACT_RU_JOB";
CREATE TABLE "VOTE"."ACT_RU_JOB" (
"ID_" NVARCHAR2(64) NOT NULL ,
"REV_" NUMBER NULL ,
"TYPE_" NVARCHAR2(255) NOT NULL ,
"LOCK_EXP_TIME_" TIMESTAMP(6)  NULL ,
"LOCK_OWNER_" NVARCHAR2(255) NULL ,
"EXCLUSIVE_" NUMBER(1) NULL ,
"EXECUTION_ID_" NVARCHAR2(64) NULL ,
"PROCESS_INSTANCE_ID_" NVARCHAR2(64) NULL ,
"PROC_DEF_ID_" NVARCHAR2(64) NULL ,
"RETRIES_" NUMBER NULL ,
"EXCEPTION_STACK_ID_" NVARCHAR2(64) NULL ,
"EXCEPTION_MSG_" NVARCHAR2(2000) NULL ,
"DUEDATE_" TIMESTAMP(6)  NULL ,
"REPEAT_" NVARCHAR2(255) NULL ,
"HANDLER_TYPE_" NVARCHAR2(255) NULL ,
"HANDLER_CFG_" NVARCHAR2(2000) NULL ,
"TENANT_ID_" NVARCHAR2(255) DEFAULT ''  NULL 
)
LOGGING
NOCOMPRESS
NOCACHE

;

-- ----------------------------
-- Records of ACT_RU_JOB
-- ----------------------------

-- ----------------------------
-- Table structure for ACT_RU_TASK
-- ----------------------------
DROP TABLE "VOTE"."ACT_RU_TASK";
CREATE TABLE "VOTE"."ACT_RU_TASK" (
"ID_" NVARCHAR2(64) NOT NULL ,
"REV_" NUMBER NULL ,
"EXECUTION_ID_" NVARCHAR2(64) NULL ,
"PROC_INST_ID_" NVARCHAR2(64) NULL ,
"PROC_DEF_ID_" NVARCHAR2(64) NULL ,
"NAME_" NVARCHAR2(255) NULL ,
"PARENT_TASK_ID_" NVARCHAR2(64) NULL ,
"DESCRIPTION_" NVARCHAR2(2000) NULL ,
"TASK_DEF_KEY_" NVARCHAR2(255) NULL ,
"OWNER_" NVARCHAR2(255) NULL ,
"ASSIGNEE_" NVARCHAR2(255) NULL ,
"DELEGATION_" NVARCHAR2(64) NULL ,
"PRIORITY_" NUMBER NULL ,
"CREATE_TIME_" TIMESTAMP(6)  NULL ,
"DUE_DATE_" TIMESTAMP(6)  NULL ,
"CATEGORY_" NVARCHAR2(255) NULL ,
"SUSPENSION_STATE_" NUMBER NULL ,
"TENANT_ID_" NVARCHAR2(255) DEFAULT ''  NULL ,
"FORM_KEY_" NVARCHAR2(255) NULL 
)
LOGGING
NOCOMPRESS
NOCACHE

;

-- ----------------------------
-- Records of ACT_RU_TASK
-- ----------------------------

-- ----------------------------
-- Table structure for ACT_RU_VARIABLE
-- ----------------------------
DROP TABLE "VOTE"."ACT_RU_VARIABLE";
CREATE TABLE "VOTE"."ACT_RU_VARIABLE" (
"ID_" NVARCHAR2(64) NOT NULL ,
"REV_" NUMBER NULL ,
"TYPE_" NVARCHAR2(255) NOT NULL ,
"NAME_" NVARCHAR2(255) NOT NULL ,
"EXECUTION_ID_" NVARCHAR2(64) NULL ,
"PROC_INST_ID_" NVARCHAR2(64) NULL ,
"TASK_ID_" NVARCHAR2(64) NULL ,
"BYTEARRAY_ID_" NVARCHAR2(64) NULL ,
"DOUBLE_" NUMBER NULL ,
"LONG_" NUMBER(19) NULL ,
"TEXT_" NVARCHAR2(2000) NULL ,
"TEXT2_" NVARCHAR2(2000) NULL 
)
LOGGING
NOCOMPRESS
NOCACHE

;

-- ----------------------------
-- Records of ACT_RU_VARIABLE
-- ----------------------------

-- ----------------------------
-- Table structure for APPLICATION
-- ----------------------------
DROP TABLE "VOTE"."APPLICATION";
CREATE TABLE "VOTE"."APPLICATION" (
"APP_ID" NUMBER(16) NOT NULL ,
"ACT_ID" VARCHAR2(64 BYTE) NULL ,
"APP_NAME" VARCHAR2(100 BYTE) NULL ,
"START_DATE" VARCHAR2(30 BYTE) NULL ,
"CREATE_ID" VARCHAR2(25 BYTE) NULL ,
"APP_TYPE" VARCHAR2(30 BYTE) NULL ,
"END_DATE" VARCHAR2(30 BYTE) NULL ,
"CURR_STATUS" VARCHAR2(2 BYTE) NULL ,
"CURR_USER_ID" VARCHAR2(25 BYTE) NULL ,
"CURR_NODE_ID" VARCHAR2(25 BYTE) NULL ,
"CURR_NODE_NAME" VARCHAR2(64 BYTE) NULL ,
"CURR_ROLE_ID" NUMBER(16) NULL ,
"CURR_ORG_ID" VARCHAR2(64 BYTE) NULL ,
"FRONT_NODE_ID" VARCHAR2(25 BYTE) NULL ,
"FRONT_NODE_NAME" VARCHAR2(64 BYTE) NULL ,
"FRONT_USER_ID" VARCHAR2(25 BYTE) NULL 
)
LOGGING
NOCOMPRESS
NOCACHE

;
COMMENT ON TABLE "VOTE"."APPLICATION" IS '流程总表';
COMMENT ON COLUMN "VOTE"."APPLICATION"."APP_ID" IS '流程ID';
COMMENT ON COLUMN "VOTE"."APPLICATION"."ACT_ID" IS '工作流ID';
COMMENT ON COLUMN "VOTE"."APPLICATION"."APP_NAME" IS '流程名称';
COMMENT ON COLUMN "VOTE"."APPLICATION"."START_DATE" IS '发起时间';
COMMENT ON COLUMN "VOTE"."APPLICATION"."CREATE_ID" IS '创建用户';
COMMENT ON COLUMN "VOTE"."APPLICATION"."APP_TYPE" IS '流程类型';
COMMENT ON COLUMN "VOTE"."APPLICATION"."END_DATE" IS '结束时间';
COMMENT ON COLUMN "VOTE"."APPLICATION"."CURR_STATUS" IS '当前状态';
COMMENT ON COLUMN "VOTE"."APPLICATION"."CURR_USER_ID" IS '当前处理人';
COMMENT ON COLUMN "VOTE"."APPLICATION"."CURR_NODE_ID" IS '当前处理节点';
COMMENT ON COLUMN "VOTE"."APPLICATION"."CURR_NODE_NAME" IS '当前节点名称';
COMMENT ON COLUMN "VOTE"."APPLICATION"."CURR_ROLE_ID" IS '当前处理角色';
COMMENT ON COLUMN "VOTE"."APPLICATION"."FRONT_NODE_ID" IS '上一个节点';
COMMENT ON COLUMN "VOTE"."APPLICATION"."FRONT_NODE_NAME" IS '上一个节点名称';
COMMENT ON COLUMN "VOTE"."APPLICATION"."FRONT_USER_ID" IS '上一个节点处理人';

-- ----------------------------
-- Records of APPLICATION
-- ----------------------------

-- ----------------------------
-- Table structure for APPLICATION_IEDA
-- ----------------------------
DROP TABLE "VOTE"."APPLICATION_IEDA";
CREATE TABLE "VOTE"."APPLICATION_IEDA" (
"IDEA_ID" NUMBER(16) NOT NULL ,
"APP_ID" NUMBER(16) NOT NULL ,
"TASK_ID" VARCHAR2(64 BYTE) NULL ,
"TASK_TYPE" VARCHAR2(64 BYTE) NULL ,
"NODE_ID" VARCHAR2(60 BYTE) NULL ,
"NODE_NAME" VARCHAR2(126 BYTE) NULL ,
"NOTE" VARCHAR2(255 BYTE) NULL 
)
LOGGING
NOCOMPRESS
NOCACHE

;
COMMENT ON TABLE "VOTE"."APPLICATION_IEDA" IS '审批意见';
COMMENT ON COLUMN "VOTE"."APPLICATION_IEDA"."IDEA_ID" IS '主键';
COMMENT ON COLUMN "VOTE"."APPLICATION_IEDA"."APP_ID" IS '流程ID';
COMMENT ON COLUMN "VOTE"."APPLICATION_IEDA"."TASK_ID" IS '任务ID';
COMMENT ON COLUMN "VOTE"."APPLICATION_IEDA"."NODE_ID" IS '节点ID';
COMMENT ON COLUMN "VOTE"."APPLICATION_IEDA"."NODE_NAME" IS '节点名称';
COMMENT ON COLUMN "VOTE"."APPLICATION_IEDA"."NOTE" IS '意见';

-- ----------------------------
-- Records of APPLICATION_IEDA
-- ----------------------------

-- ----------------------------
-- Table structure for BASE_ORG_REL
-- ----------------------------
DROP TABLE "VOTE"."BASE_ORG_REL";
CREATE TABLE "VOTE"."BASE_ORG_REL" (
"REL_ID" NUMBER(16) NOT NULL ,
"ORG_NO" NUMBER(16) NULL ,
"PK_ID" VARCHAR2(20 BYTE) NULL ,
"PK_TABLE" VARCHAR2(80 BYTE) NULL 
)
LOGGING
NOCOMPRESS
NOCACHE

;
COMMENT ON TABLE "VOTE"."BASE_ORG_REL" IS '信息与机构关系表';
COMMENT ON COLUMN "VOTE"."BASE_ORG_REL"."REL_ID" IS '关系ID';
COMMENT ON COLUMN "VOTE"."BASE_ORG_REL"."ORG_NO" IS '机构ID';
COMMENT ON COLUMN "VOTE"."BASE_ORG_REL"."PK_ID" IS '信息ID';
COMMENT ON COLUMN "VOTE"."BASE_ORG_REL"."PK_TABLE" IS '信息表名';

-- ----------------------------
-- Records of BASE_ORG_REL
-- ----------------------------

-- ----------------------------
-- Table structure for BTN_INFO
-- ----------------------------
DROP TABLE "VOTE"."BTN_INFO";
CREATE TABLE "VOTE"."BTN_INFO" (
"BTN_ID" NUMBER(16) NOT NULL ,
"BTN_NAME" VARCHAR2(56 BYTE) NULL ,
"BTN_RMK" VARCHAR2(256 BYTE) NULL ,
"BTN_PAGE" VARCHAR2(256 BYTE) NULL ,
"TM_SMP" VARCHAR2(14 BYTE) NULL 
)
LOGGING
NOCOMPRESS
NOCACHE

;
COMMENT ON TABLE "VOTE"."BTN_INFO" IS '按钮信息表';
COMMENT ON COLUMN "VOTE"."BTN_INFO"."BTN_ID" IS '按钮主键';
COMMENT ON COLUMN "VOTE"."BTN_INFO"."BTN_NAME" IS '按钮名称';
COMMENT ON COLUMN "VOTE"."BTN_INFO"."BTN_RMK" IS '按钮说明';
COMMENT ON COLUMN "VOTE"."BTN_INFO"."BTN_PAGE" IS '按钮所属页面';
COMMENT ON COLUMN "VOTE"."BTN_INFO"."TM_SMP" IS '时间';

-- ----------------------------
-- Records of BTN_INFO
-- ----------------------------

-- ----------------------------
-- Table structure for BTN_ROLE
-- ----------------------------
DROP TABLE "VOTE"."BTN_ROLE";
CREATE TABLE "VOTE"."BTN_ROLE" (
"BTN_ID" NUMBER(16) NOT NULL ,
"ROLE_ID" NUMBER(16) NOT NULL ,
"TM_SMP" VARCHAR2(14 BYTE) NULL 
)
LOGGING
NOCOMPRESS
NOCACHE

;

-- ----------------------------
-- Records of BTN_ROLE
-- ----------------------------

-- ----------------------------
-- Table structure for BTN_USR
-- ----------------------------
DROP TABLE "VOTE"."BTN_USR";
CREATE TABLE "VOTE"."BTN_USR" (
"BTN_ID" NUMBER(16) NOT NULL ,
"USR_ID" NUMBER(16) NOT NULL ,
"TM_TMP" VARCHAR2(14 BYTE) NULL 
)
LOGGING
NOCOMPRESS
NOCACHE

;
COMMENT ON TABLE "VOTE"."BTN_USR" IS '按钮用户表';
COMMENT ON COLUMN "VOTE"."BTN_USR"."BTN_ID" IS '按钮主键';
COMMENT ON COLUMN "VOTE"."BTN_USR"."USR_ID" IS '用户ID';
COMMENT ON COLUMN "VOTE"."BTN_USR"."TM_TMP" IS '时间';

-- ----------------------------
-- Records of BTN_USR
-- ----------------------------

-- ----------------------------
-- Table structure for CODE_DATA
-- ----------------------------
DROP TABLE "VOTE"."CODE_DATA";
CREATE TABLE "VOTE"."CODE_DATA" (
"FIELD_NAME" VARCHAR2(54 BYTE) NULL ,
"CODE_NO" VARCHAR2(64 BYTE) NOT NULL ,
"CODE_NAME" VARCHAR2(64 BYTE) NULL ,
"CODE_KEY" VARCHAR2(80 BYTE) NOT NULL ,
"CODE_VAL" VARCHAR2(125 BYTE) NULL ,
"TM_SMP" VARCHAR2(14 BYTE) NULL 
)
LOGGING
NOCOMPRESS
NOCACHE

;
COMMENT ON TABLE "VOTE"."CODE_DATA" IS '数据字典';
COMMENT ON COLUMN "VOTE"."CODE_DATA"."FIELD_NAME" IS '字段名称';
COMMENT ON COLUMN "VOTE"."CODE_DATA"."CODE_NO" IS '字典类型编码';
COMMENT ON COLUMN "VOTE"."CODE_DATA"."CODE_NAME" IS '字典类型说明';
COMMENT ON COLUMN "VOTE"."CODE_DATA"."CODE_KEY" IS '字典代码';
COMMENT ON COLUMN "VOTE"."CODE_DATA"."CODE_VAL" IS '字典名称';
COMMENT ON COLUMN "VOTE"."CODE_DATA"."TM_SMP" IS '创建时间';

-- ----------------------------
-- Records of CODE_DATA
-- ----------------------------
INSERT INTO "VOTE"."CODE_DATA" VALUES ('CreditInfoFrom', 'CreditInfoFrom', '不良信息来源', '07', '其他渠道', '2018-03-14');
INSERT INTO "VOTE"."CODE_DATA" VALUES ('CreditInfoFrom', 'CreditInfoFrom', '不良信息来源', '06', '街道办事处提出的记分建议', '2018-03-14');
INSERT INTO "VOTE"."CODE_DATA" VALUES ('APP_TYPE', 'APP_TYPE', '流程类型', 'CREDITRECORDBL', '不良信息建档流程', '2018-03-27');
INSERT INTO "VOTE"."CODE_DATA" VALUES ('EXPERT_TYPE', 'EXPERT_TYPE', '评标专家类型', '03', '执业律师', '2018-03-29');
INSERT INTO "VOTE"."CODE_DATA" VALUES ('EXPERT_TYPE', 'EXPERT_TYPE', '评标专家类型', '01', '管理类', '2018-03-29');
INSERT INTO "VOTE"."CODE_DATA" VALUES ('EXPERT_TYPE', 'EXPERT_TYPE', '评标专家类型', '02', '技术类', '2018-03-29');
INSERT INTO "VOTE"."CODE_DATA" VALUES ('EXPERT_TYPE', 'EXPERT_TYPE', '评标专家类型', '04', '招标人代表', '2018-03-29');
INSERT INTO "VOTE"."CODE_DATA" VALUES ('EXPERT_TYPE', 'EXPERT_TYPE', '评标专家类型', '05', '物业管理专家学者', '2018-03-29');
INSERT INTO "VOTE"."CODE_DATA" VALUES ('EXPERT_TYPE', 'EXPERT_TYPE', '评标专家类型', '06', '业主委员会委员', '2018-03-29');
INSERT INTO "VOTE"."CODE_DATA" VALUES ('EXPERT_TYPE', 'EXPERT_TYPE', '评标专家类型', '07', '物业管理行业优秀企业家', '2018-03-29');
INSERT INTO "VOTE"."CODE_DATA" VALUES ('EXPERT_TYPE', 'EXPERT_TYPE', '评标专家类型', '08', '其它', '2018-03-29');
INSERT INTO "VOTE"."CODE_DATA" VALUES ('USER_STATUS', 'USER_STATUS', '用户状态', '1', '正在使用', '2018-01-31');
INSERT INTO "VOTE"."CODE_DATA" VALUES ('CreditQuotaKind', 'CreditQuotaKind', '诚信指标类型', '01', '良好信用指标', '2018-03-05');
INSERT INTO "VOTE"."CODE_DATA" VALUES ('CreditQuotaKind', 'CreditQuotaKind', '诚信指标类型', '02', '不良信用指标', '2018-03-05');
INSERT INTO "VOTE"."CODE_DATA" VALUES ('WAS_USEFUL', 'WAS_USEFUL', '是否有效', '无效', '无效', '2018-03-12');
INSERT INTO "VOTE"."CODE_DATA" VALUES ('CreditInfoFrom', 'CreditInfoFrom', '不良信息来源', '05', '相关行政机关下达的行政处罚决定书', '2018-03-12');
INSERT INTO "VOTE"."CODE_DATA" VALUES ('CreditBadRecordKind', 'CreditBadRecordKind', '不良信息类型', '03', '违反物业服务合同约定，经查证属实的', '2018-03-14');
INSERT INTO "VOTE"."CODE_DATA" VALUES ('CreditBadRecordKind', 'CreditBadRecordKind', '不良信息类型', '04', '社会公众和媒体曝光，造成恶劣影响的或业主合理投诉得不到有效解决的信息', '2018-03-14');
INSERT INTO "VOTE"."CODE_DATA" VALUES ('CreditBadRecordKind', 'CreditBadRecordKind', '不良信息类型', '05', '房屋主管部门认定可记录的其他信息', '2018-03-14');
INSERT INTO "VOTE"."CODE_DATA" VALUES ('APP_TYPE', 'APP_TYPE', '流程类型', 'CSPADDFLOW', '物业公司信息采集', '2018-02-11');
INSERT INTO "VOTE"."CODE_DATA" VALUES ('PRODUCT_TYPE', 'PRODUCT_TYPE', '产品类型', '01', '大数据', '2018-03-12');
INSERT INTO "VOTE"."CODE_DATA" VALUES ('IS_USEFUL', 'IS_USEFUL', '是否有效', '01', '无效', '2018-03-12');
INSERT INTO "VOTE"."CODE_DATA" VALUES ('WAS_USEFUL', 'WAS_USEFUL', '是否有效', '有效', '有效', '2018-03-12');
INSERT INTO "VOTE"."CODE_DATA" VALUES ('ORG_TYPE', 'ORG_TYPE', '机构类型', '07', '6级组织', '2018-03-12');
INSERT INTO "VOTE"."CODE_DATA" VALUES ('ORG_TYPE', 'ORG_TYPE', '机构类型', '08', '7级组织', '2018-03-12');
INSERT INTO "VOTE"."CODE_DATA" VALUES ('ORG_TYPE', 'ORG_TYPE', '机构类型', '06', '5级组织', '2018-11-03');
INSERT INTO "VOTE"."CODE_DATA" VALUES ('APP_TYPE', 'APP_TYPE', '流程类型', 'CSPXGFLOW', '物业公司信息变更', '2018-02-24');
INSERT INTO "VOTE"."CODE_DATA" VALUES ('APP_TYPE', 'APP_TYPE', '流程类型', 'CSPDELFLOW', '物业公司信息删除', '2018-03-01');
INSERT INTO "VOTE"."CODE_DATA" VALUES ('INFO_STATUS', 'INFO_STATUS', '数据状态', '00', '正常', '2018-02-08');
INSERT INTO "VOTE"."CODE_DATA" VALUES ('INFO_STATUS', 'INFO_STATUS', '数据状态', '01', '暂存', '2018-02-08');
INSERT INTO "VOTE"."CODE_DATA" VALUES ('INFO_STATUS', 'INFO_STATUS', '数据状态', '02', '修改中', '2018-02-08');
INSERT INTO "VOTE"."CODE_DATA" VALUES ('INFO_STATUS', 'INFO_STATUS', '数据状态', '03', '删除中', '2018-02-08');
INSERT INTO "VOTE"."CODE_DATA" VALUES ('INFO_STATUS', 'INFO_STATUS', '数据状态', '04', '已注销', '2018-02-08');
INSERT INTO "VOTE"."CODE_DATA" VALUES ('APP_TYPE', 'APP_TYPE', '流程类型', 'SECTEDITFLOW', '项目信息修改流程', '2018-02-26');
INSERT INTO "VOTE"."CODE_DATA" VALUES ('NORM_TYPE', 'NORM_TYPE', '指标类型', '01', '星级小区创建', '2018-02-27');
INSERT INTO "VOTE"."CODE_DATA" VALUES ('NORM_TYPE', 'NORM_TYPE', '指标类型', '02', '社会信誉', '2018-02-27');
INSERT INTO "VOTE"."CODE_DATA" VALUES ('NORM_LEVEL', 'NORM_LEVEL', '指标层级', '1', '一级指标', '2018-02-27');
INSERT INTO "VOTE"."CODE_DATA" VALUES ('NORM_LEVEL', 'NORM_LEVEL', '指标层级', '2', '二级指标', '2018-02-27');
INSERT INTO "VOTE"."CODE_DATA" VALUES ('NORM_RECORD', 'NORM_RECORD', '指标记分标志', '0', '减分', '2018-02-27');
INSERT INTO "VOTE"."CODE_DATA" VALUES ('NORM_RECORD', 'NORM_RECORD', '指标记分标志', '1', '加分', '2018-02-27');
INSERT INTO "VOTE"."CODE_DATA" VALUES ('APP_TYPE1', 'APP_TYPE', '流程类型', 'CREDITAPPEAL', '不良信用异议申请流程', '2018-10-19');
INSERT INTO "VOTE"."CODE_DATA" VALUES ('CUST_TYPE', 'CUST_TYPE', '客户类型', 'Blank', 'Blank', '2018-10-28');
INSERT INTO "VOTE"."CODE_DATA" VALUES ('CUST_TYPE', 'CUST_TYPE', '客户类型', 'Paper', 'Paper', '2018-10-28');
INSERT INTO "VOTE"."CODE_DATA" VALUES ('CUST_TYPE', 'CUST_TYPE', '客户类型', 'Copper', 'Copper', '2018-10-28');
INSERT INTO "VOTE"."CODE_DATA" VALUES ('CUST_TYPE', 'CUST_TYPE', '客户类型', 'Diamond', 'Diamond', '2018-10-28');
INSERT INTO "VOTE"."CODE_DATA" VALUES ('CUST_TYPE', 'CUST_TYPE', '客户类型', 'Silver', 'Silver', '2018-10-28');
INSERT INTO "VOTE"."CODE_DATA" VALUES ('CUST_TYPE', 'CUST_TYPE', '客户类型', '06', null, '2018-10-28');
INSERT INTO "VOTE"."CODE_DATA" VALUES ('CUST_TRADE', 'CUST_TRADE', '客户行业', '金融', '金融', '2018-10-28');
INSERT INTO "VOTE"."CODE_DATA" VALUES ('PAY_CYCLE', 'PAY_CYCLE', '结算周期', '01', '季结（90天）结算周期', '2018-10-28');
INSERT INTO "VOTE"."CODE_DATA" VALUES ('BG_VISIABLE', 'BG_VISIABLE', 'BG隐藏', '金融解决方案业务部', '金融解决方案业务部', '2018-10-28');
INSERT INTO "VOTE"."CODE_DATA" VALUES ('IS_USEFUL', 'IS_USEFUL', '是否有效', '00', '有效', '2018-10-28');
INSERT INTO "VOTE"."CODE_DATA" VALUES ('COUNTRY', 'COUNTRY', '国家/地区', '中国', '中国', '2018-10-29');
INSERT INTO "VOTE"."CODE_DATA" VALUES ('COUNTRY', 'COUNTRY', '国家/地区', '中国/香港', '中国/香港', '2018-10-29');
INSERT INTO "VOTE"."CODE_DATA" VALUES ('menu_list', 'MENU_LIST', '菜单级别', '2', '二级菜单', '20170504');
INSERT INTO "VOTE"."CODE_DATA" VALUES ('menu_list', 'MENU_LIST', '菜单级别', '1', '一级菜单', '20170504');
INSERT INTO "VOTE"."CODE_DATA" VALUES ('PARAMS_TYPE', 'PARAMS_TYPE', '参数类型', '01', '系统参数', '20180125');
INSERT INTO "VOTE"."CODE_DATA" VALUES ('PARAMS_TYPE', 'PARAMS_TYPE', '参数类型', '02', '业务参数', '20180125');
INSERT INTO "VOTE"."CODE_DATA" VALUES ('CURR_STATUS', 'CURR_STATUS', '流程状态', '04', '已驳回', '20180109');
INSERT INTO "VOTE"."CODE_DATA" VALUES ('CURR_STATUS', 'CURR_STATUS', '流程状态', '03', '已结束', '20180109');
INSERT INTO "VOTE"."CODE_DATA" VALUES ('CURR_STATUS', 'CURR_STATUS', '流程状态', '02', '审核中', '20180109');
INSERT INTO "VOTE"."CODE_DATA" VALUES ('CURR_STATUS', 'CURR_STATUS', '流程状态', '05', '会签', '20180123');
INSERT INTO "VOTE"."CODE_DATA" VALUES ('CURR_STATUS', 'CURR_STATUS', '流程状态', '01', '已启动', '20180109');
INSERT INTO "VOTE"."CODE_DATA" VALUES ('CURR_STATUS', 'CURR_STATUS', '流程状态', '00', '待启动', '20180109');
INSERT INTO "VOTE"."CODE_DATA" VALUES ('TASK_TYPE', 'TASK_TYPE', '任务类型', '00', '启动', '2018-02-02');
INSERT INTO "VOTE"."CODE_DATA" VALUES ('TASK_TYPE', 'TASK_TYPE', '任务类型', '01', '提交下一步', '2018-02-02');
INSERT INTO "VOTE"."CODE_DATA" VALUES ('TASK_TYPE', 'TASK_TYPE', '任务类型', '02', '驳回', '2018-02-02');
INSERT INTO "VOTE"."CODE_DATA" VALUES ('TASK_TYPE', 'TASK_TYPE', '任务类型', '03', '提交会签', '2018-02-02');
INSERT INTO "VOTE"."CODE_DATA" VALUES ('TASK_TYPE', 'TASK_TYPE', '任务类型', '05', '结束', '2018-02-02');
INSERT INTO "VOTE"."CODE_DATA" VALUES ('FILE_TYPE', 'FILE_TYPE', '附件类型', '00', '鉴定申请表', '20180125');
INSERT INTO "VOTE"."CODE_DATA" VALUES ('FILE_TYPE', 'FILE_TYPE', '附件类型', '01', '房屋所有权证材料复印件', '20180125');
INSERT INTO "VOTE"."CODE_DATA" VALUES ('FILE_TYPE', 'FILE_TYPE', '附件类型', '99', '其他', '20171219');
INSERT INTO "VOTE"."CODE_DATA" VALUES ('FILE_TYPE', 'FILE_TYPE', '附件类型', '05', '连云港市危房和老旧房屋鉴定申请表', '20180125');
INSERT INTO "VOTE"."CODE_DATA" VALUES ('FILE_TYPE', 'FILE_TYPE', '附件类型', '04', '法律法规规定应当提供的其他资料', '20180125');
INSERT INTO "VOTE"."CODE_DATA" VALUES ('FILE_TYPE', 'FILE_TYPE', '附件类型', '02', '房屋建筑施工图、结构施工图、历经改造的施工技术资料', '20180125');
INSERT INTO "VOTE"."CODE_DATA" VALUES ('FILE_TYPE', 'FILE_TYPE', '附件类型', '03', '房屋所有权人的身份证复印件', '20180125');
INSERT INTO "VOTE"."CODE_DATA" VALUES ('REGION_TYPE', 'REGION_TYPE', '区域级别', '02', '县', '20170523');
INSERT INTO "VOTE"."CODE_DATA" VALUES ('REGION_TYPE', 'REGION_TYPE', '区域级别', '01', '区', '20170523');
INSERT INTO "VOTE"."CODE_DATA" VALUES ('ORG_TYPE', 'ORG_TYPE', '机构类型', '05', '4级组织', '2018-11-03');
INSERT INTO "VOTE"."CODE_DATA" VALUES ('ORG_TYPE', 'ORG_TYPE', '机构类型', '04', '3级组织', '2018-11-03');
INSERT INTO "VOTE"."CODE_DATA" VALUES ('ORG_TYPE', 'ORG_TYPE', '机构类型', '03', '2级组织', '2018-11-03');
INSERT INTO "VOTE"."CODE_DATA" VALUES ('ORG_TYPE', 'ORG_TYPE', '机构类型', '02', '1级组织', '2018-11-03');
INSERT INTO "VOTE"."CODE_DATA" VALUES ('ORG_TYPE', 'ORG_TYPE', '机构类型', '01', '0级组织', '2018-11-03');
INSERT INTO "VOTE"."CODE_DATA" VALUES ('ORG_NATURE', 'ORG_NATURE', '企业性质', '01', '全民所有制', '2018-01-31');
INSERT INTO "VOTE"."CODE_DATA" VALUES ('ORG_NATURE', 'ORG_NATURE', '企业性质', '02', '有限责任公司', '2018-01-31');
INSERT INTO "VOTE"."CODE_DATA" VALUES ('ORG_NATURE', 'ORG_NATURE', '企业性质', '03', '股份有限公司', '2018-01-31');
INSERT INTO "VOTE"."CODE_DATA" VALUES ('CSP_LEVEL', 'CSP_LEVEL', '资质等级', '1', '一级资质', '2018-02-01');
INSERT INTO "VOTE"."CODE_DATA" VALUES ('CSP_LEVEL', 'CSP_LEVEL', '资质等级', '2', '二级资质', '2018-02-01');
INSERT INTO "VOTE"."CODE_DATA" VALUES ('CSP_LEVEL', 'CSP_LEVEL', '资质等级', '3', '三级资质', '2018-02-01');
INSERT INTO "VOTE"."CODE_DATA" VALUES ('CSP_LEVEL', 'CSP_LEVEL', '资质等级', '4', '三级暂定', '2018-02-01');
INSERT INTO "VOTE"."CODE_DATA" VALUES ('IS_FLAG', 'IS_FLAG', '是否状态', '01', '是', '20170515');
INSERT INTO "VOTE"."CODE_DATA" VALUES ('IS_FLAG', 'IS_FLAG', '是否状态', '02', '否', '20170515');
INSERT INTO "VOTE"."CODE_DATA" VALUES ('SECTTYPE', 'SECTTYPE', '物业类型', '01', '住宅', '2018-02-06');
INSERT INTO "VOTE"."CODE_DATA" VALUES ('SECTTYPE', 'SECTTYPE', '物业类型', '02', '非住宅', '2018-02-06');
INSERT INTO "VOTE"."CODE_DATA" VALUES ('SECTTYPESUB1', 'SECTTYPESUB1', '物业类型子项', '01', '多层住宅', '2018-02-06');
INSERT INTO "VOTE"."CODE_DATA" VALUES ('SECTTYPESUB1', 'SECTTYPESUB1', '物业类型子项', '02', '高层住宅', '2018-02-06');
INSERT INTO "VOTE"."CODE_DATA" VALUES ('SECTTYPESUB1', 'SECTTYPESUB1', '物业类型子项', '03', '联体别墅', '2018-02-06');
INSERT INTO "VOTE"."CODE_DATA" VALUES ('SECTTYPESUB1', 'SECTTYPESUB1', '物业类型子项', '04', '单体别墅', '2018-02-06');
INSERT INTO "VOTE"."CODE_DATA" VALUES ('SECTTYPESUB2', 'SECTTYPESUB2', '物业类型子项', '05', '商业用房', '2018-02-06');
INSERT INTO "VOTE"."CODE_DATA" VALUES ('SECTTYPESUB2', 'SECTTYPESUB2', '物业类型子项', '06', '工业厂房', '2018-02-06');
INSERT INTO "VOTE"."CODE_DATA" VALUES ('SECTTYPESUB2', 'SECTTYPESUB2', '物业类型子项', '07', '写字楼', '2018-02-06');
INSERT INTO "VOTE"."CODE_DATA" VALUES ('SECTTYPESUB2', 'SECTTYPESUB2', '物业类型子项', '08', '其他', '2018-02-06');
INSERT INTO "VOTE"."CODE_DATA" VALUES ('USER_STATUS', 'USER_STATUS', '用户状态', '0', '正常使用', '2018-01-31');
INSERT INTO "VOTE"."CODE_DATA" VALUES ('USER_STATUS', 'USER_STATUS', '用户状态', '2', '禁用', '2018-01-31');
INSERT INTO "VOTE"."CODE_DATA" VALUES ('USER_STATUS', 'USER_STATUS', '用户状态', '3', '已注销', '2018-01-31');
INSERT INTO "VOTE"."CODE_DATA" VALUES ('APP_TYPE', 'APP_TYPE', '流程类型', 'SECTADDFLOW', '项目信息采集流程', '2018-02-07');
INSERT INTO "VOTE"."CODE_DATA" VALUES ('APP_TYPE', 'APP_TYPE', '流程类型', 'LEAVE_PROCESS', '部门请假流程', '20180105');
INSERT INTO "VOTE"."CODE_DATA" VALUES ('ORG_STATUS', 'ORG_STATUS', '机构状态', '0', '正常使用', '2018-01-31');
INSERT INTO "VOTE"."CODE_DATA" VALUES ('ORG_STATUS', 'ORG_STATUS', '机构状态', '1', '禁用', '2018-01-31');
INSERT INTO "VOTE"."CODE_DATA" VALUES ('ORG_STATUS', 'ORG_STATUS', '机构状态', '2', '已注销', '2018-01-31');
INSERT INTO "VOTE"."CODE_DATA" VALUES ('EDUCATION', 'EDUCATION', '文化程度', '1', '初中', '2018-02-07');
INSERT INTO "VOTE"."CODE_DATA" VALUES ('EDUCATION', 'EDUCATION', '文化程度', '2', '高中', '2018-02-07');
INSERT INTO "VOTE"."CODE_DATA" VALUES ('EDUCATION', 'EDUCATION', '文化程度', '3', '大专', '2018-02-07');
INSERT INTO "VOTE"."CODE_DATA" VALUES ('EDUCATION', 'EDUCATION', '文化程度', '4', '本科', '2018-02-07');
INSERT INTO "VOTE"."CODE_DATA" VALUES ('EDUCATION', 'EDUCATION', '文化程度', '5', '硕士研究生', '2018-02-07');
INSERT INTO "VOTE"."CODE_DATA" VALUES ('EDUCATION', 'EDUCATION', '文化程度', '6', '博士研究生', '2018-02-07');
INSERT INTO "VOTE"."CODE_DATA" VALUES ('SEXTYPE', 'SEXTYPE', '性别', '1', '男', '2018-02-07');
INSERT INTO "VOTE"."CODE_DATA" VALUES ('SEXTYPE', 'SEXTYPE', '性别', '2', '女', '2018-02-07');
INSERT INTO "VOTE"."CODE_DATA" VALUES ('CERTTYPE', 'CERTTYPE', '证件类型', '1', '身份证', '2018-02-07');
INSERT INTO "VOTE"."CODE_DATA" VALUES ('USER_TYPE', 'USER_TYPE', '人员类型', '01', '项目经理', '2018-02-09');
INSERT INTO "VOTE"."CODE_DATA" VALUES ('NORM_STATUS', 'NORM_STATUS', '指标状态', '0', '待启用', '2018-02-27');
INSERT INTO "VOTE"."CODE_DATA" VALUES ('NORM_STATUS', 'NORM_STATUS', '指标状态', '1', '正常', '2018-02-27');
INSERT INTO "VOTE"."CODE_DATA" VALUES ('NORM_STATUS', 'NORM_STATUS', '指标状态', '2', '已注销', '2018-02-27');
INSERT INTO "VOTE"."CODE_DATA" VALUES ('APP_TYPE', 'APP_TYPE', '流程类型', 'SECTDELEFLOW', '项目信息删除流程', '2018-02-28');
INSERT INTO "VOTE"."CODE_DATA" VALUES ('CreditQuotaObject', 'CreditQuotaObject', '诚信指标适用主体类型', '01', '物业公司', '2018-03-09');
INSERT INTO "VOTE"."CODE_DATA" VALUES ('CreditQuotaObject', 'CreditQuotaObject', '诚信指标适用主体类型', '02', '项目经理', '2018-03-09');
INSERT INTO "VOTE"."CODE_DATA" VALUES ('CreditQuotaObject', 'CreditQuotaObject', '诚信指标适用主体类型', '03', '物业公司和项目经理', '2018-03-09');
INSERT INTO "VOTE"."CODE_DATA" VALUES ('CreditInfoFrom', 'CreditInfoFrom', '不良信息来源', '01', '违法违规', '2018-03-12');
INSERT INTO "VOTE"."CODE_DATA" VALUES ('CreditInfoFrom', 'CreditInfoFrom', '不良信息来源', '02', '日常巡查及监督检查', '2018-03-14');
INSERT INTO "VOTE"."CODE_DATA" VALUES ('CreditInfoFrom', 'CreditInfoFrom', '不良信息来源', '03', '投诉信访', '2018-03-12');
INSERT INTO "VOTE"."CODE_DATA" VALUES ('CreditInfoFrom', 'CreditInfoFrom', '不良信息来源', '04', '媒体曝光', '2018-03-12');

-- ----------------------------
-- Table structure for EXCEL_CELL
-- ----------------------------
DROP TABLE "VOTE"."EXCEL_CELL";
CREATE TABLE "VOTE"."EXCEL_CELL" (
"EXCEL_CELL_ID" NUMBER(10) NOT NULL ,
"EXCEL_SHEET_ID" NUMBER(10) NULL ,
"EXCEL_CELL_CN_NAME" VARCHAR2(255 BYTE) NULL ,
"EXCEL_CELL_EN_NAME" VARCHAR2(255 BYTE) NULL ,
"EXCEL_CELL_COL_NUM" NUMBER(6) NULL ,
"EXCEL_CELL_ROW_NUM" NUMBER(6) NULL ,
"EXCEL_CELL_TYPE" CHAR(2 BYTE) NULL ,
"EXCEL_DATA_TYPE" VARCHAR2(32 BYTE) NULL ,
"EXCEL_DEFAULT_VALUE" VARCHAR2(255 BYTE) NULL ,
"IS_DELETE" CHAR(2 BYTE) NULL 
)
LOGGING
NOCOMPRESS
NOCACHE

;

-- ----------------------------
-- Records of EXCEL_CELL
-- ----------------------------
INSERT INTO "VOTE"."EXCEL_CELL" VALUES ('63', '11', null, null, '0', '0', null, null, null, '00');
INSERT INTO "VOTE"."EXCEL_CELL" VALUES ('121', '11', null, null, '0', '0', null, null, null, '00');
INSERT INTO "VOTE"."EXCEL_CELL" VALUES ('122', '11', null, null, '0', '0', null, null, null, '00');
INSERT INTO "VOTE"."EXCEL_CELL" VALUES ('162', '11', null, null, '0', '0', null, null, null, '00');
INSERT INTO "VOTE"."EXCEL_CELL" VALUES ('163', '11', null, null, '0', '0', null, null, null, '00');
INSERT INTO "VOTE"."EXCEL_CELL" VALUES ('165', '11', null, null, '0', '0', null, null, null, '00');
INSERT INTO "VOTE"."EXCEL_CELL" VALUES ('2', '1', '客户名称', 'custCnName', '15', '2', '00', 'string', null, null);
INSERT INTO "VOTE"."EXCEL_CELL" VALUES ('66', '11', null, null, '0', '0', null, null, null, '00');
INSERT INTO "VOTE"."EXCEL_CELL" VALUES ('107', '11', null, null, '0', '0', null, null, null, '00');
INSERT INTO "VOTE"."EXCEL_CELL" VALUES ('4', '1', '国家/地区', 'country', '0', '2', '00', 'string', null, null);
INSERT INTO "VOTE"."EXCEL_CELL" VALUES ('5', '1', 'SAP编码', 'sapCode', '1', '2', '00', 'string', null, null);
INSERT INTO "VOTE"."EXCEL_CELL" VALUES ('6', '1', '英文名称', 'enName', '2', '2', '00', 'string', null, null);
INSERT INTO "VOTE"."EXCEL_CELL" VALUES ('7', '1', '客户纳税识别码', 'custPatTaxesCode', '3', '2', '00', 'string', null, null);
INSERT INTO "VOTE"."EXCEL_CELL" VALUES ('8', '1', '客户类型', 'custType', '4', '2', '00', 'string', null, null);
INSERT INTO "VOTE"."EXCEL_CELL" VALUES ('9', '1', '地址', 'address', '5', '2', '00', 'string', null, null);
INSERT INTO "VOTE"."EXCEL_CELL" VALUES ('10', '1', '现金管理组', 'cashManagementGroup', '6', '2', '00', 'string', null, null);
INSERT INTO "VOTE"."EXCEL_CELL" VALUES ('11', '1', '付款条件', 'payCondition', '7', '2', '00', 'string', null, null);
INSERT INTO "VOTE"."EXCEL_CELL" VALUES ('12', '1', '行业代码', 'tradeCode', '8', '2', '00', 'string', null, null);
INSERT INTO "VOTE"."EXCEL_CELL" VALUES ('13', '1', '地区市场', 'regionalMarket', '9', '2', '00', 'string', null, null);
INSERT INTO "VOTE"."EXCEL_CELL" VALUES ('14', '1', '主营业务', 'mainBusiness', '10', '2', '00', 'string', null, null);
INSERT INTO "VOTE"."EXCEL_CELL" VALUES ('15', '1', '地区', 'area', '11', '2', '00', 'string', null, null);
INSERT INTO "VOTE"."EXCEL_CELL" VALUES ('16', '1', '客户行业', 'custTrade', '12', '2', '00', 'string', null, null);
INSERT INTO "VOTE"."EXCEL_CELL" VALUES ('17', '1', '结算周期', 'payCycle', '13', '2', '00', 'string', null, null);
INSERT INTO "VOTE"."EXCEL_CELL" VALUES ('18', '1', '是否有效', 'isUseful', '14', '2', '00', 'string', null, null);
INSERT INTO "VOTE"."EXCEL_CELL" VALUES ('19', '1', '集团公司', 'groupCompany', '16', '2', '00', 'string', null, null);
INSERT INTO "VOTE"."EXCEL_CELL" VALUES ('20', '1', 'BG隐藏', 'bgVisiable', '17', '2', '00', 'string', null, null);
INSERT INTO "VOTE"."EXCEL_CELL" VALUES ('21', '1', '公司代码', 'companyCode', '18', '2', '00', 'string', null, null);
INSERT INTO "VOTE"."EXCEL_CELL" VALUES ('22', '1', '公司代码（职能）', 'companyFuncCode', '19', '2', '00', 'string', null, null);
INSERT INTO "VOTE"."EXCEL_CELL" VALUES ('23', '1', '创建日期', 'createTime', '20', '2', '00', 'string', null, null);
INSERT INTO "VOTE"."EXCEL_CELL" VALUES ('108', '11', null, null, '0', '0', null, null, null, '00');
INSERT INTO "VOTE"."EXCEL_CELL" VALUES ('141', '11', null, null, '0', '0', null, null, null, '00');
INSERT INTO "VOTE"."EXCEL_CELL" VALUES ('142', '11', null, null, '0', '0', null, null, null, '00');
INSERT INTO "VOTE"."EXCEL_CELL" VALUES ('81', '11', null, null, '0', '0', null, null, null, '00');
INSERT INTO "VOTE"."EXCEL_CELL" VALUES ('161', '11', null, null, '0', '0', null, null, null, '00');
INSERT INTO "VOTE"."EXCEL_CELL" VALUES ('182', '11', null, null, '0', '0', null, null, null, '00');
INSERT INTO "VOTE"."EXCEL_CELL" VALUES ('64', '11', null, null, '0', '0', null, null, null, '00');
INSERT INTO "VOTE"."EXCEL_CELL" VALUES ('101', '11', null, null, '0', '0', null, null, null, '00');
INSERT INTO "VOTE"."EXCEL_CELL" VALUES ('102', '11', null, null, '0', '0', null, null, null, '00');
INSERT INTO "VOTE"."EXCEL_CELL" VALUES ('103', '11', null, null, '0', '0', null, null, null, '00');
INSERT INTO "VOTE"."EXCEL_CELL" VALUES ('104', '11', null, null, '0', '0', null, null, null, '00');
INSERT INTO "VOTE"."EXCEL_CELL" VALUES ('105', '11', null, null, '0', '0', null, null, null, '00');
INSERT INTO "VOTE"."EXCEL_CELL" VALUES ('106', '11', null, null, '0', '0', null, null, null, '00');
INSERT INTO "VOTE"."EXCEL_CELL" VALUES ('109', '11', null, null, '0', '0', null, null, null, '00');
INSERT INTO "VOTE"."EXCEL_CELL" VALUES ('164', '11', null, null, '0', '0', null, null, null, '00');
INSERT INTO "VOTE"."EXCEL_CELL" VALUES ('166', '11', null, null, '0', '0', null, null, null, '00');
INSERT INTO "VOTE"."EXCEL_CELL" VALUES ('183', '11', null, null, '0', '0', null, null, null, '00');
INSERT INTO "VOTE"."EXCEL_CELL" VALUES ('185', '11', null, null, '0', '0', null, null, null, '00');
INSERT INTO "VOTE"."EXCEL_CELL" VALUES ('62', '11', null, null, '0', '0', null, null, null, '00');
INSERT INTO "VOTE"."EXCEL_CELL" VALUES ('65', '11', null, null, '0', '0', null, null, null, '00');
INSERT INTO "VOTE"."EXCEL_CELL" VALUES ('110', '11', null, null, '0', '0', null, null, null, '00');
INSERT INTO "VOTE"."EXCEL_CELL" VALUES ('181', '11', null, null, '0', '0', null, null, null, '00');
INSERT INTO "VOTE"."EXCEL_CELL" VALUES ('184', '11', null, null, '0', '0', null, null, null, '00');
INSERT INTO "VOTE"."EXCEL_CELL" VALUES ('186', '11', null, null, '0', '0', null, null, null, '00');

-- ----------------------------
-- Table structure for EXCEL_FILE
-- ----------------------------
DROP TABLE "VOTE"."EXCEL_FILE";
CREATE TABLE "VOTE"."EXCEL_FILE" (
"EXCEL_FILE_ID" NUMBER(10) NOT NULL ,
"EXCEL_FILE_CN_NAME" VARCHAR2(255 BYTE) NULL ,
"EXCEL_FILE_EN_NAME" VARCHAR2(255 BYTE) NULL ,
"EXCEL_DESCRIPTE" VARCHAR2(255 BYTE) NULL ,
"REMARK" VARCHAR2(255 BYTE) NULL 
)
LOGGING
NOCOMPRESS
NOCACHE

;

-- ----------------------------
-- Records of EXCEL_FILE
-- ----------------------------
INSERT INTO "VOTE"."EXCEL_FILE" VALUES ('1', '客户表', 'cust', null, null);

-- ----------------------------
-- Table structure for EXCEL_SHEET
-- ----------------------------
DROP TABLE "VOTE"."EXCEL_SHEET";
CREATE TABLE "VOTE"."EXCEL_SHEET" (
"EXCEL_SHEET_ID" NUMBER(10) NOT NULL ,
"EXCEL_FILE_ID" NUMBER(10) NULL ,
"EXCEL_SHEET_CN_NAME" VARCHAR2(255 BYTE) NULL ,
"EXCEL_SHEET_EN_NAME" VARCHAR2(255 BYTE) NULL ,
"REMARK" VARCHAR2(255 BYTE) NULL ,
"IS_VALID" CHAR(2 BYTE) DEFAULT 00  NULL 
)
LOGGING
NOCOMPRESS
NOCACHE

;

-- ----------------------------
-- Records of EXCEL_SHEET
-- ----------------------------
INSERT INTO "VOTE"."EXCEL_SHEET" VALUES ('1', '1', '客户表', 'cust', null, '0 ');

-- ----------------------------
-- Table structure for FILE_TYPE_CFG
-- ----------------------------
DROP TABLE "VOTE"."FILE_TYPE_CFG";
CREATE TABLE "VOTE"."FILE_TYPE_CFG" (
"ID" NUMBER(16) NOT NULL ,
"TRAN_TYPE" VARCHAR2(10 BYTE) NOT NULL ,
"FILE_TYPE" VARCHAR2(512 BYTE) NOT NULL 
)
LOGGING
NOCOMPRESS
NOCACHE

;
COMMENT ON TABLE "VOTE"."FILE_TYPE_CFG" IS '附件类型配置表';
COMMENT ON COLUMN "VOTE"."FILE_TYPE_CFG"."TRAN_TYPE" IS '业务分类';
COMMENT ON COLUMN "VOTE"."FILE_TYPE_CFG"."FILE_TYPE" IS '要件分类';

-- ----------------------------
-- Records of FILE_TYPE_CFG
-- ----------------------------

-- ----------------------------
-- Table structure for FILE_UPLOAD
-- ----------------------------
DROP TABLE "VOTE"."FILE_UPLOAD";
CREATE TABLE "VOTE"."FILE_UPLOAD" (
"FILE_ID" NUMBER(16) NOT NULL ,
"OLD_FILE_NAME" VARCHAR2(128 BYTE) NULL ,
"FILE_NAME" VARCHAR2(128 BYTE) NULL ,
"UPLOAD_DATE" VARCHAR2(80 BYTE) NULL ,
"FILE_ADDRE" VARCHAR2(256 BYTE) NULL ,
"FILE_TYPE_ID" NUMBER(16) NULL ,
"FILE_TYPE" VARCHAR2(512 BYTE) NULL ,
"FILE_SIZE" NUMBER(10) NULL ,
"FILE_STS" VARCHAR2(2 BYTE) NULL ,
"UPLOAD_USER" VARCHAR2(126 BYTE) NULL ,
"RELA_TABLE" VARCHAR2(60 BYTE) NULL ,
"RELA_TAB_ID" NUMBER(16) NULL 
)
LOGGING
NOCOMPRESS
NOCACHE

;
COMMENT ON TABLE "VOTE"."FILE_UPLOAD" IS '文件上传';
COMMENT ON COLUMN "VOTE"."FILE_UPLOAD"."FILE_ID" IS '文件ID';
COMMENT ON COLUMN "VOTE"."FILE_UPLOAD"."OLD_FILE_NAME" IS '老文件名称';
COMMENT ON COLUMN "VOTE"."FILE_UPLOAD"."FILE_NAME" IS '文件名称';
COMMENT ON COLUMN "VOTE"."FILE_UPLOAD"."UPLOAD_DATE" IS '上传时间';
COMMENT ON COLUMN "VOTE"."FILE_UPLOAD"."FILE_ADDRE" IS '文件地址';
COMMENT ON COLUMN "VOTE"."FILE_UPLOAD"."FILE_TYPE" IS '文件类型';
COMMENT ON COLUMN "VOTE"."FILE_UPLOAD"."FILE_STS" IS '文件状态';
COMMENT ON COLUMN "VOTE"."FILE_UPLOAD"."UPLOAD_USER" IS '上传人';
COMMENT ON COLUMN "VOTE"."FILE_UPLOAD"."RELA_TABLE" IS '关联表';
COMMENT ON COLUMN "VOTE"."FILE_UPLOAD"."RELA_TAB_ID" IS '关联表ID';

-- ----------------------------
-- Records of FILE_UPLOAD
-- ----------------------------

-- ----------------------------
-- Table structure for MENU_INFO
-- ----------------------------
DROP TABLE "VOTE"."MENU_INFO";
CREATE TABLE "VOTE"."MENU_INFO" (
"MENU_ID" NUMBER(16) NOT NULL ,
"MENU_NAME" VARCHAR2(64 BYTE) NULL ,
"PARENT_ID" NUMBER(16) NULL ,
"MENU_URL" VARCHAR2(264 BYTE) NULL ,
"OPER_USER" NUMBER(16) NULL ,
"MENU_LEVEL" CHAR(1 BYTE) NULL ,
"TM_SMP" VARCHAR2(14 BYTE) NULL ,
"CSS_ICON" VARCHAR2(125 BYTE) NULL ,
"SORT_NUM" NUMBER(2) NULL ,
"IS_HOME" VARCHAR2(2 BYTE) NULL ,
"HOME_ICON" VARCHAR2(60 BYTE) NULL 
)
LOGGING
NOCOMPRESS
NOCACHE

;

-- ----------------------------
-- Records of MENU_INFO
-- ----------------------------
INSERT INTO "VOTE"."MENU_INFO" VALUES ('1085', '销售团队管理', '1026', '/project/sellTeam/index', '1000', '2', '20181101', 'icon-list', null, null, null);
INSERT INTO "VOTE"."MENU_INFO" VALUES ('1064', '测试上传', '1026', '/excel/uploadFileView', '1000', '2', '20181028', 'icon-list', null, null, null);
INSERT INTO "VOTE"."MENU_INFO" VALUES ('1084', '公司管理', '1026', '/project/company/index', '1000', '2', '20181031', 'icon-list', null, null, null);
INSERT INTO "VOTE"."MENU_INFO" VALUES ('1066', '客户群管理', '1026', '/project/customerGroup/index', '22', '2', '20181103', 'icon-list', '2', null, null);
INSERT INTO "VOTE"."MENU_INFO" VALUES ('1044', '客户管理', '1026', '/project/customer/index', '22', '2', '20181103', 'icon-list', '1', null, null);
INSERT INTO "VOTE"."MENU_INFO" VALUES ('1087', '产品管理', '1026', '/project/product/index', '1000', '2', '20181101', 'icon-list', null, null, null);
INSERT INTO "VOTE"."MENU_INFO" VALUES ('100001', '系统管理', '0', null, '22', '1', '20181103', 'icon-list', null, null, null);
INSERT INTO "VOTE"."MENU_INFO" VALUES ('100002', '用户管理', '100001', '/usr/qryUsrInfo', '1', '2', '20170227', null, null, null, null);
INSERT INTO "VOTE"."MENU_INFO" VALUES ('100004', '菜单管理', '100001', '/menu/qryViewInfo', '10171', '2', '20170227', null, null, null, null);
INSERT INTO "VOTE"."MENU_INFO" VALUES ('100008', '角色管理', '100001', '/role/qryRoleInfo', '1', '2', '20170227', null, null, null, null);
INSERT INTO "VOTE"."MENU_INFO" VALUES ('100007', '机构管理', '100001', '/org/qryOrgInfo', '1', '2', '20170227', null, null, null, null);
INSERT INTO "VOTE"."MENU_INFO" VALUES ('100003', '参数管理', '100001', '/para/qryParamsInfo', '1', '2', '20170227', null, null, null, null);
INSERT INTO "VOTE"."MENU_INFO" VALUES ('100005', '数据字典', '100001', '/code/qryCodeData', '1', '2', '20170227', null, null, null, null);
INSERT INTO "VOTE"."MENU_INFO" VALUES ('1026', '实施管理', '0', null, '22', '1', '20181103', 'icon-list', '2', null, null);
INSERT INTO "VOTE"."MENU_INFO" VALUES ('1020', '房屋信息', '1000', '/house/index', '1000', '9', '20180821', 'icon-list', '91', 'Y', 'wyyfpz.png');
INSERT INTO "VOTE"."MENU_INFO" VALUES ('1021', '小区信息', '1000', '/sect/index', '1000', '9', '20180821', 'icon-list', '92', 'Y', 'sect.png');
INSERT INTO "VOTE"."MENU_INFO" VALUES ('1022', '议题管理', '1000', '/apply/index', '1000', '9', '20180821', 'icon-list', '93', 'Y', 'pbzxm.png');
INSERT INTO "VOTE"."MENU_INFO" VALUES ('1023', '投票管理', '1000', '/result/index', '1000', '9', '20180821', 'icon-list', '94', 'Y', 'qrzbhxr.png');
INSERT INTO "VOTE"."MENU_INFO" VALUES ('1028', '投标管理', '1026', '/project/tender/index', '1000', '2', '20181104', 'icon-list', '3', null, null);
INSERT INTO "VOTE"."MENU_INFO" VALUES ('1145', '项目管理', '1026', '/project/project/index', '1000', '2', '20181109', 'icon-list', '9', null, null);
INSERT INTO "VOTE"."MENU_INFO" VALUES ('1124', '投标评审管理', '1026', '/project/tenderReview/index', '1000', '2', '20181104', 'icon-list', null, null, null);
INSERT INTO "VOTE"."MENU_INFO" VALUES ('1144', '审批', '1026', '/project/tenderReview/index', '1000', '2', '20181108', 'icon-list', '8', null, null);

-- ----------------------------
-- Table structure for ORG_INFO
-- ----------------------------
DROP TABLE "VOTE"."ORG_INFO";
CREATE TABLE "VOTE"."ORG_INFO" (
"PARENT_ORG_NO" NUMBER(16) NULL ,
"PARENT_ORG_NAME" VARCHAR2(124 BYTE) NULL ,
"ORG_NO" NUMBER(16) NOT NULL ,
"ORG_NAME" VARCHAR2(124 BYTE) NOT NULL ,
"ORG_TYPE" CHAR(2 BYTE) NOT NULL ,
"ADDRES" VARCHAR2(256 BYTE) NULL ,
"TEL_NO" VARCHAR2(40 BYTE) NULL ,
"OPER_USR" VARCHAR2(64 BYTE) NULL ,
"TM_SMP" VARCHAR2(14 BYTE) NULL ,
"ORG_STATUS" CHAR(1 BYTE) NOT NULL ,
"LINK_MAN" VARCHAR2(40 BYTE) NULL ,
"EMAIL" VARCHAR2(40 BYTE) NULL ,
"POST_CODE" VARCHAR2(6 BYTE) NULL ,
"REMARK" VARCHAR2(512 BYTE) NULL 
)
LOGGING
NOCOMPRESS
NOCACHE

;
COMMENT ON TABLE "VOTE"."ORG_INFO" IS '组织机构表';
COMMENT ON COLUMN "VOTE"."ORG_INFO"."PARENT_ORG_NO" IS '上级单位ID';
COMMENT ON COLUMN "VOTE"."ORG_INFO"."PARENT_ORG_NAME" IS '上级单位名称';
COMMENT ON COLUMN "VOTE"."ORG_INFO"."ORG_NO" IS '单位ID';
COMMENT ON COLUMN "VOTE"."ORG_INFO"."ORG_NAME" IS '单位名称';
COMMENT ON COLUMN "VOTE"."ORG_INFO"."ORG_TYPE" IS '01：市局
02：区(市/县)
03：街道
04：鉴定中心
05：鉴定机构';
COMMENT ON COLUMN "VOTE"."ORG_INFO"."ADDRES" IS '办公地址';
COMMENT ON COLUMN "VOTE"."ORG_INFO"."TEL_NO" IS '联系电话';
COMMENT ON COLUMN "VOTE"."ORG_INFO"."OPER_USR" IS '创建人';
COMMENT ON COLUMN "VOTE"."ORG_INFO"."TM_SMP" IS '创建日期';
COMMENT ON COLUMN "VOTE"."ORG_INFO"."ORG_STATUS" IS '0：正常、1：禁用、2：注销';
COMMENT ON COLUMN "VOTE"."ORG_INFO"."LINK_MAN" IS '联系人';
COMMENT ON COLUMN "VOTE"."ORG_INFO"."EMAIL" IS 'EMAIL地址';
COMMENT ON COLUMN "VOTE"."ORG_INFO"."POST_CODE" IS '邮政编码';
COMMENT ON COLUMN "VOTE"."ORG_INFO"."REMARK" IS '备注';

-- ----------------------------
-- Records of ORG_INFO
-- ----------------------------
INSERT INTO "VOTE"."ORG_INFO" VALUES ('1000', null, '1', '交付中心', '02', '上海市长宁区天山路8号', '13711111111', 'username', '20181103', '2', 'PMS_管理员（娄）', 'mailwork_sh@163.com', '201201', '交付中心');
INSERT INTO "VOTE"."ORG_INFO" VALUES ('0', null, '1000', '金融政府事业群', '01', '上海市长宁区天山路8号', '13711111111', 'username', '20181103', '0', 'PMS_管理员（娄）', 'mailwork_sh@163.com', '201201', '金融政府服务部');
INSERT INTO "VOTE"."ORG_INFO" VALUES ('1000', null, '2', '销售中心', '02', '上海市长宁区天山路8号', '13711111111', 'username', '20181103', '0', 'PMS_管理员（娄）', 'mailwork_sh@163.com', '201201', '销售中心');
INSERT INTO "VOTE"."ORG_INFO" VALUES ('1000', null, '5', '管理中心', '02', '上海市长宁区天山路8号', '13711111111', 'username', '20181103', '0', 'PMS_管理员（娄）', 'mailwork_sh@163.com', '201201', '交付中心');
INSERT INTO "VOTE"."ORG_INFO" VALUES ('1', null, '9', '事业部', '02', null, null, null, null, '0', null, null, null, null);
INSERT INTO "VOTE"."ORG_INFO" VALUES ('9', null, '10', '开发部', '03', null, null, null, null, '0', null, null, null, null);
INSERT INTO "VOTE"."ORG_INFO" VALUES ('2', null, '6', '二级机构', '02', '测试中心', null, null, null, '0', null, null, null, null);
INSERT INTO "VOTE"."ORG_INFO" VALUES ('2', null, '7', '二级机构二号', '02', null, null, null, null, '0', null, null, null, null);
INSERT INTO "VOTE"."ORG_INFO" VALUES ('7', null, '8', '三级机构一号', '02', null, null, null, null, '0', null, null, null, null);

-- ----------------------------
-- Table structure for PARAMS_INFO
-- ----------------------------
DROP TABLE "VOTE"."PARAMS_INFO";
CREATE TABLE "VOTE"."PARAMS_INFO" (
"PARAMS_NO" VARCHAR2(64 BYTE) NOT NULL ,
"PARAMS_NAME" VARCHAR2(128 BYTE) NULL ,
"PARAMS_VAL" VARCHAR2(64 BYTE) NULL ,
"PARAMS_TYPE" VARCHAR2(10 BYTE) NULL ,
"TM_SMP" VARCHAR2(14 BYTE) NULL ,
"REMARK" VARCHAR2(512 BYTE) NULL 
)
LOGGING
NOCOMPRESS
NOCACHE

;
COMMENT ON TABLE "VOTE"."PARAMS_INFO" IS '参数信息表';
COMMENT ON COLUMN "VOTE"."PARAMS_INFO"."PARAMS_NO" IS '参数代码';
COMMENT ON COLUMN "VOTE"."PARAMS_INFO"."PARAMS_NAME" IS '参数名称(作用)';
COMMENT ON COLUMN "VOTE"."PARAMS_INFO"."PARAMS_VAL" IS '参数值';
COMMENT ON COLUMN "VOTE"."PARAMS_INFO"."PARAMS_TYPE" IS '参数类别';
COMMENT ON COLUMN "VOTE"."PARAMS_INFO"."TM_SMP" IS '创建时间';
COMMENT ON COLUMN "VOTE"."PARAMS_INFO"."REMARK" IS '备注';

-- ----------------------------
-- Records of PARAMS_INFO
-- ----------------------------
INSERT INTO "VOTE"."PARAMS_INFO" VALUES ('APPID', '公众号测试APPID', 'wx0faa55f1a53f29c5', '02', '20180814', null);
INSERT INTO "VOTE"."PARAMS_INFO" VALUES ('CodeFormat', '编码格式', 'GBK', '01', '20180207', null);
INSERT INTO "VOTE"."PARAMS_INFO" VALUES ('TOKEN', '公众号测试token', '11111111', '02', '20180814', null);
INSERT INTO "VOTE"."PARAMS_INFO" VALUES ('SECRET', '公众号测试SECRET', 'a9a586b82bfb51e89a35a51a443d517f', '02', '20180814', null);
INSERT INTO "VOTE"."PARAMS_INFO" VALUES ('TOKEN_p', '公众号TOKEN', '11111111', '02', '20180814', null);
INSERT INTO "VOTE"."PARAMS_INFO" VALUES ('APPID_p', '公众号APPID', 'wxa9609c08ed16b241', '02', '20180814', null);
INSERT INTO "VOTE"."PARAMS_INFO" VALUES ('SECRET_p', '公众号SECRET', '2001c26e9235d66353bcc554d51eca1a', '02', '20180814', null);

-- ----------------------------
-- Table structure for PM_COMPANY_INFO
-- ----------------------------
DROP TABLE "VOTE"."PM_COMPANY_INFO";
CREATE TABLE "VOTE"."PM_COMPANY_INFO" (
"COMPANY_CODE" VARCHAR2(32 BYTE) NOT NULL ,
"COMPANY_NAME" VARCHAR2(256 BYTE) NOT NULL ,
"COMPANY_ADDRESS" VARCHAR2(512 BYTE) NULL ,
"REMARK" VARCHAR2(256 BYTE) NULL ,
"CREATOR_ID" NUMBER(10) NULL ,
"CREATE_TIME" VARCHAR2(32 BYTE) NULL ,
"MODIFIER" NUMBER(10) NULL ,
"MODIFY_TIME" VARCHAR2(32 BYTE) NULL ,
"IS_DELETE" CHAR(2 BYTE) NULL 
)
LOGGING
NOCOMPRESS
NOCACHE

;

-- ----------------------------
-- Records of PM_COMPANY_INFO
-- ----------------------------
INSERT INTO "VOTE"."PM_COMPANY_INFO" VALUES ('asdasd', '公司名称', '大苏打', '备注', null, null, '22', null, null);
INSERT INTO "VOTE"."PM_COMPANY_INFO" VALUES ('100000', '测试公司', '地址', '备注', '22', null, null, null, '00');

-- ----------------------------
-- Table structure for PM_CONFIRM_BID
-- ----------------------------
DROP TABLE "VOTE"."PM_CONFIRM_BID";
CREATE TABLE "VOTE"."PM_CONFIRM_BID" (
"BID_ID" NUMBER(10) NOT NULL ,
"BID_NAME" VARCHAR2(128 BYTE) NULL ,
"FIRST_BID_AMOUNT" NUMBER(10,2) NULL ,
"PREDICT_AMOUNT" NUMBER(10,2) NULL ,
"PREDICT_COST" NUMBER(10,2) NULL ,
"PREDICT_PROFIT_RATE" NUMBER(10,4) NULL ,
"PREDICT_PERIOD_END" VARCHAR2(32 BYTE) NULL ,
"CUST_ID" NUMBER(10) NULL ,
"CUST_CN_NAME" VARCHAR2(256 BYTE) NULL ,
"CUST_SAP_CODE" VARCHAR2(128 BYTE) NULL ,
"CONSTRUCTION_DEPT_ID" NUMBER(16) NULL ,
"CONSTRUCTION_DEPT_NAME" VARCHAR2(256 BYTE) NULL ,
"SELL_DEPT_ID" NUMBER(16) NULL ,
"SELL_DEPT_NAME" VARCHAR2(128 BYTE) NULL ,
"CUST_MANAGER_ID" NUMBER(10) NULL ,
"CUST_MANAGER_NAME" VARCHAR2(64 BYTE) NULL ,
"TECHNICAL_DIRECTOR_ID" NUMBER(10) NULL ,
"TECHNICAL_DIRECTOR_NAME" VARCHAR2(256 BYTE) NULL ,
"SELL_DEPT_MANAGER_NAME" VARCHAR2(256 BYTE) NULL ,
"SELL_DEPT_MANAGER_ID" NUMBER(10) NULL ,
"CONSTRUCTION_DEPT_MANAGER_NAME" VARCHAR2(256 BYTE) NULL ,
"CONSTRUCTION_DEPT_MANAGER_ID" NUMBER(10) NULL ,
"STATUS" CHAR(2 BYTE) NULL ,
"IS_WORK_AREA_EXPLICIT" CHAR(2 BYTE) NULL ,
"IS_CHECKED" CHAR(2 BYTE) NULL ,
"REMARK" VARCHAR2(256 BYTE) NULL ,
"PAYMENT_POINT" VARCHAR2(512 BYTE) NULL ,
"CREATOR_ID" NUMBER(10) NULL ,
"CREATE_TIME" VARCHAR2(32 BYTE) NULL ,
"MODIFIER" NUMBER(10) NULL ,
"MODIFY_TIME" VARCHAR2(32 BYTE) NULL ,
"IS_DELETE" CHAR(2 BYTE) NULL ,
"PREDICT_PERIOD_START" VARCHAR2(32 BYTE) NULL 
)
LOGGING
NOCOMPRESS
NOCACHE

;

-- ----------------------------
-- Records of PM_CONFIRM_BID
-- ----------------------------
INSERT INTO "VOTE"."PM_CONFIRM_BID" VALUES ('11', '测试发起评审', '1', '3', '2', '4', null, '392', '中国农业银行股份有限公司嘉兴南湖支行', '1000001247', '5', '管理中心', '1000', '金融政府事业群', '1000', '系统管理员', '22', '系统管理员_TEST2', '系统管理员', '1000', '系统管理员', '1000', '04', '00', null, null, 'asdasdas', '22', '20181109212715', '22', '20181109234347', '00', null);
INSERT INTO "VOTE"."PM_CONFIRM_BID" VALUES ('3', 'asd', '1', '2', '3', '4', null, null, null, null, null, null, null, null, null, null, null, null, null, null, null, null, '01', null, null, 'asdasda', 'dasd', '22', '20181108230353', '22', '20181109212602', '00', null);
INSERT INTO "VOTE"."PM_CONFIRM_BID" VALUES ('1', '名称', '1', '1', '2', '3', null, '390', '中广核新能源投资（深圳）有限公司北京分公司', '1000001264', '2', '销售中心', '5', '管理中心', '1000', '系统管理员', '1000', '系统管理员', '系统管理员', '1000', '系统管理员', '1000', '02', '00', null, null, 'ddddddddd', '1000', '20181108220614', '22', '20181109234919', '00', null);
INSERT INTO "VOTE"."PM_CONFIRM_BID" VALUES ('6', 'asda', null, null, null, null, null, null, null, null, null, null, null, null, null, null, null, null, null, null, null, null, null, null, null, 'das', null, '1000', '20181108232325', null, null, '00', null);
INSERT INTO "VOTE"."PM_CONFIRM_BID" VALUES ('7', 'asdas', null, null, null, null, null, null, null, null, null, null, null, null, null, null, null, null, null, null, null, null, '01', null, null, null, null, '1000', '20181108232456', '22', '20181109212907', '00', null);
INSERT INTO "VOTE"."PM_CONFIRM_BID" VALUES ('8', 'asdasd', null, null, null, null, null, null, null, null, null, null, null, null, null, null, null, null, null, null, null, null, null, null, null, null, null, '1000', '20181108232557', null, null, '00', null);
INSERT INTO "VOTE"."PM_CONFIRM_BID" VALUES ('2', 'asda', '1', '3', '2', '4', null, null, null, null, '5', '管理中心', '2', '销售中心', '41', 'PMS_管理员（娄）', '22', '系统管理员_TEST2', '系统管理员', '1000', '系统管理员', '1000', null, null, null, 'ddd', 'dasdasda', '1000', '20181108230208', null, null, '00', null);
INSERT INTO "VOTE"."PM_CONFIRM_BID" VALUES ('9', 'asdasda', null, null, null, null, null, null, null, null, null, null, null, null, null, null, null, null, null, null, null, null, null, null, null, null, null, '22', '20181108232839', null, null, '00', null);
INSERT INTO "VOTE"."PM_CONFIRM_BID" VALUES ('10', 'asda', null, null, null, null, null, null, null, null, null, null, null, null, null, null, null, null, null, null, null, null, null, null, null, null, null, '22', '20181108233633', null, null, '00', null);

-- ----------------------------
-- Table structure for PM_CUSTOMER_GROUP
-- ----------------------------
DROP TABLE "VOTE"."PM_CUSTOMER_GROUP";
CREATE TABLE "VOTE"."PM_CUSTOMER_GROUP" (
"CUST_GROUP_ID" VARCHAR2(16 BYTE) NOT NULL ,
"CUST_GROUP_NAME" VARCHAR2(256 BYTE) NULL ,
"CREATOR" VARCHAR2(256 BYTE) NULL ,
"CREATOR_ID" NUMBER(10) NULL ,
"CREATE_TIME" VARCHAR2(32 BYTE) NULL ,
"MODIFIER" NUMBER(10) NULL ,
"MODIFY_TIME" VARCHAR2(32 BYTE) NULL ,
"IS_DELETE" CHAR(2 BYTE) NULL 
)
LOGGING
NOCOMPRESS
NOCACHE

;

-- ----------------------------
-- Records of PM_CUSTOMER_GROUP
-- ----------------------------
INSERT INTO "VOTE"."PM_CUSTOMER_GROUP" VALUES ('201811039615', 'asdas', '系统管理员', '1000', null, '1000', null, '01');
INSERT INTO "VOTE"."PM_CUSTOMER_GROUP" VALUES ('201811039721', 'testGrouptttt', '系统管理员', '1000', null, '1000', null, '01');
INSERT INTO "VOTE"."PM_CUSTOMER_GROUP" VALUES ('201811034593', '敖德萨', '系统管理员', '1000', null, '1000', null, '00');
INSERT INTO "VOTE"."PM_CUSTOMER_GROUP" VALUES ('201811036859', '2313', '系统管理员', '1000', null, '1000', null, '00');
INSERT INTO "VOTE"."PM_CUSTOMER_GROUP" VALUES ('201811033643', '123-----;"', '系统管理员', '1000', null, '1000', null, '01');
INSERT INTO "VOTE"."PM_CUSTOMER_GROUP" VALUES ('KH201811050204', '客户群', '系统管理员_TEST2', '22', null, null, null, '00');
INSERT INTO "VOTE"."PM_CUSTOMER_GROUP" VALUES ('201811034512', 'ssss', '系统管理员', '1000', null, '22', null, '01');
INSERT INTO "VOTE"."PM_CUSTOMER_GROUP" VALUES ('201811038225', 'aasda', '系统管理员', '1000', null, '1000', null, '00');
INSERT INTO "VOTE"."PM_CUSTOMER_GROUP" VALUES ('201811032744', '客户群名称', '系统管理员_TEST2', '22', null, '22', null, '00');

-- ----------------------------
-- Table structure for PM_CUSTOMER_GROUP_RELATION
-- ----------------------------
DROP TABLE "VOTE"."PM_CUSTOMER_GROUP_RELATION";
CREATE TABLE "VOTE"."PM_CUSTOMER_GROUP_RELATION" (
"CUST_GROUP_RELATION_ID" NUMBER(10) NOT NULL ,
"CUST_GROUP_ID" VARCHAR2(16 BYTE) NULL ,
"CUST_ID" NUMBER(10) NULL ,
"CUST_CN_NAME" VARCHAR2(256 BYTE) NULL ,
"SAP_CODE" VARCHAR2(128 BYTE) NULL 
)
LOGGING
NOCOMPRESS
NOCACHE

;

-- ----------------------------
-- Records of PM_CUSTOMER_GROUP_RELATION
-- ----------------------------
INSERT INTO "VOTE"."PM_CUSTOMER_GROUP_RELATION" VALUES ('1', '201811039615', '44', '撒大蘇打', 'aaa');
INSERT INTO "VOTE"."PM_CUSTOMER_GROUP_RELATION" VALUES ('27', '201811039721', '61', '中国工商银行股份有限公司南通分行', '10000022072');
INSERT INTO "VOTE"."PM_CUSTOMER_GROUP_RELATION" VALUES ('51', '201811034593', '61', '中国工商银行股份有限公司南通分行', '10000022072');
INSERT INTO "VOTE"."PM_CUSTOMER_GROUP_RELATION" VALUES ('66', '201811033643', '44', '撒大蘇打', 'aaa');
INSERT INTO "VOTE"."PM_CUSTOMER_GROUP_RELATION" VALUES ('55', '201811036859', '44', '撒大蘇打', 'aaa');
INSERT INTO "VOTE"."PM_CUSTOMER_GROUP_RELATION" VALUES ('60', '201811034512', '44', '撒大蘇打', 'aaa');
INSERT INTO "VOTE"."PM_CUSTOMER_GROUP_RELATION" VALUES ('54', '201811036859', '61', '中国工商银行股份有限公司南通分行', '10000022072');
INSERT INTO "VOTE"."PM_CUSTOMER_GROUP_RELATION" VALUES ('61', '201811034512', '61', '中国工商银行股份有限公司南通分行', '10000022072');
INSERT INTO "VOTE"."PM_CUSTOMER_GROUP_RELATION" VALUES ('67', '201811033643', '61', '中国工商银行股份有限公司南通分行', '10000022072');
INSERT INTO "VOTE"."PM_CUSTOMER_GROUP_RELATION" VALUES ('164', '201811032744', '390', '中广核新能源投资（深圳）有限公司北京分公司', '1000001264');
INSERT INTO "VOTE"."PM_CUSTOMER_GROUP_RELATION" VALUES ('85', 'KH201811050204', '390', '中广核新能源投资（深圳）有限公司北京分公司', '1000001264');
INSERT INTO "VOTE"."PM_CUSTOMER_GROUP_RELATION" VALUES ('165', '201811032744', '393', '北京鑫运联合科技有限公司', '1000001230');
INSERT INTO "VOTE"."PM_CUSTOMER_GROUP_RELATION" VALUES ('86', 'KH201811050204', '391', '长城（天津）股权投资基金管理有限责任公司', '1000001257');
INSERT INTO "VOTE"."PM_CUSTOMER_GROUP_RELATION" VALUES ('166', '201811032744', '394', '众邦金控投资有限公司', '1000001218');
INSERT INTO "VOTE"."PM_CUSTOMER_GROUP_RELATION" VALUES ('167', '201811032744', '430', '中广核服务集团有限公司', '1000000253');
INSERT INTO "VOTE"."PM_CUSTOMER_GROUP_RELATION" VALUES ('168', '201811032744', '320', '南通双阳软件科技有限公司', '1000001912');
INSERT INTO "VOTE"."PM_CUSTOMER_GROUP_RELATION" VALUES ('169', '201811032744', '321', '南京亚软信息技术有限公司', '1000001911');
INSERT INTO "VOTE"."PM_CUSTOMER_GROUP_RELATION" VALUES ('170', '201811032744', '322', '嘉兴市住房保障局', '1000001910');
INSERT INTO "VOTE"."PM_CUSTOMER_GROUP_RELATION" VALUES ('171', '201811032744', '323', '天安财产保险股份有限公司', '1000001904');
INSERT INTO "VOTE"."PM_CUSTOMER_GROUP_RELATION" VALUES ('172', '201811032744', '324', '中国再保险（集团）股份有限公司', '1000001899');
INSERT INTO "VOTE"."PM_CUSTOMER_GROUP_RELATION" VALUES ('173', '201811032744', '325', '中国广核能源国际控股有限公司', '1000001892');
INSERT INTO "VOTE"."PM_CUSTOMER_GROUP_RELATION" VALUES ('174', '201811032744', '331', '全国水产技术推广总站', '1000001838');
INSERT INTO "VOTE"."PM_CUSTOMER_GROUP_RELATION" VALUES ('175', '201811032744', '335', '国义招标股份有限公司', '1000001823');
INSERT INTO "VOTE"."PM_CUSTOMER_GROUP_RELATION" VALUES ('176', '201811032744', '336', '中国建设银行股份有限公司上海普陀支行', '1000001818');
INSERT INTO "VOTE"."PM_CUSTOMER_GROUP_RELATION" VALUES ('177', '201811032744', '337', '山西炬飞科贸有限公司', '1000001814');
INSERT INTO "VOTE"."PM_CUSTOMER_GROUP_RELATION" VALUES ('178', '201811032744', '338', '北京兴融信息技术有限公司', '1000001802');
INSERT INTO "VOTE"."PM_CUSTOMER_GROUP_RELATION" VALUES ('179', '201811032744', '339', '中国远东国际招标有限公司', '1000001797');
INSERT INTO "VOTE"."PM_CUSTOMER_GROUP_RELATION" VALUES ('180', '201811032744', '340', '深圳市星河智善互联网技术有限公司', '1000001796');
INSERT INTO "VOTE"."PM_CUSTOMER_GROUP_RELATION" VALUES ('181', '201811032744', '341', '广东有德招标采购有限公司东莞分公司', '1000001795');
INSERT INTO "VOTE"."PM_CUSTOMER_GROUP_RELATION" VALUES ('182', '201811032744', '342', '宁波合创智能科技有限公司', '1000001787');
INSERT INTO "VOTE"."PM_CUSTOMER_GROUP_RELATION" VALUES ('183', '201811032744', '343', '广东新禾道信息科技有限公司', '1000001779');
INSERT INTO "VOTE"."PM_CUSTOMER_GROUP_RELATION" VALUES ('184', '201811032744', '344', '浙江奥维数据技术有限公司', '1000001775');
INSERT INTO "VOTE"."PM_CUSTOMER_GROUP_RELATION" VALUES ('185', '201811032744', '345', '深圳市雷鸟信息科技有限公司', '1000001766');
INSERT INTO "VOTE"."PM_CUSTOMER_GROUP_RELATION" VALUES ('186', '201811032744', '346', '广州银行股份有限公司', '1000001757');
INSERT INTO "VOTE"."PM_CUSTOMER_GROUP_RELATION" VALUES ('187', '201811032744', '347', '国信招标集团股份有限公司湖北分公司', '1000001738');
INSERT INTO "VOTE"."PM_CUSTOMER_GROUP_RELATION" VALUES ('188', '201811032744', '348', '华西证券股份有限公司', '1000001734');
INSERT INTO "VOTE"."PM_CUSTOMER_GROUP_RELATION" VALUES ('189', '201811032744', '349', '南通市房地产交易服务中心有限公司', '1000001719');
INSERT INTO "VOTE"."PM_CUSTOMER_GROUP_RELATION" VALUES ('190', '201811032744', '350', '宜昌市智慧城市建设办公室', '1000001703');
INSERT INTO "VOTE"."PM_CUSTOMER_GROUP_RELATION" VALUES ('191', '201811032744', '351', '湖北恒基建设工程项目管理有限公司宜昌分公司', '1000001699');
INSERT INTO "VOTE"."PM_CUSTOMER_GROUP_RELATION" VALUES ('192', '201811032744', '352', '湖北恒基建设工程项目管理有限公司', '1000001697');
INSERT INTO "VOTE"."PM_CUSTOMER_GROUP_RELATION" VALUES ('193', '201811032744', '353', '江苏省渔业技术推广中心', '1000001693');
INSERT INTO "VOTE"."PM_CUSTOMER_GROUP_RELATION" VALUES ('194', '201811032744', '354', '深圳数位传媒科技有限公司', '1000001682');
INSERT INTO "VOTE"."PM_CUSTOMER_GROUP_RELATION" VALUES ('195', '201811032744', '355', '嘉善县住房和城乡规划建设局', '1000001674');
INSERT INTO "VOTE"."PM_CUSTOMER_GROUP_RELATION" VALUES ('196', '201811032744', '356', '江苏华凌科技咨询有限公司', '1000001657');
INSERT INTO "VOTE"."PM_CUSTOMER_GROUP_RELATION" VALUES ('197', '201811032744', '357', '上海东方投资监理有限公司', '1000001647');
INSERT INTO "VOTE"."PM_CUSTOMER_GROUP_RELATION" VALUES ('198', '201811032744', '358', '博易数通（徐州）信息技术有限公司', '1000001229');
INSERT INTO "VOTE"."PM_CUSTOMER_GROUP_RELATION" VALUES ('199', '201811032744', '359', '上海润之信息科技有限公司', '1000000777');
INSERT INTO "VOTE"."PM_CUSTOMER_GROUP_RELATION" VALUES ('200', '201811032744', '360', '中远集装箱运输有限公司/中远海运集装箱运输有限公司', '1000000275');
INSERT INTO "VOTE"."PM_CUSTOMER_GROUP_RELATION" VALUES ('201', '201811032744', '361', '河南省伟信招标管理咨询有限公司', '1000001635');
INSERT INTO "VOTE"."PM_CUSTOMER_GROUP_RELATION" VALUES ('202', '201811032744', '362', '天津港保税区世纪龙科技发展有限公司', '1000001625');
INSERT INTO "VOTE"."PM_CUSTOMER_GROUP_RELATION" VALUES ('203', '201811032744', '363', '水利部新疆维吾尔自治区水利水电勘测设计研究院伊犁招标代理中心', '1000001618');
INSERT INTO "VOTE"."PM_CUSTOMER_GROUP_RELATION" VALUES ('204', '201811032744', '364', '兴业银行股份有限公司信用卡中心', '1000001612');
INSERT INTO "VOTE"."PM_CUSTOMER_GROUP_RELATION" VALUES ('205', '201811032744', '365', '中国工商银行股份有限公司嘉善支行', '1000001585');
INSERT INTO "VOTE"."PM_CUSTOMER_GROUP_RELATION" VALUES ('206', '201811032744', '366', '中科军信股份有限公司', '1000001569');
INSERT INTO "VOTE"."PM_CUSTOMER_GROUP_RELATION" VALUES ('207', '201811032744', '367', '中国建设银行股份有限公司南通分行', '1000001565');
INSERT INTO "VOTE"."PM_CUSTOMER_GROUP_RELATION" VALUES ('208', '201811032744', '368', '上海临泰企业服务有限公司', '1000001536');
INSERT INTO "VOTE"."PM_CUSTOMER_GROUP_RELATION" VALUES ('209', '201811032744', '369', '中国工商银行股份有限公司青岛市南第四支行', '1000001530');
INSERT INTO "VOTE"."PM_CUSTOMER_GROUP_RELATION" VALUES ('210', '201811032744', '370', '苏州太湖国家旅游度假区房产管理中心', '1000001520');
INSERT INTO "VOTE"."PM_CUSTOMER_GROUP_RELATION" VALUES ('211', '201811032744', '371', '上海浦东发展银行股份有限公司苏州分行', '1000001519');
INSERT INTO "VOTE"."PM_CUSTOMER_GROUP_RELATION" VALUES ('212', '201811032744', '372', '中国银行股份有限公司常州分行', '1000001514');
INSERT INTO "VOTE"."PM_CUSTOMER_GROUP_RELATION" VALUES ('213', '201811032744', '373', '北京星际安讯科技有限公司', '1000001501');
INSERT INTO "VOTE"."PM_CUSTOMER_GROUP_RELATION" VALUES ('214', '201811032744', '374', '山东超越数控电子股份有限公司', '1000001483');
INSERT INTO "VOTE"."PM_CUSTOMER_GROUP_RELATION" VALUES ('215', '201811032744', '375', '江苏银行股份有限公司南通开发区支行', '1000001479');
INSERT INTO "VOTE"."PM_CUSTOMER_GROUP_RELATION" VALUES ('216', '201811032744', '376', '中国农业银行股份有限公司', '1000001467');
INSERT INTO "VOTE"."PM_CUSTOMER_GROUP_RELATION" VALUES ('217', '201811032744', '377', '国家邮政局邮政业安全中心', '1000001451');
INSERT INTO "VOTE"."PM_CUSTOMER_GROUP_RELATION" VALUES ('218', '201811032744', '378', '常熟市信息化发展有限公司', '1000001448');
INSERT INTO "VOTE"."PM_CUSTOMER_GROUP_RELATION" VALUES ('219', '201811032744', '379', '上海林享信息科技有限公司', '1000001441');
INSERT INTO "VOTE"."PM_CUSTOMER_GROUP_RELATION" VALUES ('220', '201811032744', '380', '华夏银行股份有限公司苏州分行', '1000001439');
INSERT INTO "VOTE"."PM_CUSTOMER_GROUP_RELATION" VALUES ('221', '201811032744', '381', '雪松控股集团有限公司', '1000001429');
INSERT INTO "VOTE"."PM_CUSTOMER_GROUP_RELATION" VALUES ('222', '201811032744', '382', '青岛市国土资源和房屋管理局', '1000001428');
INSERT INTO "VOTE"."PM_CUSTOMER_GROUP_RELATION" VALUES ('223', '201811032744', '383', '青岛市房地产资源信息服务有限公司', '1000001421');
INSERT INTO "VOTE"."PM_CUSTOMER_GROUP_RELATION" VALUES ('224', '201811032744', '384', '大丰银行股份有限公司', '1000001414');
INSERT INTO "VOTE"."PM_CUSTOMER_GROUP_RELATION" VALUES ('225', '201811032744', '385', '江苏银行股份有限公司南通分行', '1000001366');
INSERT INTO "VOTE"."PM_CUSTOMER_GROUP_RELATION" VALUES ('226', '201811032744', '386', '天津银行股份有限公司第一中心支行', '1000001332');
INSERT INTO "VOTE"."PM_CUSTOMER_GROUP_RELATION" VALUES ('227', '201811032744', '388', '深圳前海星概念信息技术有限公司', '1000001306');
INSERT INTO "VOTE"."PM_CUSTOMER_GROUP_RELATION" VALUES ('228', '201811032744', '389', '阳光资产管理股份有限公司', '1000001280');
INSERT INTO "VOTE"."PM_CUSTOMER_GROUP_RELATION" VALUES ('162', '201811032744', '391', '长城（天津）股权投资基金管理有限责任公司', '1000001257');
INSERT INTO "VOTE"."PM_CUSTOMER_GROUP_RELATION" VALUES ('163', '201811032744', '392', '中国农业银行股份有限公司嘉兴南湖支行', '1000001247');
INSERT INTO "VOTE"."PM_CUSTOMER_GROUP_RELATION" VALUES ('81', '201811038225', '391', '长城（天津）股权投资基金管理有限责任公司', '1000001257');
INSERT INTO "VOTE"."PM_CUSTOMER_GROUP_RELATION" VALUES ('82', '201811038225', '392', '中国农业银行股份有限公司嘉兴南湖支行', '1000001247');

-- ----------------------------
-- Table structure for PM_CUSTOMER_INFO
-- ----------------------------
DROP TABLE "VOTE"."PM_CUSTOMER_INFO";
CREATE TABLE "VOTE"."PM_CUSTOMER_INFO" (
"CUST_ID" NUMBER(10) NOT NULL ,
"CUST_CN_NAME" VARCHAR2(256 BYTE) NULL ,
"CUST_CODE" VARCHAR2(256 BYTE) NULL ,
"COUNTRY" VARCHAR2(256 BYTE) NULL ,
"SAP_CODE" VARCHAR2(256 BYTE) NULL ,
"EN_NAME" VARCHAR2(256 BYTE) NULL ,
"CUST_PAT_TAXES_CODE" VARCHAR2(256 BYTE) NULL ,
"CUST_TYPE" VARCHAR2(256 BYTE) NULL ,
"ADDRESS" VARCHAR2(256 BYTE) NULL ,
"CASH_MANAGEMENT_GROUP" VARCHAR2(256 BYTE) NULL ,
"PAY_CONDITION" VARCHAR2(256 BYTE) NULL ,
"TRADE_CODE" VARCHAR2(256 BYTE) NULL ,
"REGIONAL_MARKET" VARCHAR2(256 BYTE) NULL ,
"MAIN_BUSINESS" VARCHAR2(1024 BYTE) NULL ,
"AREA" VARCHAR2(256 BYTE) NULL ,
"CUST_TRADE" VARCHAR2(256 BYTE) NULL ,
"PAY_CYCLE" VARCHAR2(256 BYTE) NULL ,
"IS_USEFUL" VARCHAR2(256 BYTE) NULL ,
"GROUP_COMPANY" VARCHAR2(256 BYTE) NULL ,
"BG_VISIABLE" VARCHAR2(256 BYTE) NULL ,
"COMPANY_CODE" VARCHAR2(256 BYTE) NULL ,
"COMPANY_FUNC_CODE" VARCHAR2(256 BYTE) NULL ,
"CREATE_TIME" VARCHAR2(256 BYTE) NULL ,
"ADD_USER_ID" NUMBER(10) NULL ,
"ADD_TIME" VARCHAR2(256 BYTE) NULL ,
"MODIFIER" NUMBER(10) NULL ,
"MODIFY_TIME" VARCHAR2(32 BYTE) NULL ,
"IS_DELETE" CHAR(2 BYTE) NULL 
)
LOGGING
NOCOMPRESS
NOCACHE

;

-- ----------------------------
-- Records of PM_CUSTOMER_INFO
-- ----------------------------
INSERT INTO "VOTE"."PM_CUSTOMER_INFO" VALUES ('1', '123', 'dasdasd', 'dawqd', '15165asdsap', 'dasdas', null, null, null, 'dasda', null, 'dasda', null, null, null, null, '01', null, null, null, null, null, null, null, null, '1000', null, '01');
INSERT INTO "VOTE"."PM_CUSTOMER_INFO" VALUES ('43', null, null, null, 'dsddd', 'ddd', null, null, null, null, null, null, null, null, null, null, '01', null, null, null, null, null, null, '1000', '02-NOV-18', '1000', null, '01');
INSERT INTO "VOTE"."PM_CUSTOMER_INFO" VALUES ('390', '中广核新能源投资（深圳）有限公司北京分公司', null, '中国', '1000001264', null, '91110106MA001XEB1L', 'Silver', '北京市丰台区南四环西路188号十二区2号楼6层', '主营业务客户', '30天之内 到期净值', '能源', '中国', '是一家电源种类和地理分布多元化的亚洲独立发电商，我们的资产组合包括位于中国及韩国的风力、太阳能、燃气、燃煤、燃油、水力、热电联产及燃料电池发电项目以及一个蒸汽项目。', '北京', '能源', '月结(30天)结算周期', '有效', '中广核集团', '金融解决方案业务部', '1004', null, '2017-06-23 17:16:03', '22', null, null, null, '00');
INSERT INTO "VOTE"."PM_CUSTOMER_INFO" VALUES ('391', '长城（天津）股权投资基金管理有限责任公司', null, '中国', '1000001257', null, '120115797263405', 'Blank', '北京市月坛北街2号月坛大厦A座509室', '主营业务客户', null, '金融', '中国', '基金', '北京', '金融', '两月结（60天）结算周期', '有效', '长城（天津）股权投资基金管理有限公司', '金融解决方案', null, null, '2017-06-16 18:02:44', '22', null, null, null, '00');
INSERT INTO "VOTE"."PM_CUSTOMER_INFO" VALUES ('392', '中国农业银行股份有限公司嘉兴南湖支行', null, '中国', '1000001247', null, '913304028464994749', 'Blank', '嘉兴市景湖路336号', '主营业务客户', null, '金融', '中国', '银行，金融', '嘉兴', '金融', '两月结（60天）结算周期', '有效', '中国农业发展银行', '金融解决方案业务部', null, null, '2017-06-12 11:11:24', '22', null, null, null, '00');
INSERT INTO "VOTE"."PM_CUSTOMER_INFO" VALUES ('393', '北京鑫运联合科技有限公司', null, '中国', '1000001230', null, '911101133484223356', 'Copper', '北京市顺义区临空经济核心区汇海南路1号院1号楼5层1-601', '主营业务客户', null, '高科技', '中国', '信息咨询（不含中介服务）；技术开发、技术服务、技术咨询；应用软件服务（不含医用软件）；基础软件服务；计算机信息系统集成服务；软件开发；租赁通讯设备。（企业依法自主选择经营项目，开展经营活动；依法须经批准的项目，经相关部门批准后依批准的内容开展经营活动；不得从事本市产业政策禁止和限制类项目的经营活动。）', '北京', '高科技', '月结(30天)结算周期', '有效', '北京鑫运联合科技有限公司', '金融解决方案业务部', null, null, '2017-05-24 15:50:18', '22', null, null, null, '00');
INSERT INTO "VOTE"."PM_CUSTOMER_INFO" VALUES ('394', '众邦金控投资有限公司', null, '中国', '1000001218', null, '91440300350000836X', 'Blank', '上海市浦东新区浦明路898号海航大厦13楼', '主营业务客户', null, '金融', '中国', 'ppp投资、养老、旅游地产和健康（医疗）产业。', '上海', '金融', '季结（90天）结算周期', '有效', '众邦金控投资有限公司', '金融解决方案业务部', null, null, '2017-05-12 17:16:33', '22', null, null, null, '00');
INSERT INTO "VOTE"."PM_CUSTOMER_INFO" VALUES ('430', '中广核服务集团有限公司', null, '中国', '1000000253', null, '440300190334561', 'Silver', null, '主营业务客户', null, null, '中国', null, '深圳', '能源', null, '有效', '中广核集团', '金融解决方案业务部', null, null, '2016-08-28 09:55:45', '22', null, null, null, '00');
INSERT INTO "VOTE"."PM_CUSTOMER_INFO" VALUES ('320', '南通双阳软件科技有限公司', null, '中国', '1000001912', null, '91320600MA1MBAF607', 'Paper', '南通市工农路6号华丽大厦1202室', '主营业务客户', null, '高科技', '中国', '软件科技', '南通市', '高科技', '月结(30天)结算周期', '有效', '南通双阳软件科技有限公司', '金融解决方案业务部', null, null, '2018-08-14 15:08:43', '22', null, null, null, '00');
INSERT INTO "VOTE"."PM_CUSTOMER_INFO" VALUES ('321', '南京亚软信息技术有限公司', null, '中国', '1000001911', null, '913201025804746311', 'Paper', '江苏省南京市玄武大道徐庄软件园江苏软件园29幢', '主营业务客户', null, '高科技', '中国', '信息技术', '南京', '高科技', '月结(30天)结算周期', '有效', '南京亚软信息技术有限公司', '金融解决方案业务部', null, null, '2018-08-14 10:03:43', '22', null, null, null, '00');
INSERT INTO "VOTE"."PM_CUSTOMER_INFO" VALUES ('322', '嘉兴市住房保障局', null, '中国', '1000001910', null, '事业单位无', 'Paper', '嘉兴市花园路616号市建委6号楼', '主营业务客户', null, '政府', '中国', '房屋维护等', '嘉兴', '政府/非营利机构', '两月结（60天）结算周期', '有效', '嘉兴市住房保障局', '金融解决方案业务部', null, null, '2018-08-14 09:12:48', '22', null, null, null, '00');
INSERT INTO "VOTE"."PM_CUSTOMER_INFO" VALUES ('323', '天安财产保险股份有限公司', null, '中国', '1000001904', null, '91310000132234116C', 'Paper', '中国（上海）自由贸易试验区浦东大道1号', '主营业务客户', null, '金融', '中国', '保险', '上海', '金融业(投资/保险/证/银行/基金)', '两月结（60天）结算周期', '有效', '天安财产保险股份有限公司', '金融解决方案业务部', null, null, '2018-08-10 13:45:18', '22', null, null, null, '00');
INSERT INTO "VOTE"."PM_CUSTOMER_INFO" VALUES ('324', '中国再保险（集团）股份有限公司', null, '中国', '1000001899', null, '9110000010002371XD', 'Diamond', '北京市西城区金融大街11号', '主营业务客户', null, '金融', '中国', '保险', '北京', '金融业(投资/保险/证/银行/基金)', '季结（90天）结算周期', '有效', '中国再保险（集团）股份有限公司', '金融解决方案业务部', null, null, '2018-08-06 18:06:36', '22', null, null, null, '00');
INSERT INTO "VOTE"."PM_CUSTOMER_INFO" VALUES ('325', '中国广核能源国际控股有限公司', null, '中国香港', '1000001892', 'CGN ENERGY INTERNATIONAL HOLDINGS CO.,LIMITED', 'NANA', 'Copper', '香港湾仔轩尼诗道302号集成中心1901室', '主营业务客户', null, '能源', '中国', '电力', '香港岛', '能源', '半年结（180天）结算周期', '有效', '中广核集团', '金融解决方案业务部', null, null, '2018-08-01 13:23:18', '22', null, null, null, '00');
INSERT INTO "VOTE"."PM_CUSTOMER_INFO" VALUES ('326', '东莞银行股份有限公司', null, '中国', '1000001886', null, '914419007076883717', 'Silver', '东莞市莞城区体育路21号', '主营业务客户', null, '金融', '中国', '金融', '东莞', '金融', '季结（90天）结算周期', '有效', '东莞银行股份有限公司', '金融解决方案业务部', null, null, '2018-07-27 13:01:30', '22', null, null, null, '00');
INSERT INTO "VOTE"."PM_CUSTOMER_INFO" VALUES ('327', '江苏紫金农村商业银行股份有限公司', null, '中国', '1000001878', null, '91320000571433432L', 'Paper', '南京市建邺区江东中路381号', '主营业务客户', null, '金融', '中国', '银行', '南京', '金融', '月结(30天)结算周期', '有效', '江苏紫金农村商业银行股份有限公司', '金融解决方案业务部', null, null, '2018-07-24 15:57:34', '22', null, null, null, '00');
INSERT INTO "VOTE"."PM_CUSTOMER_INFO" VALUES ('328', '上海樵帛网络科技有限公司', null, '中国', '1000001864', null, '91310114MA1GTW0H8T', 'Paper', '上海市嘉定区叶城路1288号6幢J800室', '主营业务客户', null, '互联网和电商', '中国', '从事网络技术、计算机软硬件技术、信息技术领域内的技术开发、技术转让、技术咨询、技术服务，电子商务（不得从事增值电信、金融业务），企业营销策划，设计、制作、代理各类广告，利用自有媒体发布广告，商务咨询，会务服务，展览展示服务，卫生用品、照明器具、室内装饰物品、家用电器、工艺品（象牙及其制品除外）、日用百货、厨房用具、卫生间用具及日用杂货、建材、办公用品、家具、室内装饰材料、通信设备及相关产品、消防器材、计算机、软件及辅助设备、家居用品、酒店用品的销售，家用电器租赁（不得从事金融租赁）。', '上海', '互联网', '季结（90天）结算周期', '有效', '上海樵帛网络科技有限公司', '金融解决方案业务部', null, null, '2018-07-17 16:35:53', '22', null, null, null, '00');
INSERT INTO "VOTE"."PM_CUSTOMER_INFO" VALUES ('329', '众享（广州）科技有限公司', null, '中国', '1000001857', null, '9144010MA5AKQE71Q', 'Paper', '广州高新技术产业开发区科汇二街4号601房', '主营业务客户', null, '商业和零售', '中国', '咨询、小视频', '广州', '媒体', '月结(30天)结算周期', '有效', '众享科技', '金融解决方案业务部', null, null, '2018-07-11 15:29:11', '22', null, null, null, '00');
INSERT INTO "VOTE"."PM_CUSTOMER_INFO" VALUES ('330', '华润元大基金管理有限公司', null, '中国', '1000001839', null, '9144030071788531XX', 'Copper', '深圳市福田区中心四路1-1号嘉里建设广场第三座7层', '主营业务客户', null, '金融', '中国', '金融', '深圳', '金融', '季结（90天）结算周期', '有效', '华润集团', '金融解决方案业务部', null, null, '2018-06-29 17:35:04', '22', null, null, null, '00');
INSERT INTO "VOTE"."PM_CUSTOMER_INFO" VALUES ('331', '全国水产技术推广总站', null, '中国', '1000001838', null, '00000', 'Silver', '北京市朝阳区麦子店街18号楼705', '主营业务客户', null, '政府', '中国', '水产技术推广', '北京', '政府/非营利机构', '两月结（60天）结算周期', '有效', '全国水产技术推广总站', '金融解决方案业务部', null, null, '2018-06-29 12:37:16', '22', null, null, null, '00');
INSERT INTO "VOTE"."PM_CUSTOMER_INFO" VALUES ('332', '上海市住房和城乡建设管理委员会', null, '中国', '1000001833', null, '00000000', 'Copper', '上海市黄浦区大沽路100号', '主营业务客户', null, '政府', '中国', '承担本市城乡建设和城市管理战略规划、建筑建材行业管理、建设工程质量安全监管、重大工程建设推进及城市网格化管理等职责', '上海', '政府/非营利机构', '季结（90天）结算周期', '有效', '上海市物业管理事务中心', '金融解决方案业务部', null, null, '2018-06-27 11:39:09', '22', null, null, null, '00');
INSERT INTO "VOTE"."PM_CUSTOMER_INFO" VALUES ('333', '北京高阳金信信息技术有限公司', null, '中国', '1000001830', null, '911101087177472407', 'Paper', '北京市海淀区阜成路67号银都大厦1805号', '主营业务客户', null, '互联网和电商', '中国', '研制、开发、生产计算机软硬件及网络技术产品；销售自产产品；提供电子商务解决方案及技术服务、网络系统集成。', '北京', '互联网', '季结（90天）结算周期', '有效', '北京高阳金信信息技术有限公司', '金融解决方案业务部', null, null, '2018-06-26 17:23:35', '22', null, null, null, '00');
INSERT INTO "VOTE"."PM_CUSTOMER_INFO" VALUES ('334', '兴业数字金融服务(上海)股份有限公司', null, '中国', '1000001829', null, '91310000MA1FL0HA77', 'Copper', '中国（上海）自由贸易试验区杨高南路729号第41层', '主营业务客户', null, '金融', '中国', '金融数据处理，经济信息咨询服务，应用软件开发和运营服务，系统集成服务，创业投资，资产管理，投资管理，投资咨询，计算机软硬件开发及销售，从事计算机技术、网络技术、信息技术、机电科技领域内的技术开发、技术咨询、技术转让、技术服务。', '上海', '金融', '季结（90天）结算周期', '有效', '兴业银行股份有限公司', '金融解决方案业务部', null, null, '2018-06-26 15:25:44', '22', null, null, null, '00');
INSERT INTO "VOTE"."PM_CUSTOMER_INFO" VALUES ('335', '国义招标股份有限公司', null, '中国', '1000001823', null, '914400001903718642', 'Paper', '广州市东风东路726号1楼', '主营业务客户', null, '商业和零售', '中国', '经营机电产品国际招标业务、工程招标代理业务、政府采购业务及各种货物和服务类招标代理业务；许可类医疗器械经营；货物进出口、技术进出口；大数据采集、分析、存储、开发、处理、服务和销售；网络、大数据信息科技领域内的技术开发、咨询、服务和转让；建设、开发、运营、搭建数据服务平台；信息电子技术服务；工程咨询；招投标业务咨询；商品信息咨询服务；档案管理技术服务。', '广州', '专业服务(咨询/财会/法律等)', '半年结（180天）结算周期', '有效', '国义招标股份有限公司', '金融解决方案业务部', null, null, '2018-06-21 17:14:22', '22', null, null, null, '00');
INSERT INTO "VOTE"."PM_CUSTOMER_INFO" VALUES ('336', '中国建设银行股份有限公司上海普陀支行', null, '中国', '1000001818', null, '91310107132939319H', 'Copper', '上海市普陀区长寿路95号', '主营业务客户', null, '金融', '中国', '经中国银行业监督管理委员会批准并由总（分）行授权的业务；保险兼业代理（按许可证经营），结汇，售汇。 【依法须经批准的项目，经相关部门批准后方可开展经营活动】', '上海', '金融业(投资/保险/证/银行/基金)', '半年结（180天）结算周期', '有效', '中国建设银行', '金融解决方案业务部', null, null, '2018-06-20 16:19:05', '22', null, null, null, '00');
INSERT INTO "VOTE"."PM_CUSTOMER_INFO" VALUES ('337', '山西炬飞科贸有限公司', null, '中国', '1000001814', null, '91140100779570241B', 'Paper', '太原市杏花岭区杨家峪乡小枣沟村西街敦化化工路32号小院', '主营业务客户', null, '互联网和电商', '中国', '安全技术防范工程；计算机软硬件开发及系统集成、综合布线；水暖器材、通讯器材、教学仪器设备、电器设备、高低压电控柜、体育器材、立体车库、仓储设备、煤机设备、煤制品(不含洗选煤）、建材的销售；企业管理咨询；企业营销策划。（依法须经批准的项目，经相关部门批准后方可开展经营活动）', '太原', '批发/零售', '半年结（180天）结算周期', '有效', '山西炬飞科贸有限公司', '金融解决方案业务部', null, null, '2018-06-19 17:06:49', '22', null, null, null, '00');
INSERT INTO "VOTE"."PM_CUSTOMER_INFO" VALUES ('338', '北京兴融信息技术有限公司', null, '中国', '1000001802', null, '91110108553117890G', 'Paper', '北京市海淀区知春路63号卫星大厦808', '主营业务客户', null, '高科技', '中国', '信息技术', '北京', '高科技', '月结(30天)结算周期', '有效', '北京兴融信息技术有限公司', '金融解决方案业务部', null, null, '2018-06-13 09:59:30', '22', null, null, null, '00');
INSERT INTO "VOTE"."PM_CUSTOMER_INFO" VALUES ('339', '中国远东国际招标有限公司', null, '中国', '1000001797', null, '911100007109323980', 'Paper', '北京市朝阳区和平街东土城路甲9号', '主营业务客户', null, '商业和零售', '中国', '招标代理', '北京', '服务业', '月结(30天)结算周期', '有效', '中国远东国际招标有限公司', '金融解决方案业务部', null, null, '2018-06-11 11:27:35', '22', null, null, null, '00');
INSERT INTO "VOTE"."PM_CUSTOMER_INFO" VALUES ('340', '深圳市星河智善互联网技术有限公司', null, '中国', '1000001796', null, '91440300349823886J', 'Silver', '深圳市龙岗区坂田街道雅宝路1号星河WORLD A栋大厦34层3403号', '主营业务客户', null, '互联网和电商', '中国', '计算机数据库、计算机系统分析；提供计算机技术服务；手机的技术开发、技术咨询、技术转让、技术服务；经营电子商务；数据库服务、数据库管理', '深圳', '互联网', '季结（90天）结算周期', '有效', '北京星河空间科技有限公司', '金融解决方案业务部', null, null, '2018-06-11 11:23:00', '22', null, null, null, '00');
INSERT INTO "VOTE"."PM_CUSTOMER_INFO" VALUES ('341', '广东有德招标采购有限公司东莞分公司', null, '中国', '1000001795', null, '91441900091783054R', 'Paper', '东莞市东城区东莞大道19号鼎峰卡布斯国际广场A座1603A号', '主营业务客户', null, '商业和零售', '中国', '投标代理', '东莞', '服务业', '月结(30天)结算周期', '有效', '广东有德招标采购有限公司', '金融解决方案业务部', null, null, '2018-06-11 11:17:17', '22', null, null, null, '00');
INSERT INTO "VOTE"."PM_CUSTOMER_INFO" VALUES ('342', '宁波合创智能科技有限公司', null, '中国', '1000001787', null, '91330212MA281WNM79', 'Paper', '浙江省宁波市鄞州区首南街道科信大厦2幢3号301-8室', '主营业务客户', null, '互联网和电商', '中国', '计算机软硬件技术开发、技术服务；智能交通软件的研发、设计；电子、通信与自动控制技术研发；网络技术、云计算技术的研发、咨询、服务；档案数字化，档案整理；计算机数据处理；地理信息系统工程、园区楼宇智能化工程、建筑工程的设计、施工；物联网设备的研发；通讯设备的销售；物业管理；二手房经纪、经销；不动产测绘服务，广告服务；会展服务；会议服务。', '宁波', '互联网', '季结（90天）结算周期', '有效', '宁波合创智能科技有限公司', '金融解决方案业务部', null, null, '2018-06-05 16:53:23', '22', null, null, null, '00');
INSERT INTO "VOTE"."PM_CUSTOMER_INFO" VALUES ('343', '广东新禾道信息科技有限公司', null, '中国', '1000001779', null, '914401065937484197', 'Paper', '广州市黄埔区科学大道237号401', '主营业务客户', null, '互联网和电商', '中国', '劳务派遣服务;信息电子技术服务;电子、通信与自动控制技术研究、开发;电子产品零售;档案修复;档案馆;安全技术防范产品批发;软件服务;软件批发;软件零售;软件开发;游戏软件设计制作;档案管理服务;档案管理技术服务;安全技术防范系统设计、施工、维修;科技信息咨询服务', '广州', '互联网', '半年结（180天）结算周期', '有效', '广东新禾道信息科技有限公司', '金融解决方案业务部', null, null, '2018-06-01 14:53:17', '22', null, null, null, '00');
INSERT INTO "VOTE"."PM_CUSTOMER_INFO" VALUES ('344', '浙江奥维数据技术有限公司', null, '中国', '1000001775', null, '91330212688045337X', 'Paper', '浙江省宁波市鄞州区首南街道茶亭庵村李花桥村(新兴工业园区)', '主营业务客户', null, '互联网和电商', '中国', '智能化系统集成及技术服务；计算机软硬件、网络设备的研发、安装、维护及销售；通讯交换设备、终端设备的销售；网络技术咨询服务；云计算技术的研发、咨询。', '宁波', '互联网', '季结（90天）结算周期', '有效', '浙江奥维数据技术有限公司', '金融解决方案业务部', null, null, '2018-05-29 15:52:32', '22', null, null, null, '00');
INSERT INTO "VOTE"."PM_CUSTOMER_INFO" VALUES ('345', '深圳市雷鸟信息科技有限公司', null, '中国', '1000001766', null, '91440300MA5EKM7B2Q', 'Copper', '深圳市南山区中山园路1001号TCL国际E城D4栋5 楼', '主营业务客户', null, '高科技', '中国', 'IT服务', '深圳', '高科技', '月结(30天)结算周期', '有效', 'TCL集团股份有限公司', '金融解决方案业务部', null, null, '2018-05-24 09:38:06', '22', null, null, null, '00');
INSERT INTO "VOTE"."PM_CUSTOMER_INFO" VALUES ('346', '广州银行股份有限公司', null, '中国', '1000001757', null, '914401012312493211', 'Copper', '广州市天河区珠江东路30号', '主营业务客户', null, '金融', '中国', '金融', '广州', '金融', '季结（90天）结算周期', '有效', '广州银行', '金融解决方案业务部', null, null, '2018-05-18 10:34:52', '22', null, null, null, '00');
INSERT INTO "VOTE"."PM_CUSTOMER_INFO" VALUES ('347', '国信招标集团股份有限公司湖北分公司', null, '中国', '1000001738', null, '914201067220768240', 'Paper', '湖北省武汉市武昌区水果湖洪山侧路24号', '服务类供应商', null, '政府', '中国', '受托从事国内招标与投标服务；投资咨询（不含证券与期货咨询）；工程项目管理服务；工程建筑咨询服务。（国家有专项规定的项目经审批后或凭有效许可证方可经营）', '武汉', '专业服务(咨询/财会/法律等)', '季结（90天）结算周期', '有效', '国信招标集团股份有限公司', '金融解决方案业务部', null, null, '2018-05-10 14:21:18', '22', null, null, null, '00');
INSERT INTO "VOTE"."PM_CUSTOMER_INFO" VALUES ('348', '华西证券股份有限公司', null, '中国', '1000001734', null, '91510000201811328M', 'Silver', '四川省成都市高新区天府二街198号', '主营业务客户', null, '金融', '中国', '经纪业务、投资银行业务、固定收益业务、研究咨询业务、受托资产管理业务、自营投资业务、战略客户服务业务、其他业务。', '成都', '金融', '季结（90天）结算周期', '有效', '华西证券股份有限公司', '金融解决方案业务部', null, null, '2018-05-09 11:29:42', '22', null, null, null, '00');
INSERT INTO "VOTE"."PM_CUSTOMER_INFO" VALUES ('349', '南通市房地产交易服务中心有限公司', null, '中国', '1000001719', null, '913206027185633203', 'Paper', '南通市人民东路42号', '主营业务客户', '60天之内 到期净值', '政府', '中国', '房产交易', '南通市', '政府/非营利机构', '两月结（60天）结算周期', '有效', '南通市住房保障和房产管理局', '金融解决方案业务部', '1070', null, '2018-04-28 14:16:04', '22', null, null, null, '00');
INSERT INTO "VOTE"."PM_CUSTOMER_INFO" VALUES ('350', '宜昌市智慧城市建设办公室', null, '中国', '1000001703', null, '56467', 'Diamond', '宜昌市沿江大道102号', '主营业务客户', null, '政府', '中国', '负责全市智慧城市（电子政务）建设的规划制定、组织实施、推广应用、督办考评；承担市级政府投资的智慧城市（电子政务）项目建设和管理；负责全市公共信息资源的建设管理，指导协调大数据的开发利用；协调配合有关部门推进智慧产业的发展。', '宜昌', '政府/非营利机构', '季结（90天）结算周期', '有效', '宜昌市智慧城市建设办公室', '金融解决方案业务部；北美事业群', null, null, '2018-04-23 11:37:48', '22', null, null, null, '00');
INSERT INTO "VOTE"."PM_CUSTOMER_INFO" VALUES ('351', '湖北恒基建设工程项目管理有限公司宜昌分公司', null, '中国', '1000001699', null, '9142050005814420X0', 'Diamond', '宜昌高新区大连路9号太平鸟时尚创意园A407号', '服务类供应商', null, '政府', '中国', '工程项目的规划、设计、建设；工程咨询；建筑工程造价司法鉴定；招投标代理；工程造价咨询；工程监理、工程预算成本、审核', '宜昌', '专业服务(咨询/财会/法律等)', '季结（90天）结算周期', '有效', '宜昌市智慧城市建设办公室', '金融解决方案业务部', null, null, '2018-04-20 09:29:58', '22', null, null, null, '00');
INSERT INTO "VOTE"."PM_CUSTOMER_INFO" VALUES ('352', '湖北恒基建设工程项目管理有限公司', null, '中国', '1000001697', null, '914201067220470118', 'Diamond', '武汉市武昌区民主路786号', '服务类供应商', null, '政府', '中国', '对工程项目的规划、设计、建设；工程咨询；建筑工程造价司法鉴定；招投标代理；工程造价咨询；工程监理、工程预算成本、审核。', '宜昌', '专业服务(咨询/财会/法律等)', '两月结（60天）结算周期', '有效', '宜昌市智慧城市建设办公室', '金融解决方案业务部', null, null, '2018-04-18 10:12:01', '22', null, null, null, '00');
INSERT INTO "VOTE"."PM_CUSTOMER_INFO" VALUES ('353', '江苏省渔业技术推广中心', null, '中国', '1000001693', null, '546467', 'Paper', '南京市汉中门大街302号', '主营业务客户', null, '政府', '中国', '江苏省渔业技术推广', '南京', '政府/非营利机构', '月结(30天)结算周期', '有效', '江苏省渔业技术推广中心', '金融解决方案业务部', null, null, '2018-04-17 11:43:24', '22', null, null, null, '00');
INSERT INTO "VOTE"."PM_CUSTOMER_INFO" VALUES ('354', '深圳数位传媒科技有限公司', null, '中国', '1000001682', null, '914403003352047264', 'Silver', '深圳市南山区粤海街道海天一路19号软件产业基地5栋C座1001A', '主营业务客户', null, '高科技', '中国', '计算机软件，计算机开发，销售；信息技术设计、集成、技术维护、技术咨询', '深圳', '互联网', '月结(30天)结算周期', '有效', '深圳数位传媒科技有限公司', '金融解决方案业务部', null, null, '2018-04-11 16:50:49', '22', null, null, null, '00');
INSERT INTO "VOTE"."PM_CUSTOMER_INFO" VALUES ('355', '嘉善县住房和城乡规划建设局', null, '中国', '1000001674', null, '56567', 'Paper', '浙江省嘉兴市嘉善县解放西路68号', '主营业务客户', null, '政府', '中国', '房屋维护等', '嘉兴', '政府/非营利机构', '月结(30天)结算周期', '有效', '嘉善县住房和城乡规划建设局', '金融解决方案业务部', null, null, '2018-04-09 14:02:24', '22', null, null, null, '00');
INSERT INTO "VOTE"."PM_CUSTOMER_INFO" VALUES ('356', '江苏华凌科技咨询有限公司', null, '中国', '1000001657', null, '9132061130222988XG', 'Paper', '南通市港闸区江海大道639号1幢', '主营业务客户', '60天之内 到期净值', '商业和零售', '中国', '招标代理', '南通市', '中介服务(人才/商标专利)', '两月结（60天）结算周期', '有效', '江苏华凌科技咨询有限公司', '金融解决方案业务部', '1070 1005', null, '2018-03-27 09:53:23', '22', null, null, null, '00');
INSERT INTO "VOTE"."PM_CUSTOMER_INFO" VALUES ('357', '上海东方投资监理有限公司', null, '中国', '1000001647', null, '91310106132265406N', 'Paper', '上海市闵行区秀文路898号4号楼3楼', '主营业务客户', null, '商业和零售', '中国', '招标代理', '上海', '中介服务(人才/商标专利)', '两月结（60天）结算周期', '有效', '上海东方投资监理有限公司', '金融解决方案业务部', null, null, '2018-03-26 09:26:29', '22', null, null, null, '00');
INSERT INTO "VOTE"."PM_CUSTOMER_INFO" VALUES ('358', '博易数通（徐州）信息技术有限公司', null, null, '1000001229', null, '91320311MA1P108K1X', null, null, null, '60天之内 到期净值', '高科技', null, null, null, null, null, '有效', '博易数通（徐州）信息技术有限公司', '金融解决方案业务部', '1004', null, '2018-03-20 12:52:04', '22', null, null, null, '00');
INSERT INTO "VOTE"."PM_CUSTOMER_INFO" VALUES ('359', '上海润之信息科技有限公司', null, null, '1000000777', null, '91310114093801885G', null, null, null, '45天之内 到期净值', '高科技', null, null, null, null, null, '有效', '上海润之信息科技有限公司', '金融解决方案业务部', '1005', null, '2018-03-20 12:52:04', '22', null, null, null, '00');
INSERT INTO "VOTE"."PM_CUSTOMER_INFO" VALUES ('360', '中远集装箱运输有限公司/中远海运集装箱运输有限公司', null, null, '1000000275', null, '913100001322933273', null, '上海市东大名路378号', null, '立即应付的 到期净值', null, null, null, null, null, null, '有效', '中远集装箱运输有限公司', '金融解决方案业务部', '1005', null, '2018-03-20 12:52:04', '22', null, null, null, '00');
INSERT INTO "VOTE"."PM_CUSTOMER_INFO" VALUES ('361', '河南省伟信招标管理咨询有限公司', null, '中国', '1000001635', null, '91410100728642639T', 'Paper', '郑州市郑东新区正光路22号行署国际广场E座8楼801室', '主营业务客户', null, '商业和零售', '中国', '招标代理', '郑州', '中介服务(人才/商标专利)', '月结(30天)结算周期', '有效', '河南省伟信招标管理咨询有限公司', '金融解决方案业务部', null, null, '2018-03-09 11:38:50', '22', null, null, null, '00');
INSERT INTO "VOTE"."PM_CUSTOMER_INFO" VALUES ('362', '天津港保税区世纪龙科技发展有限公司', null, '中国', '1000001625', null, '9112011671824774XD', 'Paper', '天津自贸试验区(空港经济区)中环西路与西二道交口丽港大厦3-1020室', '主营业务客户', null, '商业和零售', '中国', '招标代理', '天津', '中介服务(人才/商标专利)', '月结(30天)结算周期', '有效', '天津港保税区世纪龙科技发展有限公司', '金融解决方案业务部', null, null, '2018-03-01 10:21:04', '22', null, null, null, '00');
INSERT INTO "VOTE"."PM_CUSTOMER_INFO" VALUES ('363', '水利部新疆维吾尔自治区水利水电勘测设计研究院伊犁招标代理中心', null, '中国', '1000001618', null, '91654002072216943J', 'Paper', '新疆伊犁州霍尔果斯配套区珠海路开建大厦1204室', '主营业务客户', null, '商业和零售', '中国', '招标代理', '山南地区新疆', '中介服务(人才/商标专利)', '月结(30天)结算周期', '有效', '水利部新疆维吾尔自治区水利水电勘测设计研究院伊犁招标代理中心', '金融解决方案业务部', null, null, '2018-02-27 09:54:07', '22', null, null, null, '00');
INSERT INTO "VOTE"."PM_CUSTOMER_INFO" VALUES ('364', '兴业银行股份有限公司信用卡中心', null, '中国', '1000001612', null, '91310115676249009H', 'Copper', '上海市浦东新区来安路500号', '主营业务客户', null, '金融', '中国', '办理本外币信用卡的发卡业务，办理信用卡项下的本外币贷款、结算、汇款、结汇、外汇兑换业务，代理国内外各类银行卡的收单业务，代理国外金融业务和国际组织信用卡的发卡、付款及资金清算业务，代理其他银行或机构信用卡发卡、收单业务的运营服务，代理信用卡项下的代收代付、代售、资信调查、咨询服务、见证业务，代理信用卡项下的理财服务', '上海', '金融', '季结（90天）结算周期', '有效', '兴业银行股份有限公司', '金融解决方案业务部', null, null, '2018-02-23 14:03:33', '22', null, null, null, '00');
INSERT INTO "VOTE"."PM_CUSTOMER_INFO" VALUES ('365', '中国工商银行股份有限公司嘉善支行', null, '中国', '1000001585', null, '91330421846594789R', 'Blank', '嘉善县魏塘街道解放东路8号', '主营业务客户', null, '金融', '中国', '金融业-银行', '嘉兴', '金融业(投资/保险/证/银行/基金)', '月结(30天)结算周期', '有效', '中国工商银行', '金融解决方案业务部', null, null, '2018-01-22 16:07:51', '22', null, null, null, '00');
INSERT INTO "VOTE"."PM_CUSTOMER_INFO" VALUES ('366', '中科军信股份有限公司', null, '中国', '1000001569', null, '91110108633625457Q', 'Blank', '北京市密云区经济开发区兴盛南路8号开发区办公楼501室-1958', '主营业务客户', null, '互联网和电商', '中国', '技术开发、技术转让、技术推广、技术服务、技术咨询；技术进出口', '北京', '互联网', '季结（90天）结算周期', '有效', '中科军信股份有限公司', '金融解决方案业务部', null, null, '2018-01-15 16:45:53', '22', null, null, null, '00');
INSERT INTO "VOTE"."PM_CUSTOMER_INFO" VALUES ('367', '中国建设银行股份有限公司南通分行', null, '中国', '1000001565', null, '913206008383001893', 'Paper', '南通市姚港路1号', '主营业务客户', null, '金融', '中国', '金融，银行', '上海', '金融业(投资/保险/证/银行/基金)', '月结(30天)结算周期', '有效', '中国建设银行', '金融解决方案业务部', null, null, '2018-01-12 11:08:10', '22', null, null, null, '00');
INSERT INTO "VOTE"."PM_CUSTOMER_INFO" VALUES ('368', '上海临泰企业服务有限公司', null, '中国', '1000001536', null, '913101046915914270', 'Blank', '上海市徐汇区龙吴路1500号2幢A312室', '主营业务客户', null, '商业和零售', '中国', '计算机软件服务，数据处理及相关技术业务处理服务，广告设计、制作、代理，利用自有媒体发布广告，企业管理及咨询服务，为企业提供市场营销、管理策划、商务信息咨询服务（不得从事增值电信、金融业务），电子商务（不得从事增值电信、金融业务），电子支付专业领域内的四技服务，展览展示服务，会务服务，票务代理，旅游用品、计算机、软件及辅助设备、电子产品，日用百货销售，佣金代理。', '上海', '服务业', '季结（90天）结算周期', '有效', '上海临泰企业服务有限公司', '金融解决方案业务部', null, null, '2017-12-25 17:39:15', '22', null, null, null, '00');
INSERT INTO "VOTE"."PM_CUSTOMER_INFO" VALUES ('369', '中国工商银行股份有限公司青岛市南第四支行', null, '中国', '1000001530', null, '913702022645719583', 'Blank', '青岛市市南区东海中路16号3栋', '主营业务客户', null, '金融', '中国', '代理中国保监会批准的人身保险和财产保险（航意险及其替代产品除外）；金融业务，代理开放式基金业务（保险兼业代理业务许可证,金融机构营业许可证 有效期限以许可证为准）。', '青岛', '金融', '季结（90天）结算周期', '有效', '中国工商银行', '金融解决方案业务部', null, null, '2017-12-21 10:47:08', '22', null, null, null, '00');
INSERT INTO "VOTE"."PM_CUSTOMER_INFO" VALUES ('370', '苏州太湖国家旅游度假区房产管理中心', null, '中国', '1000001520', null, '0000003', 'Blank', '苏州市吴中区香山街道后塘路6号', '主营业务客户', null, '政府', '中国', '房产信息，房产管理中心', '苏州', '政府/非营利机构', '月结(30天)结算周期', '有效', '苏州太湖国家旅游度假区房产管理中心', '金融解决方案业务部', null, null, '2017-12-13 17:08:10', '22', null, null, null, '00');
INSERT INTO "VOTE"."PM_CUSTOMER_INFO" VALUES ('371', '上海浦东发展银行股份有限公司苏州分行', null, '中国', '1000001519', null, '91320594837756678H', 'Blank', '苏州工业园区钟园路718号', '主营业务客户', null, '金融', '中国', '银行，金融', '上海', '金融业(投资/保险/证/银行/基金)', '月结(30天)结算周期', '有效', '上海浦东发展银行股份有限公司', '金融解决方案业务部', null, null, '2017-12-13 15:53:15', '22', null, null, null, '00');
INSERT INTO "VOTE"."PM_CUSTOMER_INFO" VALUES ('372', '中国银行股份有限公司常州分行', null, '中国', '1000001514', null, '91320400837166029B', 'Blank', '常州市和平北路21号', '主营业务客户', null, '金融', '中国', '银行', '常州市', '金融业(投资/保险/证/银行/基金)', '两月结（60天）结算周期', '有效', '中国银行股份有限公司', '金融解决方案业务部', null, null, '2017-12-11 13:51:53', '22', null, null, null, '00');
INSERT INTO "VOTE"."PM_CUSTOMER_INFO" VALUES ('373', '北京星际安讯科技有限公司', null, '中国', '1000001501', null, '911101027906714309', 'Blank', '北京市西城区新街口外大街28号B座226号（德胜园区）', '主营业务客户', null, '互联网和电商', '中国', '技术开发、技术服务、技术转让、销售通信设备', '北京', '互联网/电子商务', '季结（90天）结算周期', '有效', '北京星际安讯科技有限公司', '金融解决方案业务部', null, null, '2017-12-05 17:36:38', '22', null, null, null, '00');
INSERT INTO "VOTE"."PM_CUSTOMER_INFO" VALUES ('374', '山东超越数控电子股份有限公司', null, '中国', '1000001483', null, '91370000163092376X', 'Blank', '山东省济南市高新区孙村镇科航路2877号', '主营业务客户', null, '通信电信', '中国', '电子产品、机电一体化产品', '济南', '其他', '季结（90天）结算周期', '有效', '山东超越数控电子股份有限公司', '金融解决方案', null, null, '2017-11-21 11:15:43', '22', null, null, null, '00');
INSERT INTO "VOTE"."PM_CUSTOMER_INFO" VALUES ('375', '江苏银行股份有限公司南通开发区支行', null, '中国', '1000001479', null, '91320600838333773E', 'Blank', '南通开发区上海路9号', '主营业务客户', null, '金融', '中国', '按中国银行业监督管理委员会南通监管分局核发的金融许可证核定的范围经营', '上海', '金融业(投资/保险/证/银行/基金)', '两月结（60天）结算周期', '有效', '江苏银行股份有限公司', '金融解决方案业务部', null, null, '2017-11-17 13:49:36', '22', null, null, null, '00');
INSERT INTO "VOTE"."PM_CUSTOMER_INFO" VALUES ('376', '中国农业银行股份有限公司', null, '中国', '1000001467', 'Agricultural Bank of China', '911100001000054748', 'Paper', '北京市东城区建国门内大街69号', '主营业务客户', '90天之内 到期净值', '金融', '中国', '吸收公众存款；发放短期、中期、长期贷款；办理国内外结算；办理票据承兑与贴现；发行金融债券；代理发行、代理兑付、承销政府债券；买卖政府债券、金融债券；从事同业拆借；买卖、代理买卖外汇；结汇、售汇；从事银行卡业务；提供信用证服务及担保；代理收付款项；提供保管箱服务；代理资金清算；各类汇兑业务；代理政策性银行、外国政府和国际金融机构贷款业务；贷款承诺；组织或参加银团贷款；外汇存款；外汇贷款；外汇汇款；外汇借款；发行、代理发行、买卖或代理买卖股票以外的外币有价证券；外汇票据承兑和贴现；自营、代客外汇买卖；外币兑换；外汇担保；资信调查、咨询、见证业务；企业、个人财务顾问服务；证券公司客户交易结算资金存管业务；证券投资基金托管业务；企业年金托管业务；产业投资基金托管业务', '北京', '金融', '季结（90天）结算周期', '有效', '中国农业银行股份有限公司', '金融解决方案业务部', '1004', null, '2017-11-13 17:13:30', '22', null, null, null, '00');
INSERT INTO "VOTE"."PM_CUSTOMER_INFO" VALUES ('377', '国家邮政局邮政业安全中心', null, '中国', '1000001451', null, '110108717839655', 'Blank', '北京市海淀区挂甲屯5号院', '主营业务客户', null, '金融', '中国', '承担邮政业安全和应急管理体系的日常维护和运行等', '北京', '金融', '季结（90天）结算周期', '有效', '国家邮政局邮政业安全中心', '金融解决方案业务部', null, null, '2017-10-27 14:47:53', '22', null, null, null, '00');
INSERT INTO "VOTE"."PM_CUSTOMER_INFO" VALUES ('378', '常熟市信息化发展有限公司', null, '中国', '1000001448', null, '91320581063223332P', 'Blank', '常熟市海虞北路51号', '主营业务客户', null, '高科技', '中国', '信息化项目投资建设、信息化项目运行服务、智能化电子产品销售。（依法须经批准的项目，经相关部门批准后方可开展经营活动）', '常熟', '高科技', '两月结（60天）结算周期', '有效', '常熟市信息化发展有限公司', '金融解决方案业务部', null, null, '2017-10-26 15:43:32', '22', null, null, null, '00');
INSERT INTO "VOTE"."PM_CUSTOMER_INFO" VALUES ('379', '上海林享信息科技有限公司', null, '中国', '1000001441', null, '91310114332734588J', 'Blank', '上海市嘉定区福海路1011号3幢B区1552室', '主营业务客户', null, '金融', '中国', '从事计算机软件领域内的技术开发、技术转让、技术服务、技术咨询,计算机系统集成,计算机服务(除互联网上网服务经营场所),设计、制作、代理各类广告,企业管理,企业管理咨询,企业营销策划,商务咨询,展览展示服务,会务服务,票务代理,电子商务(不得从事增值电信、金融业务),电子产品、日用百货、计算机、软件及辅助设备(除计算机信息系统安全专用产品)的销售,接受金融机构委托从事金融信息技术外包,接受金融机构委托从事金融业务流程外包,接受金融机构委托从事金融知识流程外包。', '上海', '金融', '季结（90天）结算周期', '有效', '上海林享信息科技有限公司', '金融解决方案业务部', null, null, '2017-10-24 10:18:38', '22', null, null, null, '00');
INSERT INTO "VOTE"."PM_CUSTOMER_INFO" VALUES ('380', '华夏银行股份有限公司苏州分行', null, '中国', '1000001439', null, '9132059483775172XY', 'Blank', '苏州工业园区星海街188号', '主营业务客户', null, '金融', '中国', '金融，银行', '苏州', '金融', '月结(30天)结算周期', '有效', '华夏银行股份有限公司苏州分行', '金融解决方案业务部', null, null, '2017-10-20 15:26:52', '22', null, null, null, '00');
INSERT INTO "VOTE"."PM_CUSTOMER_INFO" VALUES ('381', '雪松控股集团有限公司', null, '中国', '1000001429', null, '91440101347466547J', 'Silver', '广州市中新广州知识城凤凰三路17号自编五栋487室', '主营业务客户', null, '金融', '中国', '投资管理服务;资产管理（不含许可审批项目）;企业管理服务（涉及许可经营项目的除外）;企业总部管理;(依法须经批准的项目，经相关部门批准后方可开展经营活动)', '广州', '金融', '月结(30天)结算周期', '有效', '雪松控股集团有限公司', '金融解决方案业务部', null, null, '2017-10-16 13:47:43', '22', null, null, null, '00');
INSERT INTO "VOTE"."PM_CUSTOMER_INFO" VALUES ('382', '青岛市国土资源和房屋管理局', null, '中国', '1000001428', null, '97', 'Blank', '青岛市南区巫峡路6号', '主营业务客户', null, '政府', '中国', '承担规范国土资源和房屋管理秩序的责任；承担保护与合理利用土地资源、矿产资源等自然资源的责任；承担全市耕地保护的责任，确保规划确定的耕地保有量和基本农田面积不减少；承担呈报国务院和省政府、市政府审批的各类用地的审核、报批工作；承担及时准确提供全市土地利用各种数据的责任；承担节约集约利用土地资源的责任；承担呈报省政府、市政府审批的改制企事业单位国有土地资产的处置等等。', '青岛', '其他', '季结（90天）结算周期', '有效', '青岛市国土资源和房屋管理局', '金融解决方案业务部', null, null, '2017-10-16 13:44:46', '22', null, null, null, '00');
INSERT INTO "VOTE"."PM_CUSTOMER_INFO" VALUES ('383', '青岛市房地产资源信息服务有限公司', null, '中国', '1000001421', null, '91370213095094053C', 'Blank', '青岛市市南区瞿塘峡路20号', '主营业务客户', null, '政府', '中国', '计算机系统服务；数据处理；计算机维修；基础软件服务；应用软件服务；记录媒介的复制；计算机、软件及辅助设备批发、零售；地理信息系统工程技术开发、技术服务；房地产中介服务；会议及展览服务。', '青岛', '其他', '季结（90天）结算周期', '有效', '青岛市房地产信息与交易资金监管中心', '金融解决方案业务部', null, null, '2017-09-29 10:53:09', '22', null, null, null, '00');
INSERT INTO "VOTE"."PM_CUSTOMER_INFO" VALUES ('384', '大丰银行股份有限公司', null, '中国', '1000001414', 'Tai Fung Bank', '791', 'Blank', '澳门宋玉生广场418号大丰银行总行大厦', '主营业务客户', null, '金融', '中国', '各项存款、放款、押汇以外，近年并积极发展新业务品种，配合新科技，务求与时代并进。', '澳门', '金融', '季结（90天）结算周期', '有效', '大丰银行股份有限公司', '金融解决方案业务部', null, null, '2017-09-25 09:59:43', '22', null, null, null, '00');
INSERT INTO "VOTE"."PM_CUSTOMER_INFO" VALUES ('385', '江苏银行股份有限公司南通分行', null, '中国', '1000001366', null, '9132060025183486XC', 'Blank', '南通市南大街300号', '主营业务客户', null, '金融', '中国', '金融，银行', '南通市', '金融', '两月结（60天）结算周期', '有效', '江苏银行股份有限公司', '金融解决方案业务部', null, null, '2017-09-05 11:24:16', '22', null, null, null, '00');
INSERT INTO "VOTE"."PM_CUSTOMER_INFO" VALUES ('386', '天津银行股份有限公司第一中心支行', null, '中国', '1000001332', null, '911201018031628630', 'Blank', '天津市和平区西康路2号康宁大厦A座', '主营业务客户', null, '金融', '中国', '办理人民币存款、贷款、结算业务；办理票据贴现；代理发行金融债券；代理发行、代理兑付、销售政府债券；买卖政府债券；代理收付款项及保险兼业代理；办理外币储蓄、外币兑换业务；其总行在中国银行业监督管理委员会批准的业务范围内授权的业务；经中国银行业监督管理委员会批准的其它业务。', '天津', '金融', '季结（90天）结算周期', '有效', '未维护', '金融解决方案业务部', null, null, '2017-08-08 09:38:55', '22', null, null, null, '00');
INSERT INTO "VOTE"."PM_CUSTOMER_INFO" VALUES ('387', '上海市闵行区七宝镇房管办事处', null, '中国', '1000001328', null, '12345', 'Blank', '吴宝路35号2楼', '主营业务客户', null, '政府', '中国', '房管办事处', '上海', '政府/非营利机构', '月结(30天)结算周期', '有效', '上海市物业管理事务中心', '金融解决方案业务部', null, null, '2017-08-03 17:09:00', '22', null, null, null, '00');
INSERT INTO "VOTE"."PM_CUSTOMER_INFO" VALUES ('388', '深圳前海星概念信息技术有限公司', null, '中国', '1000001306', null, '91440300MA5DQOPX98', 'Blank', '深圳市前海深港合作区前海一路1号A栋201室', '主营业务客户', null, '金融', '中国', '领先的信息显示产品及行业解决方案提供商，以面向全球提供领先的信息显示产品，专业的行业解决方案以及优质的品牌服务，', '深圳', '金融', '季结（90天）结算周期', '有效', '深圳前海星概念信息技术有限公司', '金融解决方案业务部', null, null, '2017-07-25 15:10:38', '22', null, null, null, '00');
INSERT INTO "VOTE"."PM_CUSTOMER_INFO" VALUES ('389', '阳光资产管理股份有限公司', null, '中国', '1000001280', null, '91440300058959652N', 'Blank', '深圳市南山区临海路海运中心主塔楼609房', '主营业务客户', null, '金融', '中国', '受托管理委托人委托的人民币、外币资金；管理运用自有人民币', '北京', '金融', '季结（90天）结算周期', '有效', '阳光资产管理股份有限公司', '金融解决方案', null, null, '2017-07-11 09:10:50', '22', null, null, null, '00');

-- ----------------------------
-- Table structure for PM_FILE
-- ----------------------------
DROP TABLE "VOTE"."PM_FILE";
CREATE TABLE "VOTE"."PM_FILE" (
"FILE_ID" NUMBER(10) NOT NULL ,
"FILE_UPLOAD_NAME" VARCHAR2(256 BYTE) NULL ,
"FILE_PATH" VARCHAR2(512 BYTE) NULL ,
"FILE_SAVE_NAME" VARCHAR2(256 BYTE) NULL ,
"UPLOAD_TYPE" CHAR(2 BYTE) NULL ,
"FILE_SIZE" NUMBER(10) NULL ,
"FOREIGN_ID" NUMBER(10) NULL ,
"FOREIGN_CODE" VARCHAR2(32 BYTE) NULL ,
"REMARK" VARCHAR2(256 BYTE) NULL ,
"CREATOR_ID" NUMBER(10) NULL ,
"CREATE_TIME" VARCHAR2(32 BYTE) NULL ,
"MODIFIER" NUMBER(10) NULL ,
"MODIFY_TIME" VARCHAR2(32 BYTE) NULL ,
"IS_DELETE" CHAR(2 BYTE) NULL 
)
LOGGING
NOCOMPRESS
NOCACHE

;

-- ----------------------------
-- Records of PM_FILE
-- ----------------------------
INSERT INTO "VOTE"."PM_FILE" VALUES ('19', '副本WBS增量表（2018年）.xlsx', 'D://upload/20181109/副本WBS增量表（2018年）.xlsxOFJr', null, '00', '135932', '11', null, null, '22', '20181109212710', null, null, '00');
INSERT INTO "VOTE"."PM_FILE" VALUES ('1', '副本金融业务部利润中心和成本中心结构-整理.xlsx', 'D://upload/20181108/副本金融业务部利润中心和成本中心结构-整理.xlsxfNoB', null, null, null, '1', null, null, '1000', '20181108222815', null, null, '00');
INSERT INTO "VOTE"."PM_FILE" VALUES ('9', '副本金融业务部利润中心和成本中心结构-整理.xlsx', 'D://upload/20181108/副本金融业务部利润中心和成本中心结构-整理.xlsxDpoA', null, '00', '18922', null, null, null, '22', '20181108230251', null, null, '00');
INSERT INTO "VOTE"."PM_FILE" VALUES ('10', '副本金融SAP编码-BMO提供.xlsx', 'D://upload/20181108/副本金融SAP编码-BMO提供.xlsx4I9n', null, '00', '13130', null, null, null, '22', '20181108231407', null, null, '00');
INSERT INTO "VOTE"."PM_FILE" VALUES ('11', '副本WBS增量表（2018年）.xlsx', 'D://upload/20181108/副本WBS增量表（2018年）.xlsx9tND', null, '00', '135932', null, null, null, '22', '20181108231520', null, null, '00');
INSERT INTO "VOTE"."PM_FILE" VALUES ('12', '副本金融业务部利润中心和成本中心结构-整理.xlsx', 'D://upload/20181108/副本金融业务部利润中心和成本中心结构-整理.xlsx2FCr', null, '00', '18922', null, null, null, '22', '20181108231827', null, null, '00');
INSERT INTO "VOTE"."PM_FILE" VALUES ('13', '副本金融SAP编码-BMO提供.xlsx', 'D://upload/20181108/副本金融SAP编码-BMO提供.xlsxxFlv', null, '00', '13130', null, null, null, '22', '20181108232106', null, null, '00');
INSERT INTO "VOTE"."PM_FILE" VALUES ('14', '副本WBS增量表（2018年）.xlsx', 'D://upload/20181108/副本WBS增量表（2018年）.xlsxJh57', null, '00', '135932', null, null, null, '1000', '20181108232320', null, null, '00');
INSERT INTO "VOTE"."PM_FILE" VALUES ('15', '副本金融业务部利润中心和成本中心结构-整理.xlsx', 'D://upload/20181108/副本金融业务部利润中心和成本中心结构-整理.xlsxuBwi', null, '00', '18922', null, null, null, '1000', '20181108232417', null, null, '00');
INSERT INTO "VOTE"."PM_FILE" VALUES ('16', '副本WBS增量表（2018年）.xlsx', 'D://upload/20181108/副本WBS增量表（2018年）.xlsxF22o', null, '00', '135932', null, null, null, '1000', '20181108232552', null, null, '00');
INSERT INTO "VOTE"."PM_FILE" VALUES ('6', '副本金融SAP编码-BMO提供.xlsx', 'D://upload/20181108/副本金融SAP编码-BMO提供.xlsxp8FF', null, '00', '13130', null, null, null, '1000', '20181108225920', null, null, '00');
INSERT INTO "VOTE"."PM_FILE" VALUES ('7', 'R00-项目基本信息表（1-9事业部）.xls', 'D://upload/20181108/R00-项目基本信息表（1-9事业部）.xlscqGB', null, '00', '499200', null, null, null, '1000', '20181108225920', null, null, '00');
INSERT INTO "VOTE"."PM_FILE" VALUES ('17', '副本WBS增量表（2018年）.xlsx', 'D://upload/20181108/副本WBS增量表（2018年）.xlsxghj3', null, '00', '135932', null, null, null, '22', '20181108232838', null, null, '00');
INSERT INTO "VOTE"."PM_FILE" VALUES ('5', '副本金融SAP编码-BMO提供.xlsx', 'D://upload/20181108/副本金融SAP编码-BMO提供.xlsxCN7N', null, '00', '13130', null, null, null, '1000', '20181108224919', null, null, '00');
INSERT INTO "VOTE"."PM_FILE" VALUES ('8', '副本WBS增量表（2018年）.xlsx', 'D://upload/20181108/副本WBS增量表（2018年）.xlsx9FI4', null, '00', '135932', null, null, null, '22', '20181108230251', null, null, '00');
INSERT INTO "VOTE"."PM_FILE" VALUES ('18', '副本金融SAP编码-BMO提供.xlsx', 'D://upload/20181108/副本金融SAP编码-BMO提供.xlsx8jye', null, '00', '13130', '10', null, null, '22', '20181108233627', null, null, '00');

-- ----------------------------
-- Table structure for PM_PAYMENT_POINT
-- ----------------------------
DROP TABLE "VOTE"."PM_PAYMENT_POINT";
CREATE TABLE "VOTE"."PM_PAYMENT_POINT" (
"PAYMENT_ID" NUMBER(10) NOT NULL ,
"PAYMENT_FOREIGN_ID" NUMBER(10) NULL ,
"PAYMENT_FOREIGN_CODE" VARCHAR2(32 BYTE) NULL ,
"PAYMENT_TYPE" CHAR(2 BYTE) NULL ,
"PAYMENT_DATE" VARCHAR2(32 BYTE) NULL ,
"PAYMENT_TERM" NUMBER(10,2) NULL ,
"PAYMENT_RATE" NUMBER(10,4) NULL ,
"PAYMENT_AMOUNT" NUMBER(10,2) NULL ,
"REMARK" VARCHAR2(256 BYTE) NULL ,
"CREATOR_ID" NUMBER(10) NULL ,
"CREATE_TIME" VARCHAR2(32 BYTE) NULL ,
"MODIFIER" NUMBER(10) NULL ,
"MODIFY_TIME" VARCHAR2(32 BYTE) NULL ,
"IS_DELETE" CHAR(2 BYTE) NULL 
)
LOGGING
NOCOMPRESS
NOCACHE

;

-- ----------------------------
-- Records of PM_PAYMENT_POINT
-- ----------------------------

-- ----------------------------
-- Table structure for PM_PRODUCT_INFO
-- ----------------------------
DROP TABLE "VOTE"."PM_PRODUCT_INFO";
CREATE TABLE "VOTE"."PM_PRODUCT_INFO" (
"PRODUCT_ID" NUMBER(10) NOT NULL ,
"PRODUCT_CODE" VARCHAR2(32 BYTE) DEFAULT NULL  NULL ,
"PRODUCT_NAME" VARCHAR2(256 BYTE) DEFAULT NULL  NULL ,
"PRODUCT_SUGGEST_PRICE" NUMBER(10,2) DEFAULT NULL  NULL ,
"DEVELOPMENT_DEPT_NAME" VARCHAR2(256 BYTE) DEFAULT NULL  NULL ,
"DEVELOPMENT_DEPT_ID" NUMBER(16) DEFAULT NULL  NULL ,
"DEVELOPMENT_MANAGER_NAME" VARCHAR2(128 BYTE) DEFAULT NULL  NULL ,
"DEVELOPMENT_MANAGER_ID" NUMBER(10) DEFAULT NULL  NULL ,
"START_SALE_DATE" VARCHAR2(32 BYTE) DEFAULT NULL  NULL ,
"PRODUCT_TYPE" CHAR(2 BYTE) DEFAULT NULL  NULL ,
"REMARK" VARCHAR2(256 BYTE) DEFAULT NULL  NULL ,
"CREATOR_ID" NUMBER(10) DEFAULT NULL  NULL ,
"CREATE_TIME" VARCHAR2(32 BYTE) DEFAULT NULL  NULL ,
"MODIFIER" NUMBER(10) DEFAULT NULL  NULL ,
"MODIFY_TIME" VARCHAR2(32 BYTE) DEFAULT NULL  NULL ,
"IS_DELETE" CHAR(2 BYTE) DEFAULT NULL  NULL 
)
LOGGING
NOCOMPRESS
NOCACHE

;

-- ----------------------------
-- Records of PM_PRODUCT_INFO
-- ----------------------------
INSERT INTO "VOTE"."PM_PRODUCT_INFO" VALUES ('1', 'productCode', 'name', '1000', '研发部门', '1000', '研发经理', '1000', '2018-11-21', '00', '备注', '1000', '系统管理员', '1000', '20181106172603', '01');
INSERT INTO "VOTE"."PM_PRODUCT_INFO" VALUES ('2', null, 'dsad', '100', null, null, null, null, null, null, 'adas', '1000', '20181106081016', null, null, null);
INSERT INTO "VOTE"."PM_PRODUCT_INFO" VALUES ('3', 'code', '产品名称：', '1000', '金融政府事业群', '1000', '系统管理员', '1000', '2018-11-09 00:00:00', '01', 'sss', '1000', '20181106173117', null, null, '00');

-- ----------------------------
-- Table structure for PM_PRODUCT_PROJECT_RELATION
-- ----------------------------
DROP TABLE "VOTE"."PM_PRODUCT_PROJECT_RELATION";
CREATE TABLE "VOTE"."PM_PRODUCT_PROJECT_RELATION" (
"PRODUCT_RELATION_ID" NUMBER(10) NOT NULL ,
"PRODUCT_NAME" VARCHAR2(256 BYTE) DEFAULT NULL  NULL ,
"PRODUCT_ID" NUMBER(10) DEFAULT NULL  NULL ,
"PRODUCT_GROUP_ID" NUMBER(10) DEFAULT NULL  NULL ,
"PROJECT_ID" NUMBER(10) DEFAULT NULL  NULL ,
"BUILD_DEPT_NAME" VARCHAR2(256 BYTE) DEFAULT NULL  NULL ,
"CUST_NAME" VARCHAR2(256 BYTE) DEFAULT NULL  NULL ,
"CUST_CODE" VARCHAR2(255 BYTE) DEFAULT NULL  NULL ,
"CUST_SAP_CODE" VARCHAR2(32 BYTE) DEFAULT NULL  NULL ,
"PROJECT_NAME" VARCHAR2(255 BYTE) DEFAULT NULL  NULL ,
"REMARK" VARCHAR2(256 BYTE) DEFAULT NULL  NULL ,
"CREATOR_ID" NUMBER(10) DEFAULT NULL  NULL ,
"CREATE_TIME" VARCHAR2(32 BYTE) DEFAULT NULL  NULL ,
"MODIFIER" NUMBER(10) DEFAULT NULL  NULL ,
"MODIFY_TIME" VARCHAR2(32 BYTE) DEFAULT NULL  NULL ,
"IS_DELETE" CHAR(2 BYTE) DEFAULT NULL  NULL 
)
LOGGING
NOCOMPRESS
NOCACHE

;

-- ----------------------------
-- Records of PM_PRODUCT_PROJECT_RELATION
-- ----------------------------

-- ----------------------------
-- Table structure for PM_PROJECT_GROUP_INFO
-- ----------------------------
DROP TABLE "VOTE"."PM_PROJECT_GROUP_INFO";
CREATE TABLE "VOTE"."PM_PROJECT_GROUP_INFO" (
"PROJECT_GROUP_ID" NUMBER(10) NOT NULL ,
"PROJECT_ID" NUMBER(10) NULL ,
"WBS" VARCHAR2(32 BYTE) NULL ,
"PROJECT_GROUP_NAME" VARCHAR2(64 BYTE) NULL ,
"GROUP_MANAGER_CODE" VARCHAR2(64 BYTE) NULL ,
"GROUP_MANAGER_ID" NUMBER(10) NULL ,
"GROUP_CREATOR_ID" NUMBER(10) NULL ,
"GROUP_CREATOR_NAME" VARCHAR2(64 BYTE) NULL ,
"GROUP_CREATE_TIME" VARCHAR2(32 BYTE) NULL ,
"GROUP_STATUS" CHAR(2 BYTE) NULL ,
"MODIFIER" NUMBER(10) NULL ,
"MODIFY_TIME" VARCHAR2(32 BYTE) NULL ,
"IS_DELETE" CHAR(2 BYTE) NULL 
)
LOGGING
NOCOMPRESS
NOCACHE

;

-- ----------------------------
-- Records of PM_PROJECT_GROUP_INFO
-- ----------------------------

-- ----------------------------
-- Table structure for PM_PROJECT_GROUP_RELATION_INFO
-- ----------------------------
DROP TABLE "VOTE"."PM_PROJECT_GROUP_RELATION_INFO";
CREATE TABLE "VOTE"."PM_PROJECT_GROUP_RELATION_INFO" (
"RELATIONSHIP" NUMBER(10) NOT NULL ,
"PROJECT_GROUP_ID" NUMBER(10) NULL ,
"WBS" VARCHAR2(32 BYTE) NULL ,
"PROJECT_ID" NUMBER(10) NULL ,
"CREATE_TIME" VARCHAR2(32 BYTE) NULL ,
"CREATOR" NUMBER(10) NULL ,
"MODIFY_TIME" VARCHAR2(32 BYTE) NULL ,
"MODIFIER" NUMBER(10) NULL ,
"IS_DELETE" CHAR(2 BYTE) NULL 
)
LOGGING
NOCOMPRESS
NOCACHE

;

-- ----------------------------
-- Records of PM_PROJECT_GROUP_RELATION_INFO
-- ----------------------------

-- ----------------------------
-- Table structure for PM_PROJECT_INCOMMING_INFO
-- ----------------------------
DROP TABLE "VOTE"."PM_PROJECT_INCOMMING_INFO";
CREATE TABLE "VOTE"."PM_PROJECT_INCOMMING_INFO" (
"RECEIVE_ID" NUMBER(10) NOT NULL ,
"PROJECT_ID" NUMBER(10) NULL ,
"WBS" VARCHAR2(32 BYTE) NULL ,
"PROJECT_NAME" VARCHAR2(256 BYTE) NULL ,
"RECEIVE_MOUNT" NUMBER(10,2) NULL ,
"RECEIVE_DATE" VARCHAR2(32 BYTE) NULL ,
"CREATOR" NUMBER(10) NULL ,
"CREATE_TIME" VARCHAR2(32 BYTE) NULL ,
"RECEIVABLES" CHAR(2 BYTE) NULL ,
"IS_DELETE" CHAR(2 BYTE) NULL 
)
LOGGING
NOCOMPRESS
NOCACHE

;

-- ----------------------------
-- Records of PM_PROJECT_INCOMMING_INFO
-- ----------------------------

-- ----------------------------
-- Table structure for PM_PROJECT_INFO
-- ----------------------------
DROP TABLE "VOTE"."PM_PROJECT_INFO";
CREATE TABLE "VOTE"."PM_PROJECT_INFO" (
"PROJECT_ID" NUMBER(10) NOT NULL ,
"BUILD_DEPT_NAME" VARCHAR2(256 BYTE) NULL ,
"BUILD_DEPT_ID" NUMBER(10) NULL ,
"BUILD_MANAGER_NAME" VARCHAR2(256 BYTE) NULL ,
"BUILD_MANAGER_ID" NUMBER(10) NULL ,
"SELL_DEPT_NAME" VARCHAR2(256 BYTE) NULL ,
"SELL_DEPT_ID" NUMBER(10) NULL ,
"SELL_MANAGER_NAME" VARCHAR2(256 BYTE) NULL ,
"SELL_MANAGER_ID" NUMBER(10) NULL ,
"TECHNICAL_DIRECTOR_ID" NUMBER(10) NULL ,
"TECHNICAL_DIRECTOR_NAME" VARCHAR2(256 BYTE) NULL ,
"CREATE_PROJECT_TIME" VARCHAR2(32 BYTE) NULL ,
"FINISH_PROJECT_TIME" VARCHAR2(32 BYTE) NULL ,
"WBS" VARCHAR2(256 BYTE) NULL ,
"CUST_NAME" VARCHAR2(256 BYTE) NULL ,
"CUST_SAP_CODE" NUMBER(10) NULL ,
"PROJECT_NAME" VARCHAR2(256 BYTE) NULL ,
"CURRENT_YEAR_FOLLOW" CHAR(2 BYTE) NULL ,
"IS_CONTINUE" CHAR(2 BYTE) NULL ,
"PROJECT_STATUS" CHAR(2 BYTE) NULL ,
"STATE" CHAR(2 BYTE) NULL ,
"PROJECT_TYPE" CHAR(2 BYTE) NULL ,
"PREDICT_CONTRACT_AMOUNT" NUMBER(10,2) NULL ,
"PROFIT_CENTER" CHAR(2 BYTE) NULL ,
"PROFIT_CODE" VARCHAR2(32 BYTE) NULL ,
"COST_CENTER" CHAR(2 BYTE) NULL ,
"COST_CODE" VARCHAR2(32 BYTE) NULL ,
"PROFIT_RATE" NUMBER(10,4) NULL ,
"PROFIT_MOUNT" NUMBER(10,2) NULL ,
"WORK_LOAD" NUMBER(10,2) NULL ,
"CURREND_YEAR_INCOMMING" NUMBER(10,2) NULL ,
"CURRENT_YEAR_GROSS_PROFIT" NUMBER(10,2) NULL ,
"ALL_INCOMMING" NUMBER(10,2) NULL ,
"OVER_FLOW_REPORT_INCOMMING" NUMBER(10,2) NULL ,
"SIGN_CONTRACT_DATE" VARCHAR2(32 BYTE) NULL ,
"IS_SIGNED_CONTRACT" CHAR(2 BYTE) NULL ,
"FTP_CONTRACT_REVIEW_RESULT" CHAR(2 BYTE) NULL ,
"ONLINE_DATE" VARCHAR2(32 BYTE) NULL ,
"IS_ONLINE" CHAR(2 BYTE) NULL ,
"ONLINE_REPORT_REVIEW_RESULT" CHAR(2 BYTE) NULL ,
"ACCEPT_DATE" VARCHAR2(32 BYTE) NULL ,
"IS_ACCEPT" CHAR(2 BYTE) NULL ,
"FTP_REPORT_REVIEW_RESULT" CHAR(2 BYTE) NULL ,
"ONLINE_DATE_LATER" VARCHAR2(32 BYTE) NULL ,
"ACCEPT_DATE_LATER" VARCHAR2(32 BYTE) NULL ,
"ONLINE_NUM" VARCHAR2(32 BYTE) NULL ,
"ACCEPT_NUM" VARCHAR2(32 BYTE) NULL ,
"IS_IMPORTANT" CHAR(2 BYTE) NULL ,
"BUDGET" NUMBER(10,2) NULL ,
"CURRENT_YEAR_MOUNT" NUMBER(10,2) NULL ,
"INNER_ACCEPT_DATE" VARCHAR2(32 BYTE) NULL ,
"NET_SALARY" NUMBER(10,2) NULL ,
"YEAR_SALARY" NUMBER(10,2) NULL ,
"PREDICT_PROFIT_RATE" NUMBER(10,4) NULL ,
"PREDICT_CAPITA_SALARY" NUMBER(10,2) NULL ,
"PREDICT_CAPITA_COST" NUMBER(10,2) NULL ,
"PREDICT_WORKLOAD" NUMBER(10) NULL ,
"EMPLOYEE_COST" NUMBER(10,2) NULL ,
"BUSINESS_TRIP_COST" NUMBER(10,2) NULL ,
"OTHER_COST" NUMBER(10,2) NULL ,
"ACCRUED_CHARGES_WORKERS" NUMBER(10,2) NULL ,
"ACCRUED_CHARGES_PRODUCTS" NUMBER(10,2) NULL ,
"REMARK1" VARCHAR2(128 BYTE) NULL ,
"REMARK2" VARCHAR2(128 BYTE) NULL ,
"REMARK3" VARCHAR2(128 BYTE) NULL ,
"IS_DELETE" CHAR(2 BYTE) NULL ,
"CREATE_TIME" VARCHAR2(32 BYTE) NULL ,
"CREATOR" NUMBER(10) NULL ,
"MODIFY_TIME" VARCHAR2(32 BYTE) NULL ,
"MODIFIER" NUMBER(10) NULL 
)
LOGGING
NOCOMPRESS
NOCACHE

;

-- ----------------------------
-- Records of PM_PROJECT_INFO
-- ----------------------------

-- ----------------------------
-- Table structure for PM_PROJECT_MILESTONE_INFO
-- ----------------------------
DROP TABLE "VOTE"."PM_PROJECT_MILESTONE_INFO";
CREATE TABLE "VOTE"."PM_PROJECT_MILESTONE_INFO" (
"MILESTONE_ID" NUMBER(10) NOT NULL ,
"PROJECT_ID" NUMBER(10) NULL ,
"PROJECT_NAME" VARCHAR2(256 BYTE) NULL ,
"WBS" VARCHAR2(32 BYTE) NULL ,
"MILE_DATE" VARCHAR2(32 BYTE) NULL ,
"MILE_DESCRIPT" VARCHAR2(256 BYTE) NULL ,
"FINISH_STATUS" CHAR(2 BYTE) NULL ,
"CREATOR_ID" NUMBER(16) NULL ,
"CREATE_TIME" VARCHAR2(32 BYTE) NULL ,
"IS_DELETE" CHAR(2 BYTE) NULL 
)
LOGGING
NOCOMPRESS
NOCACHE

;

-- ----------------------------
-- Records of PM_PROJECT_MILESTONE_INFO
-- ----------------------------

-- ----------------------------
-- Table structure for PM_PROJECT_PROBLEM
-- ----------------------------
DROP TABLE "VOTE"."PM_PROJECT_PROBLEM";
CREATE TABLE "VOTE"."PM_PROJECT_PROBLEM" (
"PROBLEM_ID" NUMBER(10) NOT NULL ,
"PROJECT_ID" NUMBER(10) NULL ,
"PROJECT_NAME" VARCHAR2(256 BYTE) NULL ,
"WBS" VARCHAR2(32 BYTE) NULL ,
"PROBLEM_TYPE" CHAR(2 BYTE) NULL ,
"PROBLEM_DETAIL" VARCHAR2(512 BYTE) NULL ,
"CREATOR_ID" NUMBER(16) NULL ,
"CREATOR_NAME" VARCHAR2(256 BYTE) NULL ,
"CREATE_TIME" VARCHAR2(32 BYTE) NULL ,
"PROBLEM_STATUS" CHAR(2 BYTE) NULL ,
"IS_DELETE" CHAR(2 BYTE) NULL 
)
LOGGING
NOCOMPRESS
NOCACHE

;

-- ----------------------------
-- Records of PM_PROJECT_PROBLEM
-- ----------------------------

-- ----------------------------
-- Table structure for PM_REVIEW_COMMENT_INFO
-- ----------------------------
DROP TABLE "VOTE"."PM_REVIEW_COMMENT_INFO";
CREATE TABLE "VOTE"."PM_REVIEW_COMMENT_INFO" (
"COMMENT_ID" NUMBER(10) NOT NULL ,
"COMMENT_TYPE" CHAR(2 BYTE) NULL ,
"REVIEW_ID" NUMBER(10) NULL ,
"REVIEW_CODE" VARCHAR2(32 BYTE) NULL ,
"RESULT" CHAR(2 BYTE) NULL ,
"WROTEN_USER_ID" NUMBER(10) NULL ,
"WROTEN_USER_NAME" VARCHAR2(64 BYTE) NULL ,
"COMMENT_DETAIL" VARCHAR2(1024 BYTE) NULL ,
"WRITE_TIME" VARCHAR2(32 BYTE) NULL ,
"IS_DELETE" CHAR(2 BYTE) NULL 
)
LOGGING
NOCOMPRESS
NOCACHE

;

-- ----------------------------
-- Records of PM_REVIEW_COMMENT_INFO
-- ----------------------------

-- ----------------------------
-- Table structure for PM_REVIEW_INFO
-- ----------------------------
DROP TABLE "VOTE"."PM_REVIEW_INFO";
CREATE TABLE "VOTE"."PM_REVIEW_INFO" (
"REVIEW_ID" NUMBER(10) NOT NULL ,
"FOREIGN_ID" NUMBER(10) NULL ,
"FOREIGN_CODE" VARCHAR2(32 BYTE) NULL ,
"REVIEW_TYPE" CHAR(2 BYTE) NULL ,
"REVIEW_USER_NAME" VARCHAR2(64 BYTE) NULL ,
"REVIEW_USER_CODE" NUMBER(10) NULL ,
"RESULT" CHAR(2 BYTE) NULL ,
"IS_DELETE" CHAR(2 BYTE) NULL ,
"COMMENT_DETAIL" VARCHAR2(1024 BYTE) NULL 
)
LOGGING
NOCOMPRESS
NOCACHE

;

-- ----------------------------
-- Records of PM_REVIEW_INFO
-- ----------------------------
INSERT INTO "VOTE"."PM_REVIEW_INFO" VALUES ('1', '3', null, '00', null, null, null, '00', null);
INSERT INTO "VOTE"."PM_REVIEW_INFO" VALUES ('2', '11', null, '00', null, null, null, '01', null);
INSERT INTO "VOTE"."PM_REVIEW_INFO" VALUES ('3', '7', null, '00', null, null, null, '00', null);
INSERT INTO "VOTE"."PM_REVIEW_INFO" VALUES ('4', '11', null, '00', '系统管理员', '1000', '00', '01', null);
INSERT INTO "VOTE"."PM_REVIEW_INFO" VALUES ('5', '11', null, '00', '系统管理员_TEST2', '22', '00', '01', null);
INSERT INTO "VOTE"."PM_REVIEW_INFO" VALUES ('6', '11', null, '00', '系统管理员_TEST2', '22', '01', '01', null);
INSERT INTO "VOTE"."PM_REVIEW_INFO" VALUES ('7', '11', null, '00', '系统管理员', '1000', '00', '01', null);
INSERT INTO "VOTE"."PM_REVIEW_INFO" VALUES ('8', '11', null, '00', '系统管理员', '1000', '00', '01', null);
INSERT INTO "VOTE"."PM_REVIEW_INFO" VALUES ('9', '11', null, '00', '系统管理员_TEST2', '22', '00', '01', null);
INSERT INTO "VOTE"."PM_REVIEW_INFO" VALUES ('10', '1', null, '00', 'PMS_管理员（娄）', '41', null, '01', null);
INSERT INTO "VOTE"."PM_REVIEW_INFO" VALUES ('11', '1', null, '00', '系统管理员', '1000', '00', '01', null);
INSERT INTO "VOTE"."PM_REVIEW_INFO" VALUES ('12', '1', null, '00', '系统管理员', '1000', null, '00', null);

-- ----------------------------
-- Table structure for PM_SALE_GROUP_INFO
-- ----------------------------
DROP TABLE "VOTE"."PM_SALE_GROUP_INFO";
CREATE TABLE "VOTE"."PM_SALE_GROUP_INFO" (
"GROUP_ID" NUMBER(10) NOT NULL ,
"GROUP_NAME" VARCHAR2(256 BYTE) NULL ,
"OWNER_ORG_ID" NUMBER(16) NULL ,
"REMARK" VARCHAR2(256 BYTE) NULL ,
"CREATOR_ID" NUMBER(10) NULL ,
"CREATE_TIME" VARCHAR2(32 BYTE) NULL ,
"MODIFIER" NUMBER(10) NULL ,
"MODIFY_TIME" VARCHAR2(32 BYTE) NULL ,
"IS_DELETE" CHAR(2 BYTE) NULL ,
"GROUP_CODE" VARCHAR2(32 BYTE) NULL ,
"OWNER_ORG_NAME" VARCHAR2(255 BYTE) NULL 
)
LOGGING
NOCOMPRESS
NOCACHE

;

-- ----------------------------
-- Records of PM_SALE_GROUP_INFO
-- ----------------------------
INSERT INTO "VOTE"."PM_SALE_GROUP_INFO" VALUES ('2', 'asd', '1', 'sddss', '1000', '2018-10-10', '22', null, '01', 'aaa', null);
INSERT INTO "VOTE"."PM_SALE_GROUP_INFO" VALUES ('1', null, null, null, '1000', '20181104154226960', '22', null, '01', null, null);
INSERT INTO "VOTE"."PM_SALE_GROUP_INFO" VALUES ('5', 'dasda', null, null, '22', '20181104191948281', '22', null, '01', null, null);
INSERT INTO "VOTE"."PM_SALE_GROUP_INFO" VALUES ('6', 'ddd', null, null, '22', '20181104193418061', '22', null, '01', null, null);
INSERT INTO "VOTE"."PM_SALE_GROUP_INFO" VALUES ('7', 'ddd', null, null, '22', '20181104193435878', '22', null, '01', null, null);
INSERT INTO "VOTE"."PM_SALE_GROUP_INFO" VALUES ('19', 'adas', '5', null, '1000', '20181104232918816', '1000', '20181106172542802', '00', 'XS201811046712', '管理中心');
INSERT INTO "VOTE"."PM_SALE_GROUP_INFO" VALUES ('20', 'asd', null, null, '1000', '20181104233029755', null, null, '00', 'XS201811041523', null);
INSERT INTO "VOTE"."PM_SALE_GROUP_INFO" VALUES ('21', 'asd', null, null, '1000', '20181104233111309', null, null, '00', 'XS201811044363', null);
INSERT INTO "VOTE"."PM_SALE_GROUP_INFO" VALUES ('22', 'asd', null, null, '1000', '20181104233138932', null, null, '00', 'XS201811049296', null);
INSERT INTO "VOTE"."PM_SALE_GROUP_INFO" VALUES ('2', 'dasda', null, null, '1000', '20181104160315720', '22', null, '01', null, null);
INSERT INTO "VOTE"."PM_SALE_GROUP_INFO" VALUES ('3', 'dasda', null, null, '1000', '20181104160346405', '22', null, '01', null, null);
INSERT INTO "VOTE"."PM_SALE_GROUP_INFO" VALUES ('4', 'ddddd', null, null, '1000', '20181104160618957', null, null, '00', null, null);
INSERT INTO "VOTE"."PM_SALE_GROUP_INFO" VALUES ('8', 'asdasdas', null, null, '22', '20181104193825785', null, null, '00', null, null);
INSERT INTO "VOTE"."PM_SALE_GROUP_INFO" VALUES ('9', 'dasd', null, null, '1000', '20181104194011590', null, null, '00', null, null);
INSERT INTO "VOTE"."PM_SALE_GROUP_INFO" VALUES ('10', 'ddaa', null, null, '1000', '20181104194024685', null, null, '00', null, null);
INSERT INTO "VOTE"."PM_SALE_GROUP_INFO" VALUES ('11', 'asdas', null, null, '1000', '20181104194235432', null, null, '00', null, null);
INSERT INTO "VOTE"."PM_SALE_GROUP_INFO" VALUES ('12', 'asdas', null, null, '1000', '20181104194344937', '22', null, '01', null, null);
INSERT INTO "VOTE"."PM_SALE_GROUP_INFO" VALUES ('16', 'asdasaaa', null, null, '1000', '20181104200315123', '22', null, '01', 'XS201811048960', null);
INSERT INTO "VOTE"."PM_SALE_GROUP_INFO" VALUES ('17', 'asda', null, null, '22', '20181104200633842', null, null, '00', 'XS201811048864', null);
INSERT INTO "VOTE"."PM_SALE_GROUP_INFO" VALUES ('18', 'asda', null, null, '1000', '20181104200944280', null, null, '00', 'XS201811043928', null);
INSERT INTO "VOTE"."PM_SALE_GROUP_INFO" VALUES ('13', 'asd', null, null, '1000', '20181104194548457', null, null, '00', null, null);
INSERT INTO "VOTE"."PM_SALE_GROUP_INFO" VALUES ('14', 'asdaa', null, null, '1000', '20181104195049221', '22', null, '01', null, null);
INSERT INTO "VOTE"."PM_SALE_GROUP_INFO" VALUES ('15', 'asdaa', null, null, '1000', '20181104195154489', null, null, '00', null, null);

-- ----------------------------
-- Table structure for PM_SALE_MEMBER_INFO
-- ----------------------------
DROP TABLE "VOTE"."PM_SALE_MEMBER_INFO";
CREATE TABLE "VOTE"."PM_SALE_MEMBER_INFO" (
"MENBER_USR_ID" NUMBER(10) NOT NULL ,
"GROUP_CODE" VARCHAR2(32 BYTE) DEFAULT NULL  NOT NULL ,
"MEMBER_TYPE" VARCHAR2(512 BYTE) DEFAULT NULL  NULL ,
"REMARK" VARCHAR2(256 BYTE) DEFAULT NULL  NULL ,
"CREATOR_ID" NUMBER(10) DEFAULT NULL  NULL ,
"CREATE_TIME" VARCHAR2(32 BYTE) DEFAULT NULL  NULL ,
"MODIFIER" NUMBER(10) DEFAULT NULL  NULL ,
"MODIFY_TIME" VARCHAR2(32 BYTE) DEFAULT NULL  NULL ,
"IS_DELETE" CHAR(2 BYTE) DEFAULT NULL  NULL ,
"MENBER_USR_NAME" VARCHAR2(255 BYTE) NULL 
)
LOGGING
NOCOMPRESS
NOCACHE

;

-- ----------------------------
-- Records of PM_SALE_MEMBER_INFO
-- ----------------------------
INSERT INTO "VOTE"."PM_SALE_MEMBER_INFO" VALUES ('1000', 'XS201811044171', '00', null, '1000', '20181104195209293', '0', null, '00', null);
INSERT INTO "VOTE"."PM_SALE_MEMBER_INFO" VALUES ('1000', 'XS201811043928', '00', null, '1000', '20181104200948011', null, null, '00', null);
INSERT INTO "VOTE"."PM_SALE_MEMBER_INFO" VALUES ('41', 'XS201811046712', '00', null, '1000', '20181106172542825', null, null, '00', null);
INSERT INTO "VOTE"."PM_SALE_MEMBER_INFO" VALUES ('1000', 'XS201811046712', '00', null, '1000', '20181106172542825', null, null, '00', null);

-- ----------------------------
-- Table structure for REVIEW_INFO
-- ----------------------------
DROP TABLE "VOTE"."REVIEW_INFO";
CREATE TABLE "VOTE"."REVIEW_INFO" (
"REVIEW_ID" NUMBER(10) NOT NULL ,
"PROJECT_ID" NUMBER(10) NULL ,
"REVIEW_TYPE" CHAR(2 BYTE) NULL ,
"REVIEW_USER_NAME" VARCHAR2(64 BYTE) NULL ,
"REVIEW_USER_CODE" NUMBER(10) NULL ,
"RESULT" CHAR(2 BYTE) NULL ,
"IS_DELETE" CHAR(2 BYTE) NULL 
)
LOGGING
NOCOMPRESS
NOCACHE

;

-- ----------------------------
-- Records of REVIEW_INFO
-- ----------------------------

-- ----------------------------
-- Table structure for ROLE
-- ----------------------------
DROP TABLE "VOTE"."ROLE";
CREATE TABLE "VOTE"."ROLE" (
"ROLE_ID" NUMBER(16) NOT NULL ,
"ROLE_NAME" VARCHAR2(40 BYTE) NULL ,
"ROLE_RMK" VARCHAR2(264 BYTE) NULL ,
"TM_SMP" VARCHAR2(14 BYTE) NULL ,
"ROLE_CODE" VARCHAR2(64 BYTE) NULL 
)
LOGGING
NOCOMPRESS
NOCACHE

;
COMMENT ON TABLE "VOTE"."ROLE" IS '角色表';
COMMENT ON COLUMN "VOTE"."ROLE"."ROLE_ID" IS '角色ID';
COMMENT ON COLUMN "VOTE"."ROLE"."ROLE_NAME" IS '角色名称';
COMMENT ON COLUMN "VOTE"."ROLE"."ROLE_RMK" IS '角色描述';
COMMENT ON COLUMN "VOTE"."ROLE"."TM_SMP" IS '创建时间';

-- ----------------------------
-- Records of ROLE
-- ----------------------------
INSERT INTO "VOTE"."ROLE" VALUES ('33', '销售部负责人', '销售部负责人', '20181103', null);
INSERT INTO "VOTE"."ROLE" VALUES ('31', '总经理', '总经理室', '20181103', null);
INSERT INTO "VOTE"."ROLE" VALUES ('999', '系统管理员', '系统管理员', '20180101', null);
INSERT INTO "VOTE"."ROLE" VALUES ('32', '实施管理部负责人', '实施管理部负责人', '20181103', null);
INSERT INTO "VOTE"."ROLE" VALUES ('34', '交付部负责人', ' 交付部负责人', '20181103', null);
INSERT INTO "VOTE"."ROLE" VALUES ('35', '后台管理部负责人', '后台管理部负责人', '20181103', null);
INSERT INTO "VOTE"."ROLE" VALUES ('36', '交付部经理', '交付部经理', '20181103', null);
INSERT INTO "VOTE"."ROLE" VALUES ('37', '客户经理', '客户经理', '20181105', null);
INSERT INTO "VOTE"."ROLE" VALUES ('38', '普通用户', '普通用户', '20181103', null);
INSERT INTO "VOTE"."ROLE" VALUES ('51', '项目经理', '项目经理', '20181105', null);
INSERT INTO "VOTE"."ROLE" VALUES ('52', '销售部助理', '销售部助理', '20181105', null);
INSERT INTO "VOTE"."ROLE" VALUES ('53', '后台管理部助理', '后台管理部助理', '20181105', null);

-- ----------------------------
-- Table structure for ROLE_MENU
-- ----------------------------
DROP TABLE "VOTE"."ROLE_MENU";
CREATE TABLE "VOTE"."ROLE_MENU" (
"ROLE_ID" NUMBER(16) NOT NULL ,
"MENU_ID" NUMBER(16) NOT NULL ,
"TM_SMP" VARCHAR2(14 BYTE) NULL 
)
LOGGING
NOCOMPRESS
NOCACHE

;
COMMENT ON TABLE "VOTE"."ROLE_MENU" IS '角色菜单表';
COMMENT ON COLUMN "VOTE"."ROLE_MENU"."ROLE_ID" IS '角色ID';
COMMENT ON COLUMN "VOTE"."ROLE_MENU"."MENU_ID" IS '菜单ID';
COMMENT ON COLUMN "VOTE"."ROLE_MENU"."TM_SMP" IS '创建时间';

-- ----------------------------
-- Records of ROLE_MENU
-- ----------------------------
INSERT INTO "VOTE"."ROLE_MENU" VALUES ('35', '1084', '20181103');
INSERT INTO "VOTE"."ROLE_MENU" VALUES ('35', '1066', '20181103');
INSERT INTO "VOTE"."ROLE_MENU" VALUES ('35', '1044', '20181103');
INSERT INTO "VOTE"."ROLE_MENU" VALUES ('35', '1087', '20181103');
INSERT INTO "VOTE"."ROLE_MENU" VALUES ('35', '1027', '20181103');
INSERT INTO "VOTE"."ROLE_MENU" VALUES ('32', '1026', '20181103');
INSERT INTO "VOTE"."ROLE_MENU" VALUES ('32', '1085', '20181103');
INSERT INTO "VOTE"."ROLE_MENU" VALUES ('35', '1026', '20181103');
INSERT INTO "VOTE"."ROLE_MENU" VALUES ('35', '1085', '20181103');
INSERT INTO "VOTE"."ROLE_MENU" VALUES ('32', '1084', '20181103');
INSERT INTO "VOTE"."ROLE_MENU" VALUES ('32', '1066', '20181103');
INSERT INTO "VOTE"."ROLE_MENU" VALUES ('32', '1044', '20181103');
INSERT INTO "VOTE"."ROLE_MENU" VALUES ('32', '1087', '20181103');
INSERT INTO "VOTE"."ROLE_MENU" VALUES ('32', '1027', '20181103');
INSERT INTO "VOTE"."ROLE_MENU" VALUES ('37', '1026', '20181103');
INSERT INTO "VOTE"."ROLE_MENU" VALUES ('37', '1087', '20181103');
INSERT INTO "VOTE"."ROLE_MENU" VALUES ('36', '1026', '20181103');
INSERT INTO "VOTE"."ROLE_MENU" VALUES ('36', '1087', '20181103');
INSERT INTO "VOTE"."ROLE_MENU" VALUES ('33', '1026', '20181103');
INSERT INTO "VOTE"."ROLE_MENU" VALUES ('33', '1087', '20181103');
INSERT INTO "VOTE"."ROLE_MENU" VALUES ('34', '1026', '20181103');
INSERT INTO "VOTE"."ROLE_MENU" VALUES ('34', '1087', '20181103');
INSERT INTO "VOTE"."ROLE_MENU" VALUES ('999', '100004', '20181109');
INSERT INTO "VOTE"."ROLE_MENU" VALUES ('999', '100008', '20181109');
INSERT INTO "VOTE"."ROLE_MENU" VALUES ('999', '100007', '20181109');
INSERT INTO "VOTE"."ROLE_MENU" VALUES ('999', '100003', '20181109');
INSERT INTO "VOTE"."ROLE_MENU" VALUES ('999', '100005', '20181109');
INSERT INTO "VOTE"."ROLE_MENU" VALUES ('999', '1026', '20181109');
INSERT INTO "VOTE"."ROLE_MENU" VALUES ('999', '1085', '20181109');
INSERT INTO "VOTE"."ROLE_MENU" VALUES ('999', '1064', '20181109');
INSERT INTO "VOTE"."ROLE_MENU" VALUES ('999', '1084', '20181109');
INSERT INTO "VOTE"."ROLE_MENU" VALUES ('999', '1066', '20181109');
INSERT INTO "VOTE"."ROLE_MENU" VALUES ('999', '1044', '20181109');
INSERT INTO "VOTE"."ROLE_MENU" VALUES ('999', '1087', '20181109');
INSERT INTO "VOTE"."ROLE_MENU" VALUES ('999', '1028', '20181109');
INSERT INTO "VOTE"."ROLE_MENU" VALUES ('999', '1145', '20181109');
INSERT INTO "VOTE"."ROLE_MENU" VALUES ('999', '1124', '20181109');
INSERT INTO "VOTE"."ROLE_MENU" VALUES ('999', '1144', '20181109');
INSERT INTO "VOTE"."ROLE_MENU" VALUES ('38', '100001', '20181109');
INSERT INTO "VOTE"."ROLE_MENU" VALUES ('38', '100002', '20181109');
INSERT INTO "VOTE"."ROLE_MENU" VALUES ('38', '100004', '20181109');
INSERT INTO "VOTE"."ROLE_MENU" VALUES ('1', '100004', '20181102');
INSERT INTO "VOTE"."ROLE_MENU" VALUES ('1', '100008', '20181102');
INSERT INTO "VOTE"."ROLE_MENU" VALUES ('1', '100007', '20181102');
INSERT INTO "VOTE"."ROLE_MENU" VALUES ('1', '100003', '20181102');
INSERT INTO "VOTE"."ROLE_MENU" VALUES ('1', '100005', '20181102');
INSERT INTO "VOTE"."ROLE_MENU" VALUES ('1', '1000', '20181102');
INSERT INTO "VOTE"."ROLE_MENU" VALUES ('1', '1001', '20181102');
INSERT INTO "VOTE"."ROLE_MENU" VALUES ('1', '1002', '20181102');
INSERT INTO "VOTE"."ROLE_MENU" VALUES ('1', '1003', '20181102');
INSERT INTO "VOTE"."ROLE_MENU" VALUES ('1', '1004', '20181102');
INSERT INTO "VOTE"."ROLE_MENU" VALUES ('1', '1026', '20181102');
INSERT INTO "VOTE"."ROLE_MENU" VALUES ('1', '1085', '20181102');
INSERT INTO "VOTE"."ROLE_MENU" VALUES ('1', '1064', '20181102');
INSERT INTO "VOTE"."ROLE_MENU" VALUES ('1', '1084', '20181102');
INSERT INTO "VOTE"."ROLE_MENU" VALUES ('1', '1066', '20181102');
INSERT INTO "VOTE"."ROLE_MENU" VALUES ('1', '1044', '20181102');
INSERT INTO "VOTE"."ROLE_MENU" VALUES ('1', '1087', '20181102');
INSERT INTO "VOTE"."ROLE_MENU" VALUES ('1', '1028', '20181102');
INSERT INTO "VOTE"."ROLE_MENU" VALUES ('38', '100008', '20181109');
INSERT INTO "VOTE"."ROLE_MENU" VALUES ('999', '100001', '20181109');
INSERT INTO "VOTE"."ROLE_MENU" VALUES ('1', '100001', '20181102');
INSERT INTO "VOTE"."ROLE_MENU" VALUES ('1', '100002', '20181102');
INSERT INTO "VOTE"."ROLE_MENU" VALUES ('999', '100002', '20181109');
INSERT INTO "VOTE"."ROLE_MENU" VALUES ('38', '100007', '20181109');
INSERT INTO "VOTE"."ROLE_MENU" VALUES ('38', '100003', '20181109');
INSERT INTO "VOTE"."ROLE_MENU" VALUES ('38', '100005', '20181109');
INSERT INTO "VOTE"."ROLE_MENU" VALUES ('38', '1026', '20181109');
INSERT INTO "VOTE"."ROLE_MENU" VALUES ('38', '1085', '20181109');
INSERT INTO "VOTE"."ROLE_MENU" VALUES ('38', '1064', '20181109');
INSERT INTO "VOTE"."ROLE_MENU" VALUES ('38', '1084', '20181109');
INSERT INTO "VOTE"."ROLE_MENU" VALUES ('38', '1066', '20181109');
INSERT INTO "VOTE"."ROLE_MENU" VALUES ('38', '1044', '20181109');
INSERT INTO "VOTE"."ROLE_MENU" VALUES ('38', '1087', '20181109');
INSERT INTO "VOTE"."ROLE_MENU" VALUES ('38', '1028', '20181109');
INSERT INTO "VOTE"."ROLE_MENU" VALUES ('38', '1145', '20181109');
INSERT INTO "VOTE"."ROLE_MENU" VALUES ('38', '1124', '20181109');
INSERT INTO "VOTE"."ROLE_MENU" VALUES ('38', '1144', '20181109');

-- ----------------------------
-- Table structure for TABLE_HEADER_INFO
-- ----------------------------
DROP TABLE "VOTE"."TABLE_HEADER_INFO";
CREATE TABLE "VOTE"."TABLE_HEADER_INFO" (
"TABLE_ID" NUMBER(10) NOT NULL ,
"TABLE_NAME" VARCHAR2(255 BYTE) NULL 
)
LOGGING
NOCOMPRESS
NOCACHE

;

-- ----------------------------
-- Records of TABLE_HEADER_INFO
-- ----------------------------

-- ----------------------------
-- Table structure for TABLE_TITLE_INFO
-- ----------------------------
DROP TABLE "VOTE"."TABLE_TITLE_INFO";
CREATE TABLE "VOTE"."TABLE_TITLE_INFO" (
"HEAD_ID" NUMBER(10) NOT NULL ,
"TABLE_ID" NUMBER NULL ,
"TITLE" VARCHAR2(255 BYTE) NULL ,
"FIELD" VARCHAR2(255 BYTE) NULL ,
"WIDTH" VARCHAR2(32 BYTE) DEFAULT 150  NULL ,
"SORT" NUMBER DEFAULT 0  NULL ,
"UNRESIZE" NUMBER DEFAULT 0  NULL ,
"OTHER" VARCHAR2(512 BYTE) NULL ,
"IS_DELETE" CHAR(2 BYTE) DEFAULT 01  NULL 
)
LOGGING
NOCOMPRESS
NOCACHE

;

-- ----------------------------
-- Records of TABLE_TITLE_INFO
-- ----------------------------

-- ----------------------------
-- Table structure for USR_INFO
-- ----------------------------
DROP TABLE "VOTE"."USR_INFO";
CREATE TABLE "VOTE"."USR_INFO" (
"USR_ID" NUMBER(10) NOT NULL ,
"USR_NO" VARCHAR2(64 BYTE) NULL ,
"USR_NAME" VARCHAR2(64 BYTE) NOT NULL ,
"SEX" CHAR(1 BYTE) NULL ,
"PASS_WORD" VARCHAR2(64 BYTE) NOT NULL ,
"BIRTH_DATE" VARCHAR2(14 BYTE) NULL ,
"MBL_NO" NUMBER(11) NULL ,
"EMAIL" VARCHAR2(64 BYTE) NULL ,
"OPER_USR" NUMBER(16) NULL ,
"USR_STA" CHAR(1 BYTE) NULL ,
"TM_SMP" VARCHAR2(14 BYTE) NULL ,
"ORG_NO" NUMBER(10) NULL ,
"ORG_TYPE" VARCHAR2(2 BYTE) NULL ,
"LICENCE_CODE" VARCHAR2(128 BYTE) NULL ,
"CERT_ID" VARCHAR2(40 BYTE) NULL ,
"SESSION_ID" VARCHAR2(150 BYTE) NULL ,
"LAST_ACTIVE_TIME" VARCHAR2(80 BYTE) NULL ,
"STR_REMARK" VARCHAR2(512 BYTE) NULL 
)
LOGGING
NOCOMPRESS
NOCACHE

;
COMMENT ON TABLE "VOTE"."USR_INFO" IS '用户信息';
COMMENT ON COLUMN "VOTE"."USR_INFO"."USR_ID" IS '用户ID';
COMMENT ON COLUMN "VOTE"."USR_INFO"."USR_NO" IS '用户代码';
COMMENT ON COLUMN "VOTE"."USR_INFO"."USR_NAME" IS '用户姓名';
COMMENT ON COLUMN "VOTE"."USR_INFO"."SEX" IS '性别';
COMMENT ON COLUMN "VOTE"."USR_INFO"."PASS_WORD" IS '登录密码';
COMMENT ON COLUMN "VOTE"."USR_INFO"."BIRTH_DATE" IS '出生日期';
COMMENT ON COLUMN "VOTE"."USR_INFO"."MBL_NO" IS '手机号码';
COMMENT ON COLUMN "VOTE"."USR_INFO"."EMAIL" IS '电子邮件';
COMMENT ON COLUMN "VOTE"."USR_INFO"."OPER_USR" IS '创建人';
COMMENT ON COLUMN "VOTE"."USR_INFO"."USR_STA" IS '0：正常、1：禁用、2：注销';
COMMENT ON COLUMN "VOTE"."USR_INFO"."TM_SMP" IS '创建日期';
COMMENT ON COLUMN "VOTE"."USR_INFO"."ORG_NO" IS '机构ID';
COMMENT ON COLUMN "VOTE"."USR_INFO"."ORG_TYPE" IS '01：市局
02：区(市/县)
03：街道
04：鉴定中心
05：鉴定机构';
COMMENT ON COLUMN "VOTE"."USR_INFO"."LICENCE_CODE" IS '证书编号';
COMMENT ON COLUMN "VOTE"."USR_INFO"."CERT_ID" IS '身份证号';
COMMENT ON COLUMN "VOTE"."USR_INFO"."STR_REMARK" IS '备注';

-- ----------------------------
-- Records of USR_INFO
-- ----------------------------
INSERT INTO "VOTE"."USR_INFO" VALUES ('41', null, 'PMS_管理员（娄）', '1', '111111', '2018-11-03', '13711111111', 'mailwork_sh@163.com', '22', '0', '20181103', null, '01', '111111111111111', '111111111111111', null, null, '111111');
INSERT INTO "VOTE"."USR_INFO" VALUES ('1000', 'Aoot', '系统管理员', '0', '111111', '20170523', '111111', '11111', null, '1', '20170217', '1000', '01', null, null, '687A5E69DB5A430DD39665F8C5902182', '20181109235037374', null);
INSERT INTO "VOTE"."USR_INFO" VALUES ('22', null, '系统管理员_TEST2', '1', '111111', '2018-10-12', '13666666666', '35q13w5eq@qq.com', '22', '1', '20181103', '1000', '01', '3123123', '420123123123123', null, '20181109234938501', 'asda');

-- ----------------------------
-- Table structure for USR_MENU
-- ----------------------------
DROP TABLE "VOTE"."USR_MENU";
CREATE TABLE "VOTE"."USR_MENU" (
"USR_ID" NUMBER(16) NOT NULL ,
"MENU_ID" NUMBER(16) NOT NULL ,
"TM_SMP" VARCHAR2(14 BYTE) NULL 
)
LOGGING
NOCOMPRESS
NOCACHE

;
COMMENT ON TABLE "VOTE"."USR_MENU" IS '用户菜单表';
COMMENT ON COLUMN "VOTE"."USR_MENU"."USR_ID" IS '用户ID';
COMMENT ON COLUMN "VOTE"."USR_MENU"."MENU_ID" IS '菜单ID';
COMMENT ON COLUMN "VOTE"."USR_MENU"."TM_SMP" IS '创建时间';

-- ----------------------------
-- Records of USR_MENU
-- ----------------------------

-- ----------------------------
-- Table structure for USR_ROLE
-- ----------------------------
DROP TABLE "VOTE"."USR_ROLE";
CREATE TABLE "VOTE"."USR_ROLE" (
"USR_ID" NUMBER(16) NOT NULL ,
"ROLE_ID" NUMBER(16) NOT NULL ,
"TM_SMP" VARCHAR2(14 BYTE) NULL 
)
LOGGING
NOCOMPRESS
NOCACHE

;
COMMENT ON TABLE "VOTE"."USR_ROLE" IS '用户角色表';
COMMENT ON COLUMN "VOTE"."USR_ROLE"."USR_ID" IS '用户ID';
COMMENT ON COLUMN "VOTE"."USR_ROLE"."ROLE_ID" IS '角色ID';
COMMENT ON COLUMN "VOTE"."USR_ROLE"."TM_SMP" IS '创建时间';

-- ----------------------------
-- Records of USR_ROLE
-- ----------------------------
INSERT INTO "VOTE"."USR_ROLE" VALUES ('2', '1', '20180731150933');
INSERT INTO "VOTE"."USR_ROLE" VALUES ('13', '1', '20180813165527');
INSERT INTO "VOTE"."USR_ROLE" VALUES ('1000', '38', '20181108215604');
INSERT INTO "VOTE"."USR_ROLE" VALUES ('22', '38', '20181109233955');

-- ----------------------------
-- Table structure for VOTE_APPLY_INFO
-- ----------------------------
DROP TABLE "VOTE"."VOTE_APPLY_INFO";
CREATE TABLE "VOTE"."VOTE_APPLY_INFO" (
"APPLY_ID" NUMBER NOT NULL ,
"INFO_ID" NUMBER NULL ,
"REGISTE_DATE" VARCHAR2(10 BYTE) NULL ,
"REGISTE_TIME" VARCHAR2(10 BYTE) NULL ,
"OWNER_NAME" VARCHAR2(80 BYTE) NULL ,
"CERT_CODE" VARCHAR2(80 BYTE) NULL ,
"LINK_PHONE" VARCHAR2(80 BYTE) NULL ,
"USER_ID" VARCHAR2(80 BYTE) NULL ,
"USER_PWD" VARCHAR2(80 BYTE) NULL ,
"PROP_CODE" VARCHAR2(80 BYTE) NULL ,
"APPLY_STATUS" VARCHAR2(10 BYTE) NULL 
)
LOGGING
NOCOMPRESS
NOCACHE

;
COMMENT ON TABLE "VOTE"."VOTE_APPLY_INFO" IS '业主注册申请表';

-- ----------------------------
-- Records of VOTE_APPLY_INFO
-- ----------------------------

-- ----------------------------
-- Table structure for VOTE_FILE_SIGN
-- ----------------------------
DROP TABLE "VOTE"."VOTE_FILE_SIGN";
CREATE TABLE "VOTE"."VOTE_FILE_SIGN" (
"SIGN_ID" NUMBER(16) NOT NULL ,
"RESULT_ID" NUMBER NULL ,
"FILE_TYPE_ID" NUMBER(16) NULL ,
"IS_SIGN" VARCHAR2(10 BYTE) NULL 
)
LOGGING
NOCOMPRESS
NOCACHE

;

-- ----------------------------
-- Records of VOTE_FILE_SIGN
-- ----------------------------

-- ----------------------------
-- Table structure for VOTE_HOUSE_INFO
-- ----------------------------
DROP TABLE "VOTE"."VOTE_HOUSE_INFO";
CREATE TABLE "VOTE"."VOTE_HOUSE_INFO" (
"INFO_ID" NUMBER NOT NULL ,
"INFO_ADDR" VARCHAR2(125 BYTE) NULL ,
"INFO_AREA" NUMBER(16,2) NULL ,
"OWNER_NAME" VARCHAR2(80 BYTE) NULL ,
"LINK_PHONE" VARCHAR2(20 BYTE) NULL ,
"CERT_CODE" VARCHAR2(80 BYTE) NULL ,
"PROP_CODE" VARCHAR2(80 BYTE) NULL ,
"DIST_NAME" VARCHAR2(80 BYTE) NULL ,
"SECT_ID" NUMBER NULL ,
"SECT_NAME" VARCHAR2(125 BYTE) NULL ,
"BUILD_CODE" VARCHAR2(80 BYTE) NULL ,
"UNIT_CODE" VARCHAR2(80 BYTE) NULL ,
"FLOOR_CODE" VARCHAR2(80 BYTE) NULL ,
"ROOM_CODE" VARCHAR2(80 BYTE) NULL ,
"HOUSE_ID" VARCHAR2(80 BYTE) NULL ,
"CREATE_DATE" VARCHAR2(10 BYTE) NULL ,
"CREATE_TIME" VARCHAR2(10 BYTE) NULL ,
"CREATE_WAYS" VARCHAR2(10 BYTE) NULL ,
"INFO_STATUS" VARCHAR2(10 BYTE) NULL ,
"INFO_REMARK" VARCHAR2(512 BYTE) NULL 
)
LOGGING
NOCOMPRESS
NOCACHE

;
COMMENT ON TABLE "VOTE"."VOTE_HOUSE_INFO" IS '房屋基本信息表';

-- ----------------------------
-- Records of VOTE_HOUSE_INFO
-- ----------------------------

-- ----------------------------
-- Table structure for VOTE_OWNER_HISTORY
-- ----------------------------
DROP TABLE "VOTE"."VOTE_OWNER_HISTORY";
CREATE TABLE "VOTE"."VOTE_OWNER_HISTORY" (
"RECORD_ID" VARCHAR2(80 BYTE) NOT NULL ,
"INFO_ID" NUMBER NULL ,
"INFO_ADDR" VARCHAR2(125 BYTE) NULL ,
"OWNER_NAME" VARCHAR2(80 BYTE) NULL ,
"LINK_PHONE" VARCHAR2(20 BYTE) NULL ,
"CERT_CODE" VARCHAR2(80 BYTE) NULL ,
"PORP_CODE" VARCHAR2(80 BYTE) NULL 
)
LOGGING
NOCOMPRESS
NOCACHE

;
COMMENT ON TABLE "VOTE"."VOTE_OWNER_HISTORY" IS '房屋业主历史记录表';

-- ----------------------------
-- Records of VOTE_OWNER_HISTORY
-- ----------------------------

-- ----------------------------
-- Table structure for VOTE_RESULT_INFO
-- ----------------------------
DROP TABLE "VOTE"."VOTE_RESULT_INFO";
CREATE TABLE "VOTE"."VOTE_RESULT_INFO" (
"RESULT_ID" NUMBER NOT NULL ,
"TOPIC_ID" NUMBER NULL ,
"INFO_ID" NUMBER NULL ,
"VOTE_DATE" VARCHAR2(10 BYTE) NULL ,
"VOTE_TIME" VARCHAR2(10 BYTE) NULL ,
"VOTE_WAYS" VARCHAR2(10 BYTE) NULL ,
"VOTE_RESULT" VARCHAR2(10 BYTE) NULL ,
"USER_ID" VARCHAR2(80 BYTE) NULL ,
"USER_NAME" VARCHAR2(80 BYTE) NULL ,
"CREATE_DATE" VARCHAR2(10 BYTE) NULL ,
"CREATE_TIME" VARCHAR2(10 BYTE) NULL 
)
LOGGING
NOCOMPRESS
NOCACHE

;
COMMENT ON TABLE "VOTE"."VOTE_RESULT_INFO" IS '表决结果信息表';

-- ----------------------------
-- Records of VOTE_RESULT_INFO
-- ----------------------------

-- ----------------------------
-- Table structure for VOTE_RESULT_SUM
-- ----------------------------
DROP TABLE "VOTE"."VOTE_RESULT_SUM";
CREATE TABLE "VOTE"."VOTE_RESULT_SUM" (
"TOPIC_ID" NUMBER NOT NULL ,
"SUM_COUNT" NUMBER(10) NULL ,
"SUM_AREA" NUMBER(16,2) NULL ,
"AGREE_HOU" NUMBER(10) NULL ,
"AGREE_HOU_RATE" NUMBER(16,2) NULL ,
"AGREE_AREA" NUMBER(16,2) NULL ,
"AGREE_AREA_RATE" NUMBER(16,2) NULL ,
"UNAGREE_HOU" NUMBER(10) NULL ,
"UNAGREE_HOU_RATE" NUMBER(16,2) NULL ,
"UNAGREE_AREA" NUMBER(16,2) NULL ,
"UNAGREE_AREA_RATE" NUMBER(16,2) NULL ,
"QUIT_HOU" NUMBER(10) NULL ,
"QUIT_HOU_RATE" NUMBER(16,2) NULL ,
"QUIT_AREA" NUMBER(16,2) NULL ,
"QUIT_AREA_RATE" NUMBER(16,2) NULL ,
"NONVOTE_HOU" NUMBER(10) NULL ,
"NONVOTE_HOU_RATE" NUMBER(16,2) NULL ,
"NONVOTE_AREA" NUMBER(16,2) NULL ,
"NONVOTE_AREA_RATE" NUMBER(16,2) NULL ,
"REMARK" VARCHAR2(512 BYTE) NULL 
)
LOGGING
NOCOMPRESS
NOCACHE

;
COMMENT ON TABLE "VOTE"."VOTE_RESULT_SUM" IS '表决结果汇总表';

-- ----------------------------
-- Records of VOTE_RESULT_SUM
-- ----------------------------

-- ----------------------------
-- Table structure for VOTE_SCOPE_INFO
-- ----------------------------
DROP TABLE "VOTE"."VOTE_SCOPE_INFO";
CREATE TABLE "VOTE"."VOTE_SCOPE_INFO" (
"TOPIC_ID" NUMBER NOT NULL ,
"INFO_ID" NUMBER NOT NULL ,
"INFO_AREA" NUMBER(16,2) NULL ,
"LAST_MODIFY_TIME" VARCHAR2(10 BYTE) NULL 
)
LOGGING
NOCOMPRESS
NOCACHE

;
COMMENT ON TABLE "VOTE"."VOTE_SCOPE_INFO" IS '表决范围信息表';

-- ----------------------------
-- Records of VOTE_SCOPE_INFO
-- ----------------------------

-- ----------------------------
-- Table structure for VOTE_SECT_INFO
-- ----------------------------
DROP TABLE "VOTE"."VOTE_SECT_INFO";
CREATE TABLE "VOTE"."VOTE_SECT_INFO" (
"SECT_ID" NUMBER NOT NULL ,
"SECT_NAME" VARCHAR2(80 BYTE) NULL ,
"DIST_NAME" VARCHAR2(80 BYTE) NULL ,
"SECT_ADDR" VARCHAR2(125 BYTE) NULL ,
"HOU_COUNT" NUMBER(10) NULL ,
"BUILD_COUNT" NUMBER(10) NULL ,
"INFO_AREA" NUMBER(16,2) NULL ,
"CREATE_DATE" VARCHAR2(10 BYTE) NULL ,
"CREATE_TIME" VARCHAR2(10 BYTE) NULL ,
"REMARK" VARCHAR2(512 BYTE) NULL 
)
LOGGING
NOCOMPRESS
NOCACHE

;
COMMENT ON TABLE "VOTE"."VOTE_SECT_INFO" IS '小区基本信息表';

-- ----------------------------
-- Records of VOTE_SECT_INFO
-- ----------------------------

-- ----------------------------
-- Table structure for VOTE_TOPIC_INFO
-- ----------------------------
DROP TABLE "VOTE"."VOTE_TOPIC_INFO";
CREATE TABLE "VOTE"."VOTE_TOPIC_INFO" (
"TOPIC_ID" NUMBER NOT NULL ,
"TOPIC_NAME" VARCHAR2(125 BYTE) NULL ,
"TOPIC_CONTENT" VARCHAR2(512 BYTE) NULL ,
"SUM_HS" NUMBER NULL ,
"SUM_AREA" NUMBER(16,2) NULL ,
"VOTE_START_DATE" VARCHAR2(10 BYTE) NULL ,
"VOTE_END_DATE" VARCHAR2(10 BYTE) NULL ,
"VOTE_STATUS" VARCHAR2(10 BYTE) NULL ,
"REMARK" VARCHAR2(512 BYTE) NULL ,
"APPLY_NAME" VARCHAR2(80 BYTE) NULL ,
"LINK_PHONE" VARCHAR2(80 BYTE) NULL ,
"USER_ID" VARCHAR2(80 BYTE) NULL ,
"ORG_ID" VARCHAR2(80 BYTE) NULL ,
"ORG_NAME" VARCHAR2(80 BYTE) NULL ,
"CREATE_DATE" VARCHAR2(10 BYTE) NULL ,
"CREATE_TIME" VARCHAR2(10 BYTE) NULL ,
"LINK_FLAG" VARCHAR2(10 BYTE) NULL ,
"WS_ID" NUMBER NULL ,
"SECT_ID" NUMBER NULL ,
"EFFECTIVE_STATUS" VARCHAR2(2 BYTE) NULL 
)
LOGGING
NOCOMPRESS
NOCACHE

;
COMMENT ON TABLE "VOTE"."VOTE_TOPIC_INFO" IS '表决主题信息表';

-- ----------------------------
-- Records of VOTE_TOPIC_INFO
-- ----------------------------

-- ----------------------------
-- Table structure for VOTE_WORKSPACE
-- ----------------------------
DROP TABLE "VOTE"."VOTE_WORKSPACE";
CREATE TABLE "VOTE"."VOTE_WORKSPACE" (
"WS_ID" NUMBER NOT NULL ,
"SECT_ID" NUMBER NULL ,
"WS_NAME" VARCHAR2(125 BYTE) NULL ,
"TOTAL_AMT" NUMBER(16,2) NULL ,
"REPAIR_CONTENT" VARCHAR2(512 BYTE) NULL ,
"REPAIR_REASON" VARCHAR2(512 BYTE) NULL ,
"OLD_WS_ID" VARCHAR2(80 BYTE) NULL ,
"HOU_COUNT" NUMBER NULL ,
"SUM_AREA" NUMBER(16,2) NULL ,
"WS_STAGE" VARCHAR2(20 BYTE) NULL ,
"CREATE_DATE" VARCHAR2(10 BYTE) NULL ,
"CREATE_TIME" VARCHAR2(10 BYTE) NULL ,
"REMARK" VARCHAR2(512 BYTE) NULL 
)
LOGGING
NOCOMPRESS
NOCACHE

;
COMMENT ON TABLE "VOTE"."VOTE_WORKSPACE" IS '维修工程信息表';

-- ----------------------------
-- Records of VOTE_WORKSPACE
-- ----------------------------

-- ----------------------------
-- Table structure for WY_AGENT
-- ----------------------------
DROP TABLE "VOTE"."WY_AGENT";
CREATE TABLE "VOTE"."WY_AGENT" (
"AGEID" NUMBER(16) NOT NULL ,
"AGEMC" VARCHAR2(80 BYTE) NULL ,
"AGEDM" VARCHAR2(40 BYTE) NULL ,
"AGELX" VARCHAR2(4 BYTE) NULL ,
"FRDB" VARCHAR2(36 BYTE) NULL ,
"FRSJ" VARCHAR2(11 BYTE) NULL ,
"LXR" VARCHAR2(40 BYTE) NULL ,
"LXDH" VARCHAR2(11 BYTE) NULL ,
"QYDZ" VARCHAR2(512 BYTE) NULL ,
"YYZZBH" VARCHAR2(40 BYTE) NULL ,
"ZJYXQ" VARCHAR2(10 BYTE) NULL ,
"ZZDJ" VARCHAR2(4 BYTE) NULL ,
"ZZBH" VARCHAR2(40 BYTE) NULL ,
"YZBM" VARCHAR2(6 BYTE) NULL ,
"QYYX" VARCHAR2(40 BYTE) NULL ,
"BZ" VARCHAR2(2000 BYTE) NULL 
)
LOGGING
NOCOMPRESS
NOCACHE

;
COMMENT ON TABLE "VOTE"."WY_AGENT" IS '第三方机构信息表';
COMMENT ON COLUMN "VOTE"."WY_AGENT"."AGEID" IS '第三方机构ID';
COMMENT ON COLUMN "VOTE"."WY_AGENT"."AGEMC" IS '第三方机构名称';
COMMENT ON COLUMN "VOTE"."WY_AGENT"."AGEDM" IS '第三方机构代码';
COMMENT ON COLUMN "VOTE"."WY_AGENT"."AGELX" IS '第三方机构类型';
COMMENT ON COLUMN "VOTE"."WY_AGENT"."FRDB" IS '法定代表人';
COMMENT ON COLUMN "VOTE"."WY_AGENT"."FRSJ" IS '法定代表人手机';
COMMENT ON COLUMN "VOTE"."WY_AGENT"."LXR" IS '联系人';
COMMENT ON COLUMN "VOTE"."WY_AGENT"."LXDH" IS '联系电话';
COMMENT ON COLUMN "VOTE"."WY_AGENT"."QYDZ" IS '企业地址';
COMMENT ON COLUMN "VOTE"."WY_AGENT"."YYZZBH" IS '营业执照编号';
COMMENT ON COLUMN "VOTE"."WY_AGENT"."ZJYXQ" IS '营业执照有效期';
COMMENT ON COLUMN "VOTE"."WY_AGENT"."ZZDJ" IS '资质等级';
COMMENT ON COLUMN "VOTE"."WY_AGENT"."ZZBH" IS '资质编号';
COMMENT ON COLUMN "VOTE"."WY_AGENT"."YZBM" IS '邮政编码';
COMMENT ON COLUMN "VOTE"."WY_AGENT"."QYYX" IS 'Email邮箱';
COMMENT ON COLUMN "VOTE"."WY_AGENT"."BZ" IS '备注';

-- ----------------------------
-- Records of WY_AGENT
-- ----------------------------

-- ----------------------------
-- Table structure for WY_GLC
-- ----------------------------
DROP TABLE "VOTE"."WY_GLC";
CREATE TABLE "VOTE"."WY_GLC" (
"GLCID" VARCHAR2(36 BYTE) NOT NULL ,
"GSRYID" VARCHAR2(36 BYTE) NULL ,
"WYGSID" NUMBER(16) NULL ,
"STATUS" VARCHAR2(4 BYTE) NULL ,
"GLCMC" VARCHAR2(512 BYTE) NULL ,
"GLCDZ" VARCHAR2(512 BYTE) NULL ,
"GLCLXR" VARCHAR2(40 BYTE) NULL ,
"GLCLXDH" VARCHAR2(11 BYTE) NULL ,
"ZBDH" VARCHAR2(11 BYTE) NULL ,
"BXDH" VARCHAR2(100 BYTE) NULL ,
"BZ" VARCHAR2(512 BYTE) NULL 
)
LOGGING
NOCOMPRESS
NOCACHE

;
COMMENT ON TABLE "VOTE"."WY_GLC" IS '项目管理处DistrictManagement';
COMMENT ON COLUMN "VOTE"."WY_GLC"."GLCID" IS '项目管理处ID';
COMMENT ON COLUMN "VOTE"."WY_GLC"."GSRYID" IS '项目经理ID';
COMMENT ON COLUMN "VOTE"."WY_GLC"."WYGSID" IS '物业公司ID';
COMMENT ON COLUMN "VOTE"."WY_GLC"."STATUS" IS '数据状态';
COMMENT ON COLUMN "VOTE"."WY_GLC"."GLCMC" IS '项目管理处名称';
COMMENT ON COLUMN "VOTE"."WY_GLC"."GLCDZ" IS '项目管理处地址';
COMMENT ON COLUMN "VOTE"."WY_GLC"."GLCLXR" IS '项目管理处联系人';
COMMENT ON COLUMN "VOTE"."WY_GLC"."GLCLXDH" IS '项目管理处联系电话';
COMMENT ON COLUMN "VOTE"."WY_GLC"."ZBDH" IS '值班电话';
COMMENT ON COLUMN "VOTE"."WY_GLC"."BXDH" IS '报修电话';
COMMENT ON COLUMN "VOTE"."WY_GLC"."BZ" IS '备注';

-- ----------------------------
-- Records of WY_GLC
-- ----------------------------

-- ----------------------------
-- Table structure for WY_HOC_STAFF
-- ----------------------------
DROP TABLE "VOTE"."WY_HOC_STAFF";
CREATE TABLE "VOTE"."WY_HOC_STAFF" (
"YWHRYID" VARCHAR2(36 BYTE) NOT NULL ,
"YWHID" VARCHAR2(36 BYTE) NULL ,
"RYLX" CHAR(2 BYTE) NULL ,
"STATUS" CHAR(2 BYTE) NULL ,
"RYXM" VARCHAR2(80 BYTE) NULL ,
"RYXB" CHAR(1 BYTE) NULL ,
"CSRQ" VARCHAR2(10 BYTE) NULL ,
"ZJLX" VARCHAR2(2 BYTE) NULL ,
"ZJHM" VARCHAR2(80 BYTE) NULL ,
"WHCD" VARCHAR2(2 BYTE) NULL ,
"RYYX" VARCHAR2(80 BYTE) NULL ,
"LXDH" VARCHAR2(80 BYTE) NULL ,
"RZRQ" VARCHAR2(10 BYTE) NULL ,
"BZ" VARCHAR2(512 BYTE) NULL 
)
LOGGING
NOCOMPRESS
NOCACHE

;
COMMENT ON TABLE "VOTE"."WY_HOC_STAFF" IS '业委会人员信息表';
COMMENT ON COLUMN "VOTE"."WY_HOC_STAFF"."YWHRYID" IS '人员ID';
COMMENT ON COLUMN "VOTE"."WY_HOC_STAFF"."YWHID" IS '业委会信息ID';
COMMENT ON COLUMN "VOTE"."WY_HOC_STAFF"."RYLX" IS '人员类型';
COMMENT ON COLUMN "VOTE"."WY_HOC_STAFF"."STATUS" IS '数据状态';
COMMENT ON COLUMN "VOTE"."WY_HOC_STAFF"."RYXM" IS '姓名';
COMMENT ON COLUMN "VOTE"."WY_HOC_STAFF"."RYXB" IS '性别';
COMMENT ON COLUMN "VOTE"."WY_HOC_STAFF"."CSRQ" IS '出生日期';
COMMENT ON COLUMN "VOTE"."WY_HOC_STAFF"."ZJLX" IS '证件类型';
COMMENT ON COLUMN "VOTE"."WY_HOC_STAFF"."ZJHM" IS '证件号码';
COMMENT ON COLUMN "VOTE"."WY_HOC_STAFF"."WHCD" IS '文化程度';
COMMENT ON COLUMN "VOTE"."WY_HOC_STAFF"."RYYX" IS '邮箱Email';
COMMENT ON COLUMN "VOTE"."WY_HOC_STAFF"."LXDH" IS '联系电话';
COMMENT ON COLUMN "VOTE"."WY_HOC_STAFF"."RZRQ" IS '上任日期';
COMMENT ON COLUMN "VOTE"."WY_HOC_STAFF"."BZ" IS '备注';

-- ----------------------------
-- Records of WY_HOC_STAFF
-- ----------------------------

-- ----------------------------
-- Table structure for WY_HPB
-- ----------------------------
DROP TABLE "VOTE"."WY_HPB";
CREATE TABLE "VOTE"."WY_HPB" (
"HPBID" VARCHAR2(36 BYTE) NOT NULL ,
"HPBBM" VARCHAR2(80 BYTE) NULL ,
"HPBMC" VARCHAR2(80 BYTE) NULL ,
"HPBLX" VARCHAR2(10 BYTE) NULL ,
"SJID" NUMBER(36) NULL ,
"CJRQ" VARCHAR2(10 BYTE) NULL ,
"BZ" VARCHAR2(512 BYTE) NULL 
)
LOGGING
NOCOMPRESS
NOCACHE

;
COMMENT ON TABLE "VOTE"."WY_HPB" IS '区信息表';
COMMENT ON COLUMN "VOTE"."WY_HPB"."HPBID" IS '区ID';
COMMENT ON COLUMN "VOTE"."WY_HPB"."HPBBM" IS '区编码';
COMMENT ON COLUMN "VOTE"."WY_HPB"."HPBMC" IS '区名称';
COMMENT ON COLUMN "VOTE"."WY_HPB"."HPBLX" IS '区县级别';
COMMENT ON COLUMN "VOTE"."WY_HPB"."SJID" IS '上级ID';
COMMENT ON COLUMN "VOTE"."WY_HPB"."CJRQ" IS '创建日期';
COMMENT ON COLUMN "VOTE"."WY_HPB"."BZ" IS '备注';

-- ----------------------------
-- Records of WY_HPB
-- ----------------------------

-- ----------------------------
-- Table structure for WY_JD
-- ----------------------------
DROP TABLE "VOTE"."WY_JD";
CREATE TABLE "VOTE"."WY_JD" (
"JDID" VARCHAR2(36 BYTE) NOT NULL ,
"JDBM" VARCHAR2(80 BYTE) NULL ,
"JDMC" VARCHAR2(80 BYTE) NULL ,
"HPBID" VARCHAR2(36 BYTE) NULL ,
"HPBMC" VARCHAR2(80 BYTE) NULL ,
"CJRQ" VARCHAR2(10 BYTE) NULL ,
"BZ" VARCHAR2(512 BYTE) NULL 
)
LOGGING
NOCOMPRESS
NOCACHE

;
COMMENT ON TABLE "VOTE"."WY_JD" IS '区街道信息表';
COMMENT ON COLUMN "VOTE"."WY_JD"."JDID" IS '街道ID';
COMMENT ON COLUMN "VOTE"."WY_JD"."JDBM" IS '街道编码';
COMMENT ON COLUMN "VOTE"."WY_JD"."JDMC" IS '街道名称';
COMMENT ON COLUMN "VOTE"."WY_JD"."HPBID" IS '区ID';
COMMENT ON COLUMN "VOTE"."WY_JD"."HPBMC" IS '区名称';
COMMENT ON COLUMN "VOTE"."WY_JD"."CJRQ" IS '创建日期';
COMMENT ON COLUMN "VOTE"."WY_JD"."BZ" IS '备注';

-- ----------------------------
-- Records of WY_JD
-- ----------------------------

-- ----------------------------
-- Table structure for WY_KFS
-- ----------------------------
DROP TABLE "VOTE"."WY_KFS";
CREATE TABLE "VOTE"."WY_KFS" (
"KFSID" NUMBER(16) NOT NULL ,
"KFSMC" VARCHAR2(80 BYTE) NULL ,
"KFSDZ" VARCHAR2(512 BYTE) NULL ,
"JGDM" VARCHAR2(40 BYTE) NULL ,
"JGDMZYXQ" VARCHAR2(10 BYTE) NULL ,
"YYZZBH" VARCHAR2(40 BYTE) NULL ,
"YYZZYXQ" VARCHAR2(10 BYTE) NULL ,
"FRDB" VARCHAR2(40 BYTE) NULL ,
"FRSJ" VARCHAR2(11 BYTE) NULL ,
"QYLXR" VARCHAR2(40 BYTE) NULL ,
"LXRDH" VARCHAR2(11 BYTE) NULL ,
"JYXZ" VARCHAR2(10 BYTE) NULL ,
"ZZBH" VARCHAR2(40 BYTE) NULL ,
"ZZDJ" VARCHAR2(10 BYTE) NULL ,
"ZZBFRQ" VARCHAR2(10 BYTE) NULL ,
"ZZYXQ" VARCHAR2(10 BYTE) NULL ,
"ZZFZJG" VARCHAR2(512 BYTE) NULL ,
"ZCZB" NUMBER(10,2) NULL ,
"ZCRQ" VARCHAR2(10 BYTE) NULL ,
"ZCDZ" VARCHAR2(80 BYTE) NULL ,
"LOCALFLAG" VARCHAR2(4 BYTE) NULL ,
"ZYFW" VARCHAR2(512 BYTE) NULL ,
"JYFW" VARCHAR2(512 BYTE) NULL ,
"QYGK" VARCHAR2(512 BYTE) NULL ,
"YJJS" VARCHAR2(512 BYTE) NULL ,
"QYCZ" VARCHAR2(40 BYTE) NULL ,
"QYYX" VARCHAR2(40 BYTE) NULL ,
"YZBM" VARCHAR2(6 BYTE) NULL ,
"BZ" VARCHAR2(512 BYTE) NULL 
)
LOGGING
NOCOMPRESS
NOCACHE

;
COMMENT ON TABLE "VOTE"."WY_KFS" IS '开发建设单位信息表';
COMMENT ON COLUMN "VOTE"."WY_KFS"."KFSID" IS '开发建设单位ID';
COMMENT ON COLUMN "VOTE"."WY_KFS"."KFSMC" IS '开发建设单位名称';
COMMENT ON COLUMN "VOTE"."WY_KFS"."KFSDZ" IS '开发建设单位地址';
COMMENT ON COLUMN "VOTE"."WY_KFS"."JGDM" IS '组织机构代码';
COMMENT ON COLUMN "VOTE"."WY_KFS"."JGDMZYXQ" IS '组织机构代码有效期';
COMMENT ON COLUMN "VOTE"."WY_KFS"."YYZZBH" IS '营业执照编号';
COMMENT ON COLUMN "VOTE"."WY_KFS"."YYZZYXQ" IS '营业执照有效期';
COMMENT ON COLUMN "VOTE"."WY_KFS"."FRDB" IS '法定代表人';
COMMENT ON COLUMN "VOTE"."WY_KFS"."FRSJ" IS '法定代表人手机';
COMMENT ON COLUMN "VOTE"."WY_KFS"."QYLXR" IS '企业联系人';
COMMENT ON COLUMN "VOTE"."WY_KFS"."LXRDH" IS '企业联系人手机';
COMMENT ON COLUMN "VOTE"."WY_KFS"."JYXZ" IS '企业经营性质';
COMMENT ON COLUMN "VOTE"."WY_KFS"."ZZBH" IS '资质证书编号';
COMMENT ON COLUMN "VOTE"."WY_KFS"."ZZDJ" IS '资质等级';
COMMENT ON COLUMN "VOTE"."WY_KFS"."ZZBFRQ" IS '资质证书颁发日期';
COMMENT ON COLUMN "VOTE"."WY_KFS"."ZZYXQ" IS '资质证书有效期';
COMMENT ON COLUMN "VOTE"."WY_KFS"."ZZFZJG" IS '资质证书发证机关';
COMMENT ON COLUMN "VOTE"."WY_KFS"."ZCZB" IS '注册资本';
COMMENT ON COLUMN "VOTE"."WY_KFS"."ZCRQ" IS '注册日期';
COMMENT ON COLUMN "VOTE"."WY_KFS"."ZCDZ" IS '注册所在地';
COMMENT ON COLUMN "VOTE"."WY_KFS"."LOCALFLAG" IS '是否属于本市';
COMMENT ON COLUMN "VOTE"."WY_KFS"."ZYFW" IS '主营业范围';
COMMENT ON COLUMN "VOTE"."WY_KFS"."JYFW" IS '其他营业范围';
COMMENT ON COLUMN "VOTE"."WY_KFS"."QYGK" IS '企业概况';
COMMENT ON COLUMN "VOTE"."WY_KFS"."YJJS" IS '业绩介绍';
COMMENT ON COLUMN "VOTE"."WY_KFS"."QYCZ" IS '企业传真';
COMMENT ON COLUMN "VOTE"."WY_KFS"."QYYX" IS 'Email邮箱';
COMMENT ON COLUMN "VOTE"."WY_KFS"."YZBM" IS '邮政编码';
COMMENT ON COLUMN "VOTE"."WY_KFS"."BZ" IS '备注';

-- ----------------------------
-- Records of WY_KFS
-- ----------------------------

-- ----------------------------
-- Table structure for WY_SECT
-- ----------------------------
DROP TABLE "VOTE"."WY_SECT";
CREATE TABLE "VOTE"."WY_SECT" (
"XMID" NUMBER(16) NOT NULL ,
"SJZT" VARCHAR2(8 BYTE) NULL ,
"XMBM" VARCHAR2(80 BYTE) NULL ,
"CJSJ" VARCHAR2(10 BYTE) NULL ,
"XMMC" VARCHAR2(152 BYTE) NULL ,
"XMDZ" VARCHAR2(152 BYTE) NULL ,
"HPBID" VARCHAR2(36 BYTE) NULL ,
"HPBMC" VARCHAR2(80 BYTE) NULL ,
"JDID" VARCHAR2(36 BYTE) NULL ,
"JDMC" VARCHAR2(80 BYTE) NULL ,
"SQID" VARCHAR2(36 BYTE) NULL ,
"SQMC" VARCHAR2(80 BYTE) NULL ,
"SZDZ" VARCHAR2(80 BYTE) NULL ,
"SZXZ" VARCHAR2(80 BYTE) NULL ,
"SZNZ" VARCHAR2(80 BYTE) NULL ,
"SZBZ" VARCHAR2(80 BYTE) NULL ,
"WYLX1" VARCHAR2(10 BYTE) NULL ,
"WYLX2" VARCHAR2(10 BYTE) NULL ,
"JZMJ" NUMBER(16,2) NULL ,
"ZDMJ" NUMBER(16,2) NULL ,
"ZDS" NUMBER(10) NULL ,
"ZHS" NUMBER(10) NULL ,
"JGRQ" VARCHAR2(10 BYTE) NULL ,
"WYGSID" NUMBER(16) NULL ,
"WYGSMC" VARCHAR2(80 BYTE) NULL ,
"GLCID" NUMBER(16) NULL ,
"GLCMC" VARCHAR2(80 BYTE) NULL ,
"GSRYID" NUMBER(16) NULL ,
"XMJLXM" VARCHAR2(80 BYTE) NULL ,
"YWHFLAG" VARCHAR2(4 BYTE) NULL ,
"YWHID" NUMBER(16) NULL ,
"YWHMC" VARCHAR2(80 BYTE) NULL ,
"XMMS" VARCHAR2(512 BYTE) NULL ,
"OLDXMID" VARCHAR2(80 BYTE) NULL 
)
LOGGING
NOCOMPRESS
NOCACHE

;
COMMENT ON TABLE "VOTE"."WY_SECT" IS '项目信息表';
COMMENT ON COLUMN "VOTE"."WY_SECT"."XMID" IS '项目ID';
COMMENT ON COLUMN "VOTE"."WY_SECT"."SJZT" IS '数据状态';
COMMENT ON COLUMN "VOTE"."WY_SECT"."XMBM" IS '项目编码';
COMMENT ON COLUMN "VOTE"."WY_SECT"."CJSJ" IS '创建时间';
COMMENT ON COLUMN "VOTE"."WY_SECT"."XMMC" IS '项目名称';
COMMENT ON COLUMN "VOTE"."WY_SECT"."XMDZ" IS '项目地址';
COMMENT ON COLUMN "VOTE"."WY_SECT"."HPBID" IS '区ID';
COMMENT ON COLUMN "VOTE"."WY_SECT"."HPBMC" IS '区名称';
COMMENT ON COLUMN "VOTE"."WY_SECT"."JDID" IS '街道ID';
COMMENT ON COLUMN "VOTE"."WY_SECT"."JDMC" IS '街道名称';
COMMENT ON COLUMN "VOTE"."WY_SECT"."SQID" IS '社区ID';
COMMENT ON COLUMN "VOTE"."WY_SECT"."SQMC" IS '社区名称';
COMMENT ON COLUMN "VOTE"."WY_SECT"."SZDZ" IS '四至范围-东至';
COMMENT ON COLUMN "VOTE"."WY_SECT"."SZXZ" IS '四至范围-西至';
COMMENT ON COLUMN "VOTE"."WY_SECT"."SZNZ" IS '四至范围-南至';
COMMENT ON COLUMN "VOTE"."WY_SECT"."SZBZ" IS '四至范围-北至';
COMMENT ON COLUMN "VOTE"."WY_SECT"."WYLX1" IS '物业类型1';
COMMENT ON COLUMN "VOTE"."WY_SECT"."WYLX2" IS '物业类型2';
COMMENT ON COLUMN "VOTE"."WY_SECT"."JZMJ" IS '建筑面积';
COMMENT ON COLUMN "VOTE"."WY_SECT"."ZDMJ" IS '占地面积';
COMMENT ON COLUMN "VOTE"."WY_SECT"."ZDS" IS '总栋数';
COMMENT ON COLUMN "VOTE"."WY_SECT"."ZHS" IS '总户数';
COMMENT ON COLUMN "VOTE"."WY_SECT"."JGRQ" IS '竣工日期';
COMMENT ON COLUMN "VOTE"."WY_SECT"."WYGSID" IS '物业公司ID';
COMMENT ON COLUMN "VOTE"."WY_SECT"."WYGSMC" IS '物业公司名称';
COMMENT ON COLUMN "VOTE"."WY_SECT"."GLCID" IS '小区管理处ID';
COMMENT ON COLUMN "VOTE"."WY_SECT"."GLCMC" IS '小区管理处名称';
COMMENT ON COLUMN "VOTE"."WY_SECT"."GSRYID" IS '项目经理ID';
COMMENT ON COLUMN "VOTE"."WY_SECT"."XMJLXM" IS '项目经理姓名';
COMMENT ON COLUMN "VOTE"."WY_SECT"."YWHFLAG" IS '是否成立业委会';
COMMENT ON COLUMN "VOTE"."WY_SECT"."YWHID" IS '业委会ID';
COMMENT ON COLUMN "VOTE"."WY_SECT"."YWHMC" IS '业委会名称';
COMMENT ON COLUMN "VOTE"."WY_SECT"."XMMS" IS '项目描述';
COMMENT ON COLUMN "VOTE"."WY_SECT"."OLDXMID" IS '源系统数据ID';

-- ----------------------------
-- Records of WY_SECT
-- ----------------------------

-- ----------------------------
-- Table structure for WY_SECT_HIS
-- ----------------------------
DROP TABLE "VOTE"."WY_SECT_HIS";
CREATE TABLE "VOTE"."WY_SECT_HIS" (
"TASK_ID" VARCHAR2(64 BYTE) NOT NULL ,
"APP_ID" NUMBER(16) NULL ,
"XMID" NUMBER(16) NOT NULL ,
"SJZT" VARCHAR2(8 BYTE) NULL ,
"XMBM" VARCHAR2(80 BYTE) NULL ,
"XMMC" VARCHAR2(152 BYTE) NULL ,
"XMDZ" VARCHAR2(152 BYTE) NULL ,
"CJSJ" VARCHAR2(10 BYTE) NULL ,
"HPBID" VARCHAR2(36 BYTE) NULL ,
"HPBMC" VARCHAR2(80 BYTE) NULL ,
"JDID" VARCHAR2(36 BYTE) NULL ,
"JDMC" VARCHAR2(80 BYTE) NULL ,
"SQID" VARCHAR2(36 BYTE) NULL ,
"SQMC" VARCHAR2(80 BYTE) NULL ,
"SZDZ" VARCHAR2(80 BYTE) NULL ,
"SZXZ" VARCHAR2(80 BYTE) NULL ,
"SZNZ" VARCHAR2(80 BYTE) NULL ,
"SZBZ" VARCHAR2(80 BYTE) NULL ,
"WYLX1" VARCHAR2(10 BYTE) NULL ,
"WYLX2" VARCHAR2(10 BYTE) NULL ,
"JZMJ" NUMBER(16,2) NULL ,
"ZDMJ" NUMBER(16,2) NULL ,
"ZDS" NUMBER(10) NULL ,
"ZHS" NUMBER(10) NULL ,
"JGRQ" VARCHAR2(10 BYTE) NULL ,
"WYGSID" NUMBER(16) NULL ,
"WYGSMC" VARCHAR2(80 BYTE) NULL ,
"GLCID" NUMBER(16) NULL ,
"GLCMC" VARCHAR2(80 BYTE) NULL ,
"GSRYID" NUMBER(16) NULL ,
"XMJLXM" VARCHAR2(80 BYTE) NULL ,
"YWHFLAG" VARCHAR2(4 BYTE) NULL ,
"YWHID" NUMBER(16) NULL ,
"YWHMC" VARCHAR2(80 BYTE) NULL ,
"XMMS" VARCHAR2(512 BYTE) NULL ,
"OLDXMID" VARCHAR2(80 BYTE) NULL 
)
LOGGING
NOCOMPRESS
NOCACHE

;
COMMENT ON TABLE "VOTE"."WY_SECT_HIS" IS '项目信息历史表';
COMMENT ON COLUMN "VOTE"."WY_SECT_HIS"."TASK_ID" IS '工作流任务ID';
COMMENT ON COLUMN "VOTE"."WY_SECT_HIS"."APP_ID" IS '流程ID';
COMMENT ON COLUMN "VOTE"."WY_SECT_HIS"."XMID" IS '项目ID';
COMMENT ON COLUMN "VOTE"."WY_SECT_HIS"."SJZT" IS '数据状态';
COMMENT ON COLUMN "VOTE"."WY_SECT_HIS"."XMBM" IS '项目编码';
COMMENT ON COLUMN "VOTE"."WY_SECT_HIS"."XMMC" IS '项目名称';
COMMENT ON COLUMN "VOTE"."WY_SECT_HIS"."XMDZ" IS '项目地址';
COMMENT ON COLUMN "VOTE"."WY_SECT_HIS"."CJSJ" IS '创建时间';
COMMENT ON COLUMN "VOTE"."WY_SECT_HIS"."HPBID" IS '区ID';
COMMENT ON COLUMN "VOTE"."WY_SECT_HIS"."HPBMC" IS '区名称';
COMMENT ON COLUMN "VOTE"."WY_SECT_HIS"."JDID" IS '街道ID';
COMMENT ON COLUMN "VOTE"."WY_SECT_HIS"."JDMC" IS '街道名称';
COMMENT ON COLUMN "VOTE"."WY_SECT_HIS"."SQID" IS '社区ID';
COMMENT ON COLUMN "VOTE"."WY_SECT_HIS"."SQMC" IS '社区名称';
COMMENT ON COLUMN "VOTE"."WY_SECT_HIS"."SZDZ" IS '四至范围-东至';
COMMENT ON COLUMN "VOTE"."WY_SECT_HIS"."SZXZ" IS '四至范围-西至';
COMMENT ON COLUMN "VOTE"."WY_SECT_HIS"."SZNZ" IS '四至范围-南至';
COMMENT ON COLUMN "VOTE"."WY_SECT_HIS"."SZBZ" IS '四至范围-北至';
COMMENT ON COLUMN "VOTE"."WY_SECT_HIS"."WYLX1" IS '物业类型1';
COMMENT ON COLUMN "VOTE"."WY_SECT_HIS"."WYLX2" IS '物业类型2';
COMMENT ON COLUMN "VOTE"."WY_SECT_HIS"."JZMJ" IS '建筑面积';
COMMENT ON COLUMN "VOTE"."WY_SECT_HIS"."ZDMJ" IS '占地面积';
COMMENT ON COLUMN "VOTE"."WY_SECT_HIS"."ZDS" IS '总栋数';
COMMENT ON COLUMN "VOTE"."WY_SECT_HIS"."ZHS" IS '总户数';
COMMENT ON COLUMN "VOTE"."WY_SECT_HIS"."JGRQ" IS '竣工日期';
COMMENT ON COLUMN "VOTE"."WY_SECT_HIS"."WYGSID" IS '物业公司ID';
COMMENT ON COLUMN "VOTE"."WY_SECT_HIS"."WYGSMC" IS '物业公司名称';
COMMENT ON COLUMN "VOTE"."WY_SECT_HIS"."GLCID" IS '小区管理处ID';
COMMENT ON COLUMN "VOTE"."WY_SECT_HIS"."GLCMC" IS '小区管理处名称';
COMMENT ON COLUMN "VOTE"."WY_SECT_HIS"."GSRYID" IS '项目经理ID';
COMMENT ON COLUMN "VOTE"."WY_SECT_HIS"."XMJLXM" IS '项目经理姓名';
COMMENT ON COLUMN "VOTE"."WY_SECT_HIS"."YWHFLAG" IS '是否成立业委会';
COMMENT ON COLUMN "VOTE"."WY_SECT_HIS"."YWHID" IS '业委会ID';
COMMENT ON COLUMN "VOTE"."WY_SECT_HIS"."YWHMC" IS '业委会名称';
COMMENT ON COLUMN "VOTE"."WY_SECT_HIS"."XMMS" IS '项目描述';
COMMENT ON COLUMN "VOTE"."WY_SECT_HIS"."OLDXMID" IS '源系统数据ID';

-- ----------------------------
-- Records of WY_SECT_HIS
-- ----------------------------

-- ----------------------------
-- Table structure for WY_SECT_TEMP
-- ----------------------------
DROP TABLE "VOTE"."WY_SECT_TEMP";
CREATE TABLE "VOTE"."WY_SECT_TEMP" (
"XMID" NUMBER(16) NOT NULL ,
"APP_ID" NUMBER(16) NULL ,
"SJZT" VARCHAR2(8 BYTE) NULL ,
"XMBM" VARCHAR2(80 BYTE) NULL ,
"CJSJ" VARCHAR2(10 BYTE) NULL ,
"XMMC" VARCHAR2(152 BYTE) NULL ,
"XMDZ" VARCHAR2(152 BYTE) NULL ,
"HPBID" VARCHAR2(36 BYTE) NULL ,
"HPBMC" VARCHAR2(80 BYTE) NULL ,
"JDID" VARCHAR2(36 BYTE) NULL ,
"JDMC" VARCHAR2(80 BYTE) NULL ,
"SQID" VARCHAR2(36 BYTE) NULL ,
"SQMC" VARCHAR2(80 BYTE) NULL ,
"SZDZ" VARCHAR2(80 BYTE) NULL ,
"SZXZ" VARCHAR2(80 BYTE) NULL ,
"SZNZ" VARCHAR2(80 BYTE) NULL ,
"SZBZ" VARCHAR2(80 BYTE) NULL ,
"WYLX1" VARCHAR2(10 BYTE) NULL ,
"WYLX2" VARCHAR2(10 BYTE) NULL ,
"JZMJ" NUMBER(16,2) NULL ,
"ZDMJ" NUMBER(16,2) NULL ,
"ZDS" NUMBER(10) NULL ,
"ZHS" NUMBER(10) NULL ,
"JGRQ" VARCHAR2(10 BYTE) NULL ,
"WYGSID" NUMBER(16) NULL ,
"WYGSMC" VARCHAR2(80 BYTE) NULL ,
"GLCID" NUMBER(16) NULL ,
"GLCMC" VARCHAR2(80 BYTE) NULL ,
"GSRYID" NUMBER(16) NULL ,
"XMJLXM" VARCHAR2(80 BYTE) NULL ,
"YWHFLAG" VARCHAR2(4 BYTE) NULL ,
"YWHID" NUMBER(16) NULL ,
"YWHMC" VARCHAR2(80 BYTE) NULL ,
"XMMS" VARCHAR2(512 BYTE) NULL ,
"OLDXMID" VARCHAR2(80 BYTE) NULL 
)
LOGGING
NOCOMPRESS
NOCACHE

;
COMMENT ON TABLE "VOTE"."WY_SECT_TEMP" IS '项目信息临时表';
COMMENT ON COLUMN "VOTE"."WY_SECT_TEMP"."XMID" IS '项目ID';
COMMENT ON COLUMN "VOTE"."WY_SECT_TEMP"."APP_ID" IS '流程ID';
COMMENT ON COLUMN "VOTE"."WY_SECT_TEMP"."SJZT" IS '数据状态';
COMMENT ON COLUMN "VOTE"."WY_SECT_TEMP"."XMBM" IS '项目编码';
COMMENT ON COLUMN "VOTE"."WY_SECT_TEMP"."CJSJ" IS '创建时间';
COMMENT ON COLUMN "VOTE"."WY_SECT_TEMP"."XMMC" IS '项目名称';
COMMENT ON COLUMN "VOTE"."WY_SECT_TEMP"."XMDZ" IS '项目地址';
COMMENT ON COLUMN "VOTE"."WY_SECT_TEMP"."HPBID" IS '区ID';
COMMENT ON COLUMN "VOTE"."WY_SECT_TEMP"."HPBMC" IS '区名称';
COMMENT ON COLUMN "VOTE"."WY_SECT_TEMP"."JDID" IS '街道ID';
COMMENT ON COLUMN "VOTE"."WY_SECT_TEMP"."JDMC" IS '街道名称';
COMMENT ON COLUMN "VOTE"."WY_SECT_TEMP"."SQID" IS '社区ID';
COMMENT ON COLUMN "VOTE"."WY_SECT_TEMP"."SQMC" IS '社区名称';
COMMENT ON COLUMN "VOTE"."WY_SECT_TEMP"."SZDZ" IS '四至范围-东至';
COMMENT ON COLUMN "VOTE"."WY_SECT_TEMP"."SZXZ" IS '四至范围-西至';
COMMENT ON COLUMN "VOTE"."WY_SECT_TEMP"."SZNZ" IS '四至范围-南至';
COMMENT ON COLUMN "VOTE"."WY_SECT_TEMP"."SZBZ" IS '四至范围-北至';
COMMENT ON COLUMN "VOTE"."WY_SECT_TEMP"."WYLX1" IS '物业类型1';
COMMENT ON COLUMN "VOTE"."WY_SECT_TEMP"."WYLX2" IS '物业类型2';
COMMENT ON COLUMN "VOTE"."WY_SECT_TEMP"."JZMJ" IS '建筑面积';
COMMENT ON COLUMN "VOTE"."WY_SECT_TEMP"."ZDMJ" IS '占地面积';
COMMENT ON COLUMN "VOTE"."WY_SECT_TEMP"."ZDS" IS '总栋数';
COMMENT ON COLUMN "VOTE"."WY_SECT_TEMP"."ZHS" IS '总户数';
COMMENT ON COLUMN "VOTE"."WY_SECT_TEMP"."JGRQ" IS '竣工日期';
COMMENT ON COLUMN "VOTE"."WY_SECT_TEMP"."WYGSID" IS '物业公司ID';
COMMENT ON COLUMN "VOTE"."WY_SECT_TEMP"."WYGSMC" IS '物业公司名称';
COMMENT ON COLUMN "VOTE"."WY_SECT_TEMP"."GLCID" IS '小区管理处ID';
COMMENT ON COLUMN "VOTE"."WY_SECT_TEMP"."GLCMC" IS '小区管理处名称';
COMMENT ON COLUMN "VOTE"."WY_SECT_TEMP"."GSRYID" IS '项目经理ID';
COMMENT ON COLUMN "VOTE"."WY_SECT_TEMP"."XMJLXM" IS '项目经理姓名';
COMMENT ON COLUMN "VOTE"."WY_SECT_TEMP"."YWHFLAG" IS '是否成立业委会';
COMMENT ON COLUMN "VOTE"."WY_SECT_TEMP"."YWHID" IS '业委会ID';
COMMENT ON COLUMN "VOTE"."WY_SECT_TEMP"."YWHMC" IS '业委会名称';
COMMENT ON COLUMN "VOTE"."WY_SECT_TEMP"."XMMS" IS '项目描述';
COMMENT ON COLUMN "VOTE"."WY_SECT_TEMP"."OLDXMID" IS '源系统数据ID';

-- ----------------------------
-- Records of WY_SECT_TEMP
-- ----------------------------

-- ----------------------------
-- Table structure for WY_SQ
-- ----------------------------
DROP TABLE "VOTE"."WY_SQ";
CREATE TABLE "VOTE"."WY_SQ" (
"SQID" VARCHAR2(36 BYTE) NOT NULL ,
"SQBM" VARCHAR2(80 BYTE) NULL ,
"SQMC" VARCHAR2(80 BYTE) NULL ,
"HPBID" VARCHAR2(36 BYTE) NULL ,
"HPBMC" VARCHAR2(80 BYTE) NULL ,
"JDID" VARCHAR2(36 BYTE) NULL ,
"JDMC" VARCHAR2(80 BYTE) NULL ,
"CJRQ" VARCHAR2(10 BYTE) NULL ,
"BZ" VARCHAR2(512 BYTE) NULL 
)
LOGGING
NOCOMPRESS
NOCACHE

;
COMMENT ON TABLE "VOTE"."WY_SQ" IS '街道下社区信息表';
COMMENT ON COLUMN "VOTE"."WY_SQ"."SQID" IS '社区ID';
COMMENT ON COLUMN "VOTE"."WY_SQ"."SQBM" IS '社区编码';
COMMENT ON COLUMN "VOTE"."WY_SQ"."SQMC" IS '社区名称';
COMMENT ON COLUMN "VOTE"."WY_SQ"."HPBID" IS '区ID';
COMMENT ON COLUMN "VOTE"."WY_SQ"."HPBMC" IS '区名称';
COMMENT ON COLUMN "VOTE"."WY_SQ"."JDID" IS '街道ID';
COMMENT ON COLUMN "VOTE"."WY_SQ"."JDMC" IS '街道名称';
COMMENT ON COLUMN "VOTE"."WY_SQ"."CJRQ" IS '创建日期';
COMMENT ON COLUMN "VOTE"."WY_SQ"."BZ" IS '备注';

-- ----------------------------
-- Records of WY_SQ
-- ----------------------------

-- ----------------------------
-- Table structure for WY_WYGS
-- ----------------------------
DROP TABLE "VOTE"."WY_WYGS";
CREATE TABLE "VOTE"."WY_WYGS" (
"WYGSID" NUMBER(16) NOT NULL ,
"LOCALFLAG" VARCHAR2(4 BYTE) NULL ,
"WYGSMC" VARCHAR2(80 BYTE) NULL ,
"WYGSDZ" VARCHAR2(80 BYTE) NULL ,
"CERTFLAG" VARCHAR2(4 BYTE) NULL ,
"SHXYDM" VARCHAR2(80 BYTE) NULL ,
"YYZZBH" VARCHAR2(80 BYTE) NULL ,
"ZCZZYXQ" VARCHAR2(10 BYTE) NULL ,
"GSLX" VARCHAR2(20 BYTE) NULL ,
"ZCZB" NUMBER(16,2) NULL ,
"CLRQ" VARCHAR2(10 BYTE) NULL ,
"WYGLSJ" VARCHAR2(80 BYTE) NULL ,
"BGDZ" VARCHAR2(80 BYTE) NULL ,
"ZCDZ" VARCHAR2(80 BYTE) NULL ,
"ZZDJ" VARCHAR2(80 BYTE) NULL ,
"ZZBH" VARCHAR2(80 BYTE) NULL ,
"QYDH" VARCHAR2(20 BYTE) NULL ,
"QYCZ" VARCHAR2(20 BYTE) NULL ,
"QYYB" VARCHAR2(20 BYTE) NULL ,
"FRDB" VARCHAR2(80 BYTE) NULL ,
"FRSJ" VARCHAR2(20 BYTE) NULL ,
"QYLXR" VARCHAR2(80 BYTE) NULL ,
"LXRDH" VARCHAR2(20 BYTE) NULL ,
"QYGK" VARCHAR2(512 BYTE) NULL ,
"ZYFW" VARCHAR2(512 BYTE) NULL ,
"BZ" VARCHAR2(512 BYTE) NULL ,
"OLDWYGSID" VARCHAR2(80 BYTE) NULL 
)
LOGGING
NOCOMPRESS
NOCACHE

;
COMMENT ON TABLE "VOTE"."WY_WYGS" IS '物业公司信息';
COMMENT ON COLUMN "VOTE"."WY_WYGS"."WYGSID" IS '物业公司ID';
COMMENT ON COLUMN "VOTE"."WY_WYGS"."LOCALFLAG" IS '是否本地注册';
COMMENT ON COLUMN "VOTE"."WY_WYGS"."WYGSMC" IS '物业公司名称';
COMMENT ON COLUMN "VOTE"."WY_WYGS"."WYGSDZ" IS '物业公司地址';
COMMENT ON COLUMN "VOTE"."WY_WYGS"."CERTFLAG" IS '是否三证合一';
COMMENT ON COLUMN "VOTE"."WY_WYGS"."SHXYDM" IS '社会信用代码';
COMMENT ON COLUMN "VOTE"."WY_WYGS"."YYZZBH" IS '营业执照注册号';
COMMENT ON COLUMN "VOTE"."WY_WYGS"."ZCZZYXQ" IS '注册证照有效期';
COMMENT ON COLUMN "VOTE"."WY_WYGS"."GSLX" IS '公司类型';
COMMENT ON COLUMN "VOTE"."WY_WYGS"."ZCZB" IS '注册资本';
COMMENT ON COLUMN "VOTE"."WY_WYGS"."CLRQ" IS '成立日期';
COMMENT ON COLUMN "VOTE"."WY_WYGS"."WYGLSJ" IS '从物业管理活动时间';
COMMENT ON COLUMN "VOTE"."WY_WYGS"."BGDZ" IS '办公地址';
COMMENT ON COLUMN "VOTE"."WY_WYGS"."ZCDZ" IS '注册地址';
COMMENT ON COLUMN "VOTE"."WY_WYGS"."ZZDJ" IS '资质等级';
COMMENT ON COLUMN "VOTE"."WY_WYGS"."ZZBH" IS '资质编号';
COMMENT ON COLUMN "VOTE"."WY_WYGS"."QYDH" IS '企业电话';
COMMENT ON COLUMN "VOTE"."WY_WYGS"."QYCZ" IS '企业传真';
COMMENT ON COLUMN "VOTE"."WY_WYGS"."QYYB" IS '企业邮编';
COMMENT ON COLUMN "VOTE"."WY_WYGS"."FRDB" IS '法人代表';
COMMENT ON COLUMN "VOTE"."WY_WYGS"."FRSJ" IS '法人手机';
COMMENT ON COLUMN "VOTE"."WY_WYGS"."QYLXR" IS '企业联系人';
COMMENT ON COLUMN "VOTE"."WY_WYGS"."LXRDH" IS '联系人电话';
COMMENT ON COLUMN "VOTE"."WY_WYGS"."QYGK" IS '企业概况';
COMMENT ON COLUMN "VOTE"."WY_WYGS"."ZYFW" IS '经营范围';
COMMENT ON COLUMN "VOTE"."WY_WYGS"."BZ" IS '备注';
COMMENT ON COLUMN "VOTE"."WY_WYGS"."OLDWYGSID" IS '源系统数据ID';

-- ----------------------------
-- Records of WY_WYGS
-- ----------------------------

-- ----------------------------
-- Table structure for WY_WYGS_STAFF
-- ----------------------------
DROP TABLE "VOTE"."WY_WYGS_STAFF";
CREATE TABLE "VOTE"."WY_WYGS_STAFF" (
"GSRYID" VARCHAR2(36 BYTE) NOT NULL ,
"WYGSID" NUMBER(16) NULL ,
"RYLX" CHAR(2 BYTE) NULL ,
"STATUS" CHAR(2 BYTE) NULL ,
"ZJLX" VARCHAR2(2 BYTE) NULL ,
"ZJHM" VARCHAR2(80 BYTE) NULL ,
"RYXM" VARCHAR2(80 BYTE) NULL ,
"RYXB" CHAR(1 BYTE) NULL ,
"WHCD" CHAR(2 BYTE) NULL ,
"DRZW" VARCHAR2(80 BYTE) NULL ,
"LXSJ" VARCHAR2(80 BYTE) NULL ,
"LXDH" VARCHAR2(32 BYTE) NULL ,
"LXYX" VARCHAR2(32 BYTE) NULL ,
"CSRQ" VARCHAR2(10 BYTE) NULL ,
"YZBM" VARCHAR2(32 BYTE) NULL ,
"HTKSRQ" VARCHAR2(10 BYTE) NULL ,
"HTJZRQ" VARCHAR2(10 BYTE) NULL ,
"WGNX" VARCHAR2(50 BYTE) NULL ,
"LXDZ" VARCHAR2(521 BYTE) NULL ,
"BZ" VARCHAR2(512 BYTE) NULL 
)
LOGGING
NOCOMPRESS
NOCACHE

;
COMMENT ON TABLE "VOTE"."WY_WYGS_STAFF" IS '物业服务企业人员信息表';
COMMENT ON COLUMN "VOTE"."WY_WYGS_STAFF"."GSRYID" IS '人员ID';
COMMENT ON COLUMN "VOTE"."WY_WYGS_STAFF"."WYGSID" IS '物业公司ID';
COMMENT ON COLUMN "VOTE"."WY_WYGS_STAFF"."RYLX" IS '人员类型';
COMMENT ON COLUMN "VOTE"."WY_WYGS_STAFF"."STATUS" IS '数据状态';
COMMENT ON COLUMN "VOTE"."WY_WYGS_STAFF"."ZJLX" IS '证件类型';
COMMENT ON COLUMN "VOTE"."WY_WYGS_STAFF"."ZJHM" IS '证件号码';
COMMENT ON COLUMN "VOTE"."WY_WYGS_STAFF"."RYXM" IS '人员姓名';
COMMENT ON COLUMN "VOTE"."WY_WYGS_STAFF"."RYXB" IS '人员性别';
COMMENT ON COLUMN "VOTE"."WY_WYGS_STAFF"."WHCD" IS '文化程度';
COMMENT ON COLUMN "VOTE"."WY_WYGS_STAFF"."DRZW" IS '职务';
COMMENT ON COLUMN "VOTE"."WY_WYGS_STAFF"."LXSJ" IS '手机';
COMMENT ON COLUMN "VOTE"."WY_WYGS_STAFF"."LXDH" IS '电话';
COMMENT ON COLUMN "VOTE"."WY_WYGS_STAFF"."LXYX" IS '邮箱';
COMMENT ON COLUMN "VOTE"."WY_WYGS_STAFF"."CSRQ" IS '出生日期';
COMMENT ON COLUMN "VOTE"."WY_WYGS_STAFF"."YZBM" IS '邮政编码';
COMMENT ON COLUMN "VOTE"."WY_WYGS_STAFF"."HTKSRQ" IS '劳务合同开始日期';
COMMENT ON COLUMN "VOTE"."WY_WYGS_STAFF"."HTJZRQ" IS '劳务合同截止日期';
COMMENT ON COLUMN "VOTE"."WY_WYGS_STAFF"."WGNX" IS '从事物管年限';
COMMENT ON COLUMN "VOTE"."WY_WYGS_STAFF"."LXDZ" IS '联系地址';
COMMENT ON COLUMN "VOTE"."WY_WYGS_STAFF"."BZ" IS '备注';

-- ----------------------------
-- Records of WY_WYGS_STAFF
-- ----------------------------

-- ----------------------------
-- Table structure for WY_YWH
-- ----------------------------
DROP TABLE "VOTE"."WY_YWH";
CREATE TABLE "VOTE"."WY_YWH" (
"YWHID" VARCHAR2(36 BYTE) NOT NULL ,
"YWHMC" VARCHAR2(80 BYTE) NULL ,
"YWHDZ" VARCHAR2(512 BYTE) NULL ,
"YWHDM" VARCHAR2(40 BYTE) NULL ,
"LXR" VARCHAR2(40 BYTE) NULL ,
"LXRDH" VARCHAR2(11 BYTE) NULL ,
"TERM" VARCHAR2(80 BYTE) NULL ,
"RQ" VARCHAR2(80 BYTE) NULL ,
"CLRQ" VARCHAR2(10 BYTE) NULL ,
"BJKSRQ" VARCHAR2(10 BYTE) NULL ,
"BJJZRQ" VARCHAR2(10 BYTE) NULL ,
"BARQ" VARCHAR2(10 BYTE) NULL ,
"SFKZ" VARCHAR2(4 BYTE) NULL ,
"BZ" VARCHAR2(512 BYTE) NULL 
)
LOGGING
NOCOMPRESS
NOCACHE

;
COMMENT ON TABLE "VOTE"."WY_YWH" IS '业主委员会信息表';
COMMENT ON COLUMN "VOTE"."WY_YWH"."YWHID" IS '业委会信息ID';
COMMENT ON COLUMN "VOTE"."WY_YWH"."YWHMC" IS '业主大会名称';
COMMENT ON COLUMN "VOTE"."WY_YWH"."YWHDZ" IS '业主大会地址';
COMMENT ON COLUMN "VOTE"."WY_YWH"."YWHDM" IS '业委会代码';
COMMENT ON COLUMN "VOTE"."WY_YWH"."LXR" IS '业委会联系人';
COMMENT ON COLUMN "VOTE"."WY_YWH"."LXRDH" IS '业委会联系电话';
COMMENT ON COLUMN "VOTE"."WY_YWH"."TERM" IS '第几届';
COMMENT ON COLUMN "VOTE"."WY_YWH"."RQ" IS '任期';
COMMENT ON COLUMN "VOTE"."WY_YWH"."CLRQ" IS '成立日期';
COMMENT ON COLUMN "VOTE"."WY_YWH"."BJKSRQ" IS '本届任期开始日期';
COMMENT ON COLUMN "VOTE"."WY_YWH"."BJJZRQ" IS '本届任期结束日期';
COMMENT ON COLUMN "VOTE"."WY_YWH"."BARQ" IS '业主大会备案日期';
COMMENT ON COLUMN "VOTE"."WY_YWH"."SFKZ" IS '是否刻有公章';
COMMENT ON COLUMN "VOTE"."WY_YWH"."BZ" IS '备注';

-- ----------------------------
-- Records of WY_YWH
-- ----------------------------

-- ----------------------------
-- Sequence structure for ACT_EVT_LOG_SEQ
-- ----------------------------
DROP SEQUENCE "VOTE"."ACT_EVT_LOG_SEQ";
CREATE SEQUENCE "VOTE"."ACT_EVT_LOG_SEQ"
 INCREMENT BY 1
 MINVALUE 1
 MAXVALUE 9999999999999999999999999999
 START WITH 1
 CACHE 20;

-- ----------------------------
-- Sequence structure for APPLY_ID_SEQ
-- ----------------------------
DROP SEQUENCE "VOTE"."APPLY_ID_SEQ";
CREATE SEQUENCE "VOTE"."APPLY_ID_SEQ"
 INCREMENT BY 1
 MINVALUE 1
 MAXVALUE 99999999
 START WITH 108
 CACHE 20;

-- ----------------------------
-- Sequence structure for EXCEL_CELL_ID
-- ----------------------------
DROP SEQUENCE "VOTE"."EXCEL_CELL_ID";
CREATE SEQUENCE "VOTE"."EXCEL_CELL_ID"
 INCREMENT BY 1
 MINVALUE 1
 MAXVALUE 9999999999999999999999999999
 START WITH 41
 CACHE 20;

-- ----------------------------
-- Sequence structure for EXCEL_ID
-- ----------------------------
DROP SEQUENCE "VOTE"."EXCEL_ID";
CREATE SEQUENCE "VOTE"."EXCEL_ID"
 INCREMENT BY 1
 MINVALUE 1
 MAXVALUE 9999999999999999999999999999
 START WITH 201
 CACHE 20;

-- ----------------------------
-- Sequence structure for FILE_ID_SEQ
-- ----------------------------
DROP SEQUENCE "VOTE"."FILE_ID_SEQ";
CREATE SEQUENCE "VOTE"."FILE_ID_SEQ"
 INCREMENT BY 1
 MINVALUE 1
 MAXVALUE 99999999
 START WITH 112
 CACHE 20;

-- ----------------------------
-- Sequence structure for FILEKEYSEQUENCE
-- ----------------------------
DROP SEQUENCE "VOTE"."FILEKEYSEQUENCE";
CREATE SEQUENCE "VOTE"."FILEKEYSEQUENCE"
 INCREMENT BY 1
 MINVALUE 1
 MAXVALUE 999999999999999999999999999
 START WITH 1
 CACHE 10;

-- ----------------------------
-- Sequence structure for INFO_ID_SEQ
-- ----------------------------
DROP SEQUENCE "VOTE"."INFO_ID_SEQ";
CREATE SEQUENCE "VOTE"."INFO_ID_SEQ"
 INCREMENT BY 1
 MINVALUE 1
 MAXVALUE 99999999
 START WITH 1447
 CACHE 20;

-- ----------------------------
-- Sequence structure for INFOCODESEQUENCE
-- ----------------------------
DROP SEQUENCE "VOTE"."INFOCODESEQUENCE";
CREATE SEQUENCE "VOTE"."INFOCODESEQUENCE"
 INCREMENT BY 1
 MINVALUE 1
 MAXVALUE 999999999999999999999999999
 START WITH 1
 CACHE 10;

-- ----------------------------
-- Sequence structure for MENUIDSEQUENCE
-- ----------------------------
DROP SEQUENCE "VOTE"."MENUIDSEQUENCE";
CREATE SEQUENCE "VOTE"."MENUIDSEQUENCE"
 INCREMENT BY 1
 MINVALUE 1
 MAXVALUE 999999999999999999999999999
 START WITH 1164
 CACHE 20;

-- ----------------------------
-- Sequence structure for ORGNOSEQUENCE
-- ----------------------------
DROP SEQUENCE "VOTE"."ORGNOSEQUENCE";
CREATE SEQUENCE "VOTE"."ORGNOSEQUENCE"
 INCREMENT BY 1
 MINVALUE 1
 MAXVALUE 999999999999999999999999999
 START WITH 21
 CACHE 10;

-- ----------------------------
-- Sequence structure for PMCOMPANYINFO_SEQ
-- ----------------------------
DROP SEQUENCE "VOTE"."PMCOMPANYINFO_SEQ";
CREATE SEQUENCE "VOTE"."PMCOMPANYINFO_SEQ"
 INCREMENT BY 1
 MINVALUE 1
 MAXVALUE 9999999999999999999999999999
 START WITH 1
 CACHE 20;

-- ----------------------------
-- Sequence structure for PMCONFIRMBID_SEQ
-- ----------------------------
DROP SEQUENCE "VOTE"."PMCONFIRMBID_SEQ";
CREATE SEQUENCE "VOTE"."PMCONFIRMBID_SEQ"
 INCREMENT BY 1
 MINVALUE 1
 MAXVALUE 9999999999999999999999999999
 START WITH 21
 CACHE 20;

-- ----------------------------
-- Sequence structure for PMCUSTOMERGROUP_SEQ
-- ----------------------------
DROP SEQUENCE "VOTE"."PMCUSTOMERGROUP_SEQ";
CREATE SEQUENCE "VOTE"."PMCUSTOMERGROUP_SEQ"
 INCREMENT BY 1
 MINVALUE 1
 MAXVALUE 9999999999999999999999999999
 START WITH 1
 CACHE 20;

-- ----------------------------
-- Sequence structure for PMCUSTOMERGROUPRELATION_SEQ
-- ----------------------------
DROP SEQUENCE "VOTE"."PMCUSTOMERGROUPRELATION_SEQ";
CREATE SEQUENCE "VOTE"."PMCUSTOMERGROUPRELATION_SEQ"
 INCREMENT BY 1
 MINVALUE 1
 MAXVALUE 9999999999999999999999999999
 START WITH 241
 CACHE 20;

-- ----------------------------
-- Sequence structure for PMCUSTOMERINFO_SEQ
-- ----------------------------
DROP SEQUENCE "VOTE"."PMCUSTOMERINFO_SEQ";
CREATE SEQUENCE "VOTE"."PMCUSTOMERINFO_SEQ"
 INCREMENT BY 1
 MINVALUE 1
 MAXVALUE 9999999999999999999999999999
 START WITH 561
 CACHE 20;

-- ----------------------------
-- Sequence structure for PMFILE_SEQ
-- ----------------------------
DROP SEQUENCE "VOTE"."PMFILE_SEQ";
CREATE SEQUENCE "VOTE"."PMFILE_SEQ"
 INCREMENT BY 1
 MINVALUE 1
 MAXVALUE 9999999999999999999999999999
 START WITH 21
 CACHE 20;

-- ----------------------------
-- Sequence structure for PMPRODUCTINFO_SEQ
-- ----------------------------
DROP SEQUENCE "VOTE"."PMPRODUCTINFO_SEQ";
CREATE SEQUENCE "VOTE"."PMPRODUCTINFO_SEQ"
 INCREMENT BY 1
 MINVALUE 1
 MAXVALUE 9999999999999999999999999999
 START WITH 21
 CACHE 20;

-- ----------------------------
-- Sequence structure for PMPROJECTGROUPINFO_SEQ
-- ----------------------------
DROP SEQUENCE "VOTE"."PMPROJECTGROUPINFO_SEQ";
CREATE SEQUENCE "VOTE"."PMPROJECTGROUPINFO_SEQ"
 INCREMENT BY 1
 MINVALUE 1
 MAXVALUE 9999999999999999999999999999
 START WITH 1
 CACHE 20;

-- ----------------------------
-- Sequence structure for PMPROJECTGROUPRELATIONINFO_SEQ
-- ----------------------------
DROP SEQUENCE "VOTE"."PMPROJECTGROUPRELATIONINFO_SEQ";
CREATE SEQUENCE "VOTE"."PMPROJECTGROUPRELATIONINFO_SEQ"
 INCREMENT BY 1
 MINVALUE 1
 MAXVALUE 9999999999999999999999999999
 START WITH 1
 CACHE 20;

-- ----------------------------
-- Sequence structure for PMPROJECTINCOMMINGINFO_SEQ
-- ----------------------------
DROP SEQUENCE "VOTE"."PMPROJECTINCOMMINGINFO_SEQ";
CREATE SEQUENCE "VOTE"."PMPROJECTINCOMMINGINFO_SEQ"
 INCREMENT BY 1
 MINVALUE 1
 MAXVALUE 9999999999999999999999999999
 START WITH 1
 CACHE 20;

-- ----------------------------
-- Sequence structure for PMPROJECTINFO_SEQ
-- ----------------------------
DROP SEQUENCE "VOTE"."PMPROJECTINFO_SEQ";
CREATE SEQUENCE "VOTE"."PMPROJECTINFO_SEQ"
 INCREMENT BY 1
 MINVALUE 1
 MAXVALUE 9999999999999999999999999999
 START WITH 1
 CACHE 20;

-- ----------------------------
-- Sequence structure for PMPROJECTMILESTONEINFO_SEQ
-- ----------------------------
DROP SEQUENCE "VOTE"."PMPROJECTMILESTONEINFO_SEQ";
CREATE SEQUENCE "VOTE"."PMPROJECTMILESTONEINFO_SEQ"
 INCREMENT BY 1
 MINVALUE 1
 MAXVALUE 9999999999999999999999999999
 START WITH 1
 CACHE 20;

-- ----------------------------
-- Sequence structure for PMPROJECTPROBLEM_SEQ
-- ----------------------------
DROP SEQUENCE "VOTE"."PMPROJECTPROBLEM_SEQ";
CREATE SEQUENCE "VOTE"."PMPROJECTPROBLEM_SEQ"
 INCREMENT BY 1
 MINVALUE 1
 MAXVALUE 9999999999999999999999999999
 START WITH 1
 CACHE 20;

-- ----------------------------
-- Sequence structure for PMREVIEWINFO_SEQ
-- ----------------------------
DROP SEQUENCE "VOTE"."PMREVIEWINFO_SEQ";
CREATE SEQUENCE "VOTE"."PMREVIEWINFO_SEQ"
 INCREMENT BY 1
 MINVALUE 1
 MAXVALUE 9999999999999999999999999999
 START WITH 21
 CACHE 20;

-- ----------------------------
-- Sequence structure for PMSALEGROUPINFO_SEQ
-- ----------------------------
DROP SEQUENCE "VOTE"."PMSALEGROUPINFO_SEQ";
CREATE SEQUENCE "VOTE"."PMSALEGROUPINFO_SEQ"
 INCREMENT BY 1
 MINVALUE 1
 MAXVALUE 9999999999999999999999999999
 START WITH 41
 CACHE 20;

-- ----------------------------
-- Sequence structure for PMSALEMEMBERINFO_SEQ
-- ----------------------------
DROP SEQUENCE "VOTE"."PMSALEMEMBERINFO_SEQ";
CREATE SEQUENCE "VOTE"."PMSALEMEMBERINFO_SEQ"
 INCREMENT BY 1
 MINVALUE 1
 MAXVALUE 9999999999999999999999999999
 START WITH 1
 CACHE 20;

-- ----------------------------
-- Sequence structure for PRIMARYKEYSEQUENCE
-- ----------------------------
DROP SEQUENCE "VOTE"."PRIMARYKEYSEQUENCE";
CREATE SEQUENCE "VOTE"."PRIMARYKEYSEQUENCE"
 INCREMENT BY 1
 MINVALUE 1
 MAXVALUE 999999999999999999999999999
 START WITH 1
 CACHE 10;

-- ----------------------------
-- Sequence structure for RESULT_ID_SEQ
-- ----------------------------
DROP SEQUENCE "VOTE"."RESULT_ID_SEQ";
CREATE SEQUENCE "VOTE"."RESULT_ID_SEQ"
 INCREMENT BY 1
 MINVALUE 1
 MAXVALUE 99999999
 START WITH 132
 CACHE 20;

-- ----------------------------
-- Sequence structure for SECT_ID_SEQ
-- ----------------------------
DROP SEQUENCE "VOTE"."SECT_ID_SEQ";
CREATE SEQUENCE "VOTE"."SECT_ID_SEQ"
 INCREMENT BY 1
 MINVALUE 1
 MAXVALUE 99999999
 START WITH 101
 CACHE 20;

-- ----------------------------
-- Sequence structure for TOPIC_ID_SEQ
-- ----------------------------
DROP SEQUENCE "VOTE"."TOPIC_ID_SEQ";
CREATE SEQUENCE "VOTE"."TOPIC_ID_SEQ"
 INCREMENT BY 1
 MINVALUE 1
 MAXVALUE 99999999
 START WITH 110
 CACHE 20;

-- ----------------------------
-- Sequence structure for USRIDSEQUENCE
-- ----------------------------
DROP SEQUENCE "VOTE"."USRIDSEQUENCE";
CREATE SEQUENCE "VOTE"."USRIDSEQUENCE"
 INCREMENT BY 1
 MINVALUE 1
 MAXVALUE 999999999999999999999999999
 START WITH 61
 CACHE 10;

-- ----------------------------
-- Sequence structure for WS_ID_SEQ
-- ----------------------------
DROP SEQUENCE "VOTE"."WS_ID_SEQ";
CREATE SEQUENCE "VOTE"."WS_ID_SEQ"
 INCREMENT BY 1
 MINVALUE 1
 MAXVALUE 99999999
 START WITH 123
 CACHE 20;

-- ----------------------------
-- Indexes structure for table ACT_EVT_LOG
-- ----------------------------

-- ----------------------------
-- Checks structure for table ACT_EVT_LOG
-- ----------------------------
ALTER TABLE "VOTE"."ACT_EVT_LOG" ADD CHECK ("TIME_STAMP_" IS NOT NULL);

-- ----------------------------
-- Primary Key structure for table ACT_EVT_LOG
-- ----------------------------
ALTER TABLE "VOTE"."ACT_EVT_LOG" ADD PRIMARY KEY ("LOG_NR_");

-- ----------------------------
-- Indexes structure for table ACT_GE_BYTEARRAY
-- ----------------------------
CREATE INDEX "VOTE"."ACT_IDX_BYTEAR_DEPL"
ON "VOTE"."ACT_GE_BYTEARRAY" ("DEPLOYMENT_ID_" ASC)
LOGGING
VISIBLE;

-- ----------------------------
-- Checks structure for table ACT_GE_BYTEARRAY
-- ----------------------------
ALTER TABLE "VOTE"."ACT_GE_BYTEARRAY" ADD CHECK (GENERATED_ IN (1,0));

-- ----------------------------
-- Primary Key structure for table ACT_GE_BYTEARRAY
-- ----------------------------
ALTER TABLE "VOTE"."ACT_GE_BYTEARRAY" ADD PRIMARY KEY ("ID_");

-- ----------------------------
-- Indexes structure for table ACT_GE_PROPERTY
-- ----------------------------

-- ----------------------------
-- Primary Key structure for table ACT_GE_PROPERTY
-- ----------------------------
ALTER TABLE "VOTE"."ACT_GE_PROPERTY" ADD PRIMARY KEY ("NAME_");

-- ----------------------------
-- Indexes structure for table ACT_HI_ACTINST
-- ----------------------------
CREATE INDEX "VOTE"."ACT_IDX_HI_ACT_INST_END"
ON "VOTE"."ACT_HI_ACTINST" ("END_TIME_" ASC)
LOGGING
VISIBLE;
CREATE INDEX "VOTE"."ACT_IDX_HI_ACT_INST_EXEC"
ON "VOTE"."ACT_HI_ACTINST" ("EXECUTION_ID_" ASC, "ACT_ID_" ASC)
LOGGING
VISIBLE;
CREATE INDEX "VOTE"."ACT_IDX_HI_ACT_INST_PROCINST"
ON "VOTE"."ACT_HI_ACTINST" ("PROC_INST_ID_" ASC, "ACT_ID_" ASC)
LOGGING
VISIBLE;
CREATE INDEX "VOTE"."ACT_IDX_HI_ACT_INST_START"
ON "VOTE"."ACT_HI_ACTINST" ("START_TIME_" ASC)
LOGGING
VISIBLE;

-- ----------------------------
-- Checks structure for table ACT_HI_ACTINST
-- ----------------------------
ALTER TABLE "VOTE"."ACT_HI_ACTINST" ADD CHECK ("ID_" IS NOT NULL);
ALTER TABLE "VOTE"."ACT_HI_ACTINST" ADD CHECK ("PROC_DEF_ID_" IS NOT NULL);
ALTER TABLE "VOTE"."ACT_HI_ACTINST" ADD CHECK ("PROC_INST_ID_" IS NOT NULL);
ALTER TABLE "VOTE"."ACT_HI_ACTINST" ADD CHECK ("EXECUTION_ID_" IS NOT NULL);
ALTER TABLE "VOTE"."ACT_HI_ACTINST" ADD CHECK ("ACT_ID_" IS NOT NULL);
ALTER TABLE "VOTE"."ACT_HI_ACTINST" ADD CHECK ("ACT_TYPE_" IS NOT NULL);
ALTER TABLE "VOTE"."ACT_HI_ACTINST" ADD CHECK ("START_TIME_" IS NOT NULL);

-- ----------------------------
-- Primary Key structure for table ACT_HI_ACTINST
-- ----------------------------
ALTER TABLE "VOTE"."ACT_HI_ACTINST" ADD PRIMARY KEY ("ID_");

-- ----------------------------
-- Indexes structure for table ACT_HI_ATTACHMENT
-- ----------------------------

-- ----------------------------
-- Checks structure for table ACT_HI_ATTACHMENT
-- ----------------------------
ALTER TABLE "VOTE"."ACT_HI_ATTACHMENT" ADD CHECK ("ID_" IS NOT NULL);

-- ----------------------------
-- Primary Key structure for table ACT_HI_ATTACHMENT
-- ----------------------------
ALTER TABLE "VOTE"."ACT_HI_ATTACHMENT" ADD PRIMARY KEY ("ID_");

-- ----------------------------
-- Indexes structure for table ACT_HI_COMMENT
-- ----------------------------

-- ----------------------------
-- Checks structure for table ACT_HI_COMMENT
-- ----------------------------
ALTER TABLE "VOTE"."ACT_HI_COMMENT" ADD CHECK ("ID_" IS NOT NULL);
ALTER TABLE "VOTE"."ACT_HI_COMMENT" ADD CHECK ("TIME_" IS NOT NULL);

-- ----------------------------
-- Primary Key structure for table ACT_HI_COMMENT
-- ----------------------------
ALTER TABLE "VOTE"."ACT_HI_COMMENT" ADD PRIMARY KEY ("ID_");

-- ----------------------------
-- Indexes structure for table ACT_HI_DETAIL
-- ----------------------------
CREATE INDEX "VOTE"."ACT_IDX_HI_DETAIL_ACT_INST"
ON "VOTE"."ACT_HI_DETAIL" ("ACT_INST_ID_" ASC)
LOGGING
VISIBLE;
CREATE INDEX "VOTE"."ACT_IDX_HI_DETAIL_NAME"
ON "VOTE"."ACT_HI_DETAIL" ("NAME_" ASC)
LOGGING
VISIBLE;
CREATE INDEX "VOTE"."ACT_IDX_HI_DETAIL_PROC_INST"
ON "VOTE"."ACT_HI_DETAIL" ("PROC_INST_ID_" ASC)
LOGGING
VISIBLE;
CREATE INDEX "VOTE"."ACT_IDX_HI_DETAIL_TASK_ID"
ON "VOTE"."ACT_HI_DETAIL" ("TASK_ID_" ASC)
LOGGING
VISIBLE;
CREATE INDEX "VOTE"."ACT_IDX_HI_DETAIL_TIME"
ON "VOTE"."ACT_HI_DETAIL" ("TIME_" ASC)
LOGGING
VISIBLE;

-- ----------------------------
-- Checks structure for table ACT_HI_DETAIL
-- ----------------------------
ALTER TABLE "VOTE"."ACT_HI_DETAIL" ADD CHECK ("ID_" IS NOT NULL);
ALTER TABLE "VOTE"."ACT_HI_DETAIL" ADD CHECK ("TYPE_" IS NOT NULL);
ALTER TABLE "VOTE"."ACT_HI_DETAIL" ADD CHECK ("NAME_" IS NOT NULL);
ALTER TABLE "VOTE"."ACT_HI_DETAIL" ADD CHECK ("TIME_" IS NOT NULL);

-- ----------------------------
-- Primary Key structure for table ACT_HI_DETAIL
-- ----------------------------
ALTER TABLE "VOTE"."ACT_HI_DETAIL" ADD PRIMARY KEY ("ID_");

-- ----------------------------
-- Indexes structure for table ACT_HI_IDENTITYLINK
-- ----------------------------
CREATE INDEX "VOTE"."ACT_IDX_HI_IDENT_LNK_PROCINST"
ON "VOTE"."ACT_HI_IDENTITYLINK" ("PROC_INST_ID_" ASC)
LOGGING
VISIBLE;
CREATE INDEX "VOTE"."ACT_IDX_HI_IDENT_LNK_TASK"
ON "VOTE"."ACT_HI_IDENTITYLINK" ("TASK_ID_" ASC)
LOGGING
VISIBLE;
CREATE INDEX "VOTE"."ACT_IDX_HI_IDENT_LNK_USER"
ON "VOTE"."ACT_HI_IDENTITYLINK" ("USER_ID_" ASC)
LOGGING
VISIBLE;

-- ----------------------------
-- Primary Key structure for table ACT_HI_IDENTITYLINK
-- ----------------------------
ALTER TABLE "VOTE"."ACT_HI_IDENTITYLINK" ADD PRIMARY KEY ("ID_");

-- ----------------------------
-- Indexes structure for table ACT_HI_PROCINST
-- ----------------------------
CREATE INDEX "VOTE"."ACT_IDX_HI_PRO_INST_END"
ON "VOTE"."ACT_HI_PROCINST" ("END_TIME_" ASC)
LOGGING
VISIBLE;
CREATE INDEX "VOTE"."ACT_IDX_HI_PRO_I_BUSKEY"
ON "VOTE"."ACT_HI_PROCINST" ("BUSINESS_KEY_" ASC)
LOGGING
VISIBLE;

-- ----------------------------
-- Uniques structure for table ACT_HI_PROCINST
-- ----------------------------
ALTER TABLE "VOTE"."ACT_HI_PROCINST" ADD UNIQUE ("PROC_INST_ID_");

-- ----------------------------
-- Checks structure for table ACT_HI_PROCINST
-- ----------------------------
ALTER TABLE "VOTE"."ACT_HI_PROCINST" ADD CHECK ("ID_" IS NOT NULL);
ALTER TABLE "VOTE"."ACT_HI_PROCINST" ADD CHECK ("PROC_INST_ID_" IS NOT NULL);
ALTER TABLE "VOTE"."ACT_HI_PROCINST" ADD CHECK ("PROC_DEF_ID_" IS NOT NULL);
ALTER TABLE "VOTE"."ACT_HI_PROCINST" ADD CHECK ("START_TIME_" IS NOT NULL);

-- ----------------------------
-- Primary Key structure for table ACT_HI_PROCINST
-- ----------------------------
ALTER TABLE "VOTE"."ACT_HI_PROCINST" ADD PRIMARY KEY ("ID_");

-- ----------------------------
-- Indexes structure for table ACT_HI_TASKINST
-- ----------------------------
CREATE INDEX "VOTE"."ACT_IDX_HI_TASK_INST_PROCINST"
ON "VOTE"."ACT_HI_TASKINST" ("PROC_INST_ID_" ASC)
LOGGING
VISIBLE;

-- ----------------------------
-- Checks structure for table ACT_HI_TASKINST
-- ----------------------------
ALTER TABLE "VOTE"."ACT_HI_TASKINST" ADD CHECK ("ID_" IS NOT NULL);
ALTER TABLE "VOTE"."ACT_HI_TASKINST" ADD CHECK ("START_TIME_" IS NOT NULL);

-- ----------------------------
-- Primary Key structure for table ACT_HI_TASKINST
-- ----------------------------
ALTER TABLE "VOTE"."ACT_HI_TASKINST" ADD PRIMARY KEY ("ID_");

-- ----------------------------
-- Indexes structure for table ACT_HI_VARINST
-- ----------------------------
CREATE INDEX "VOTE"."ACT_IDX_HI_PROCVAR_NAME_TYPE"
ON "VOTE"."ACT_HI_VARINST" ("NAME_" ASC, "VAR_TYPE_" ASC)
LOGGING
VISIBLE;
CREATE INDEX "VOTE"."ACT_IDX_HI_PROCVAR_PROC_INST"
ON "VOTE"."ACT_HI_VARINST" ("PROC_INST_ID_" ASC)
LOGGING
VISIBLE;
CREATE INDEX "VOTE"."ACT_IDX_HI_PROCVAR_TASK_ID"
ON "VOTE"."ACT_HI_VARINST" ("TASK_ID_" ASC)
LOGGING
VISIBLE;

-- ----------------------------
-- Checks structure for table ACT_HI_VARINST
-- ----------------------------
ALTER TABLE "VOTE"."ACT_HI_VARINST" ADD CHECK ("ID_" IS NOT NULL);
ALTER TABLE "VOTE"."ACT_HI_VARINST" ADD CHECK ("NAME_" IS NOT NULL);

-- ----------------------------
-- Primary Key structure for table ACT_HI_VARINST
-- ----------------------------
ALTER TABLE "VOTE"."ACT_HI_VARINST" ADD PRIMARY KEY ("ID_");

-- ----------------------------
-- Indexes structure for table ACT_ID_GROUP
-- ----------------------------

-- ----------------------------
-- Primary Key structure for table ACT_ID_GROUP
-- ----------------------------
ALTER TABLE "VOTE"."ACT_ID_GROUP" ADD PRIMARY KEY ("ID_");

-- ----------------------------
-- Indexes structure for table ACT_ID_INFO
-- ----------------------------

-- ----------------------------
-- Primary Key structure for table ACT_ID_INFO
-- ----------------------------
ALTER TABLE "VOTE"."ACT_ID_INFO" ADD PRIMARY KEY ("ID_");

-- ----------------------------
-- Indexes structure for table ACT_ID_MEMBERSHIP
-- ----------------------------
CREATE INDEX "VOTE"."ACT_IDX_MEMB_GROUP"
ON "VOTE"."ACT_ID_MEMBERSHIP" ("GROUP_ID_" ASC)
LOGGING
VISIBLE;
CREATE INDEX "VOTE"."ACT_IDX_MEMB_USER"
ON "VOTE"."ACT_ID_MEMBERSHIP" ("USER_ID_" ASC)
LOGGING
VISIBLE;

-- ----------------------------
-- Primary Key structure for table ACT_ID_MEMBERSHIP
-- ----------------------------
ALTER TABLE "VOTE"."ACT_ID_MEMBERSHIP" ADD PRIMARY KEY ("USER_ID_", "GROUP_ID_");

-- ----------------------------
-- Indexes structure for table ACT_ID_USER
-- ----------------------------

-- ----------------------------
-- Primary Key structure for table ACT_ID_USER
-- ----------------------------
ALTER TABLE "VOTE"."ACT_ID_USER" ADD PRIMARY KEY ("ID_");

-- ----------------------------
-- Indexes structure for table ACT_PROCDEF_INFO
-- ----------------------------
CREATE INDEX "VOTE"."ACT_IDX_PROCDEF_INFO_JSON"
ON "VOTE"."ACT_PROCDEF_INFO" ("INFO_JSON_ID_" ASC)
LOGGING
VISIBLE;
CREATE INDEX "VOTE"."ACT_IDX_PROCDEF_INFO_PROC"
ON "VOTE"."ACT_PROCDEF_INFO" ("PROC_DEF_ID_" ASC)
LOGGING
VISIBLE;

-- ----------------------------
-- Uniques structure for table ACT_PROCDEF_INFO
-- ----------------------------
ALTER TABLE "VOTE"."ACT_PROCDEF_INFO" ADD UNIQUE ("PROC_DEF_ID_");

-- ----------------------------
-- Checks structure for table ACT_PROCDEF_INFO
-- ----------------------------
ALTER TABLE "VOTE"."ACT_PROCDEF_INFO" ADD CHECK ("ID_" IS NOT NULL);
ALTER TABLE "VOTE"."ACT_PROCDEF_INFO" ADD CHECK ("PROC_DEF_ID_" IS NOT NULL);

-- ----------------------------
-- Primary Key structure for table ACT_PROCDEF_INFO
-- ----------------------------
ALTER TABLE "VOTE"."ACT_PROCDEF_INFO" ADD PRIMARY KEY ("ID_");

-- ----------------------------
-- Indexes structure for table ACT_RE_DEPLOYMENT
-- ----------------------------

-- ----------------------------
-- Primary Key structure for table ACT_RE_DEPLOYMENT
-- ----------------------------
ALTER TABLE "VOTE"."ACT_RE_DEPLOYMENT" ADD PRIMARY KEY ("ID_");

-- ----------------------------
-- Indexes structure for table ACT_RE_MODEL
-- ----------------------------
CREATE INDEX "VOTE"."ACT_IDX_MODEL_DEPLOYMENT"
ON "VOTE"."ACT_RE_MODEL" ("DEPLOYMENT_ID_" ASC)
LOGGING
VISIBLE;
CREATE INDEX "VOTE"."ACT_IDX_MODEL_SOURCE"
ON "VOTE"."ACT_RE_MODEL" ("EDITOR_SOURCE_VALUE_ID_" ASC)
LOGGING
VISIBLE;
CREATE INDEX "VOTE"."ACT_IDX_MODEL_SOURCE_EXTRA"
ON "VOTE"."ACT_RE_MODEL" ("EDITOR_SOURCE_EXTRA_VALUE_ID_" ASC)
LOGGING
VISIBLE;

-- ----------------------------
-- Checks structure for table ACT_RE_MODEL
-- ----------------------------
ALTER TABLE "VOTE"."ACT_RE_MODEL" ADD CHECK ("ID_" IS NOT NULL);

-- ----------------------------
-- Primary Key structure for table ACT_RE_MODEL
-- ----------------------------
ALTER TABLE "VOTE"."ACT_RE_MODEL" ADD PRIMARY KEY ("ID_");

-- ----------------------------
-- Indexes structure for table ACT_RE_PROCDEF
-- ----------------------------

-- ----------------------------
-- Uniques structure for table ACT_RE_PROCDEF
-- ----------------------------
ALTER TABLE "VOTE"."ACT_RE_PROCDEF" ADD UNIQUE ("KEY_", "VERSION_", "TENANT_ID_");

-- ----------------------------
-- Checks structure for table ACT_RE_PROCDEF
-- ----------------------------
ALTER TABLE "VOTE"."ACT_RE_PROCDEF" ADD CHECK ("ID_" IS NOT NULL);
ALTER TABLE "VOTE"."ACT_RE_PROCDEF" ADD CHECK ("KEY_" IS NOT NULL);
ALTER TABLE "VOTE"."ACT_RE_PROCDEF" ADD CHECK ("VERSION_" IS NOT NULL);
ALTER TABLE "VOTE"."ACT_RE_PROCDEF" ADD CHECK (HAS_START_FORM_KEY_ IN (1,0));
ALTER TABLE "VOTE"."ACT_RE_PROCDEF" ADD CHECK (HAS_GRAPHICAL_NOTATION_ IN (1,0));

-- ----------------------------
-- Primary Key structure for table ACT_RE_PROCDEF
-- ----------------------------
ALTER TABLE "VOTE"."ACT_RE_PROCDEF" ADD PRIMARY KEY ("ID_");

-- ----------------------------
-- Indexes structure for table ACT_RU_EVENT_SUBSCR
-- ----------------------------
CREATE INDEX "VOTE"."ACT_IDX_EVENT_SUBSCR"
ON "VOTE"."ACT_RU_EVENT_SUBSCR" ("EXECUTION_ID_" ASC)
LOGGING
VISIBLE;
CREATE INDEX "VOTE"."ACT_IDX_EVENT_SUBSCR_CONFIG_"
ON "VOTE"."ACT_RU_EVENT_SUBSCR" ("CONFIGURATION_" ASC)
LOGGING
VISIBLE;

-- ----------------------------
-- Checks structure for table ACT_RU_EVENT_SUBSCR
-- ----------------------------
ALTER TABLE "VOTE"."ACT_RU_EVENT_SUBSCR" ADD CHECK ("ID_" IS NOT NULL);
ALTER TABLE "VOTE"."ACT_RU_EVENT_SUBSCR" ADD CHECK ("EVENT_TYPE_" IS NOT NULL);
ALTER TABLE "VOTE"."ACT_RU_EVENT_SUBSCR" ADD CHECK ("CREATED_" IS NOT NULL);

-- ----------------------------
-- Primary Key structure for table ACT_RU_EVENT_SUBSCR
-- ----------------------------
ALTER TABLE "VOTE"."ACT_RU_EVENT_SUBSCR" ADD PRIMARY KEY ("ID_");

-- ----------------------------
-- Indexes structure for table ACT_RU_EXECUTION
-- ----------------------------
CREATE INDEX "VOTE"."ACT_IDX_EXEC_BUSKEY"
ON "VOTE"."ACT_RU_EXECUTION" ("BUSINESS_KEY_" ASC)
LOGGING
VISIBLE;
CREATE INDEX "VOTE"."ACT_IDX_EXE_PARENT"
ON "VOTE"."ACT_RU_EXECUTION" ("PARENT_ID_" ASC)
LOGGING
VISIBLE;
CREATE INDEX "VOTE"."ACT_IDX_EXE_PROCDEF"
ON "VOTE"."ACT_RU_EXECUTION" ("PROC_DEF_ID_" ASC)
LOGGING
VISIBLE;
CREATE INDEX "VOTE"."ACT_IDX_EXE_PROCINST"
ON "VOTE"."ACT_RU_EXECUTION" ("PROC_INST_ID_" ASC)
LOGGING
VISIBLE;
CREATE INDEX "VOTE"."ACT_IDX_EXE_SUPER"
ON "VOTE"."ACT_RU_EXECUTION" ("SUPER_EXEC_" ASC)
LOGGING
VISIBLE;

-- ----------------------------
-- Checks structure for table ACT_RU_EXECUTION
-- ----------------------------
ALTER TABLE "VOTE"."ACT_RU_EXECUTION" ADD CHECK (IS_ACTIVE_ IN (1,0));
ALTER TABLE "VOTE"."ACT_RU_EXECUTION" ADD CHECK (IS_CONCURRENT_ IN (1,0));
ALTER TABLE "VOTE"."ACT_RU_EXECUTION" ADD CHECK (IS_SCOPE_ IN (1,0));
ALTER TABLE "VOTE"."ACT_RU_EXECUTION" ADD CHECK (IS_EVENT_SCOPE_ IN (1,0));

-- ----------------------------
-- Primary Key structure for table ACT_RU_EXECUTION
-- ----------------------------
ALTER TABLE "VOTE"."ACT_RU_EXECUTION" ADD PRIMARY KEY ("ID_");

-- ----------------------------
-- Indexes structure for table ACT_RU_IDENTITYLINK
-- ----------------------------
CREATE INDEX "VOTE"."ACT_IDX_ATHRZ_PROCEDEF"
ON "VOTE"."ACT_RU_IDENTITYLINK" ("PROC_DEF_ID_" ASC)
LOGGING
VISIBLE;
CREATE INDEX "VOTE"."ACT_IDX_IDENT_LNK_GROUP"
ON "VOTE"."ACT_RU_IDENTITYLINK" ("GROUP_ID_" ASC)
LOGGING
VISIBLE;
CREATE INDEX "VOTE"."ACT_IDX_IDENT_LNK_USER"
ON "VOTE"."ACT_RU_IDENTITYLINK" ("USER_ID_" ASC)
LOGGING
VISIBLE;
CREATE INDEX "VOTE"."ACT_IDX_IDL_PROCINST"
ON "VOTE"."ACT_RU_IDENTITYLINK" ("PROC_INST_ID_" ASC)
LOGGING
VISIBLE;
CREATE INDEX "VOTE"."ACT_IDX_TSKASS_TASK"
ON "VOTE"."ACT_RU_IDENTITYLINK" ("TASK_ID_" ASC)
LOGGING
VISIBLE;

-- ----------------------------
-- Primary Key structure for table ACT_RU_IDENTITYLINK
-- ----------------------------
ALTER TABLE "VOTE"."ACT_RU_IDENTITYLINK" ADD PRIMARY KEY ("ID_");

-- ----------------------------
-- Indexes structure for table ACT_RU_JOB
-- ----------------------------
CREATE INDEX "VOTE"."ACT_IDX_JOB_EXCEPTION"
ON "VOTE"."ACT_RU_JOB" ("EXCEPTION_STACK_ID_" ASC)
LOGGING
VISIBLE;

-- ----------------------------
-- Checks structure for table ACT_RU_JOB
-- ----------------------------
ALTER TABLE "VOTE"."ACT_RU_JOB" ADD CHECK ("ID_" IS NOT NULL);
ALTER TABLE "VOTE"."ACT_RU_JOB" ADD CHECK ("TYPE_" IS NOT NULL);
ALTER TABLE "VOTE"."ACT_RU_JOB" ADD CHECK (EXCLUSIVE_ IN (1,0));

-- ----------------------------
-- Primary Key structure for table ACT_RU_JOB
-- ----------------------------
ALTER TABLE "VOTE"."ACT_RU_JOB" ADD PRIMARY KEY ("ID_");

-- ----------------------------
-- Indexes structure for table ACT_RU_TASK
-- ----------------------------
CREATE INDEX "VOTE"."ACT_IDX_TASK_CREATE"
ON "VOTE"."ACT_RU_TASK" ("CREATE_TIME_" ASC)
LOGGING
VISIBLE;
CREATE INDEX "VOTE"."ACT_IDX_TASK_EXEC"
ON "VOTE"."ACT_RU_TASK" ("EXECUTION_ID_" ASC)
LOGGING
VISIBLE;
CREATE INDEX "VOTE"."ACT_IDX_TASK_PROCDEF"
ON "VOTE"."ACT_RU_TASK" ("PROC_DEF_ID_" ASC)
LOGGING
VISIBLE;
CREATE INDEX "VOTE"."ACT_IDX_TASK_PROCINST"
ON "VOTE"."ACT_RU_TASK" ("PROC_INST_ID_" ASC)
LOGGING
VISIBLE;

-- ----------------------------
-- Primary Key structure for table ACT_RU_TASK
-- ----------------------------
ALTER TABLE "VOTE"."ACT_RU_TASK" ADD PRIMARY KEY ("ID_");

-- ----------------------------
-- Indexes structure for table ACT_RU_VARIABLE
-- ----------------------------
CREATE INDEX "VOTE"."ACT_IDX_VARIABLE_TASK_ID"
ON "VOTE"."ACT_RU_VARIABLE" ("TASK_ID_" ASC)
LOGGING
VISIBLE;
CREATE INDEX "VOTE"."ACT_IDX_VAR_BYTEARRAY"
ON "VOTE"."ACT_RU_VARIABLE" ("BYTEARRAY_ID_" ASC)
LOGGING
VISIBLE;
CREATE INDEX "VOTE"."ACT_IDX_VAR_EXE"
ON "VOTE"."ACT_RU_VARIABLE" ("EXECUTION_ID_" ASC)
LOGGING
VISIBLE;
CREATE INDEX "VOTE"."ACT_IDX_VAR_PROCINST"
ON "VOTE"."ACT_RU_VARIABLE" ("PROC_INST_ID_" ASC)
LOGGING
VISIBLE;

-- ----------------------------
-- Checks structure for table ACT_RU_VARIABLE
-- ----------------------------
ALTER TABLE "VOTE"."ACT_RU_VARIABLE" ADD CHECK ("ID_" IS NOT NULL);
ALTER TABLE "VOTE"."ACT_RU_VARIABLE" ADD CHECK ("TYPE_" IS NOT NULL);
ALTER TABLE "VOTE"."ACT_RU_VARIABLE" ADD CHECK ("NAME_" IS NOT NULL);

-- ----------------------------
-- Primary Key structure for table ACT_RU_VARIABLE
-- ----------------------------
ALTER TABLE "VOTE"."ACT_RU_VARIABLE" ADD PRIMARY KEY ("ID_");

-- ----------------------------
-- Indexes structure for table APPLICATION
-- ----------------------------

-- ----------------------------
-- Checks structure for table APPLICATION
-- ----------------------------
ALTER TABLE "VOTE"."APPLICATION" ADD CHECK ("APP_ID" IS NOT NULL);

-- ----------------------------
-- Primary Key structure for table APPLICATION
-- ----------------------------
ALTER TABLE "VOTE"."APPLICATION" ADD PRIMARY KEY ("APP_ID");

-- ----------------------------
-- Indexes structure for table APPLICATION_IEDA
-- ----------------------------

-- ----------------------------
-- Checks structure for table APPLICATION_IEDA
-- ----------------------------
ALTER TABLE "VOTE"."APPLICATION_IEDA" ADD CHECK ("IDEA_ID" IS NOT NULL);
ALTER TABLE "VOTE"."APPLICATION_IEDA" ADD CHECK ("APP_ID" IS NOT NULL);

-- ----------------------------
-- Primary Key structure for table APPLICATION_IEDA
-- ----------------------------
ALTER TABLE "VOTE"."APPLICATION_IEDA" ADD PRIMARY KEY ("IDEA_ID");

-- ----------------------------
-- Indexes structure for table BASE_ORG_REL
-- ----------------------------

-- ----------------------------
-- Checks structure for table BASE_ORG_REL
-- ----------------------------
ALTER TABLE "VOTE"."BASE_ORG_REL" ADD CHECK ("REL_ID" IS NOT NULL);

-- ----------------------------
-- Primary Key structure for table BASE_ORG_REL
-- ----------------------------
ALTER TABLE "VOTE"."BASE_ORG_REL" ADD PRIMARY KEY ("REL_ID");

-- ----------------------------
-- Indexes structure for table BTN_INFO
-- ----------------------------

-- ----------------------------
-- Checks structure for table BTN_INFO
-- ----------------------------
ALTER TABLE "VOTE"."BTN_INFO" ADD CHECK ("BTN_ID" IS NOT NULL);

-- ----------------------------
-- Primary Key structure for table BTN_INFO
-- ----------------------------
ALTER TABLE "VOTE"."BTN_INFO" ADD PRIMARY KEY ("BTN_ID");

-- ----------------------------
-- Indexes structure for table BTN_ROLE
-- ----------------------------

-- ----------------------------
-- Checks structure for table BTN_ROLE
-- ----------------------------
ALTER TABLE "VOTE"."BTN_ROLE" ADD CHECK ("BTN_ID" IS NOT NULL);
ALTER TABLE "VOTE"."BTN_ROLE" ADD CHECK ("ROLE_ID" IS NOT NULL);

-- ----------------------------
-- Primary Key structure for table BTN_ROLE
-- ----------------------------
ALTER TABLE "VOTE"."BTN_ROLE" ADD PRIMARY KEY ("BTN_ID", "ROLE_ID");

-- ----------------------------
-- Indexes structure for table BTN_USR
-- ----------------------------

-- ----------------------------
-- Checks structure for table BTN_USR
-- ----------------------------
ALTER TABLE "VOTE"."BTN_USR" ADD CHECK ("BTN_ID" IS NOT NULL);
ALTER TABLE "VOTE"."BTN_USR" ADD CHECK ("USR_ID" IS NOT NULL);

-- ----------------------------
-- Primary Key structure for table BTN_USR
-- ----------------------------
ALTER TABLE "VOTE"."BTN_USR" ADD PRIMARY KEY ("BTN_ID", "USR_ID");

-- ----------------------------
-- Indexes structure for table CODE_DATA
-- ----------------------------

-- ----------------------------
-- Checks structure for table CODE_DATA
-- ----------------------------
ALTER TABLE "VOTE"."CODE_DATA" ADD CHECK ("CODE_NO" IS NOT NULL);
ALTER TABLE "VOTE"."CODE_DATA" ADD CHECK ("CODE_KEY" IS NOT NULL);
ALTER TABLE "VOTE"."CODE_DATA" ADD CHECK ("CODE_NO" IS NOT NULL);
ALTER TABLE "VOTE"."CODE_DATA" ADD CHECK ("CODE_KEY" IS NOT NULL);

-- ----------------------------
-- Primary Key structure for table CODE_DATA
-- ----------------------------
ALTER TABLE "VOTE"."CODE_DATA" ADD PRIMARY KEY ("CODE_NO", "CODE_KEY");

-- ----------------------------
-- Indexes structure for table EXCEL_CELL
-- ----------------------------

-- ----------------------------
-- Checks structure for table EXCEL_CELL
-- ----------------------------
ALTER TABLE "VOTE"."EXCEL_CELL" ADD CHECK ("EXCEL_CELL_ID" IS NOT NULL);
ALTER TABLE "VOTE"."EXCEL_CELL" ADD CHECK ("EXCEL_CELL_ID" IS NOT NULL);

-- ----------------------------
-- Primary Key structure for table EXCEL_CELL
-- ----------------------------
ALTER TABLE "VOTE"."EXCEL_CELL" ADD PRIMARY KEY ("EXCEL_CELL_ID");

-- ----------------------------
-- Indexes structure for table EXCEL_FILE
-- ----------------------------

-- ----------------------------
-- Checks structure for table EXCEL_FILE
-- ----------------------------
ALTER TABLE "VOTE"."EXCEL_FILE" ADD CHECK ("EXCEL_FILE_ID" IS NOT NULL);
ALTER TABLE "VOTE"."EXCEL_FILE" ADD CHECK ("EXCEL_FILE_ID" IS NOT NULL);

-- ----------------------------
-- Primary Key structure for table EXCEL_FILE
-- ----------------------------
ALTER TABLE "VOTE"."EXCEL_FILE" ADD PRIMARY KEY ("EXCEL_FILE_ID");

-- ----------------------------
-- Indexes structure for table EXCEL_SHEET
-- ----------------------------

-- ----------------------------
-- Checks structure for table EXCEL_SHEET
-- ----------------------------
ALTER TABLE "VOTE"."EXCEL_SHEET" ADD CHECK ("EXCEL_SHEET_ID" IS NOT NULL);
ALTER TABLE "VOTE"."EXCEL_SHEET" ADD CHECK ("EXCEL_SHEET_ID" IS NOT NULL);

-- ----------------------------
-- Primary Key structure for table EXCEL_SHEET
-- ----------------------------
ALTER TABLE "VOTE"."EXCEL_SHEET" ADD PRIMARY KEY ("EXCEL_SHEET_ID");

-- ----------------------------
-- Indexes structure for table FILE_TYPE_CFG
-- ----------------------------

-- ----------------------------
-- Checks structure for table FILE_TYPE_CFG
-- ----------------------------
ALTER TABLE "VOTE"."FILE_TYPE_CFG" ADD CHECK ("ID" IS NOT NULL);
ALTER TABLE "VOTE"."FILE_TYPE_CFG" ADD CHECK ("TRAN_TYPE" IS NOT NULL);
ALTER TABLE "VOTE"."FILE_TYPE_CFG" ADD CHECK ("FILE_TYPE" IS NOT NULL);

-- ----------------------------
-- Primary Key structure for table FILE_TYPE_CFG
-- ----------------------------
ALTER TABLE "VOTE"."FILE_TYPE_CFG" ADD PRIMARY KEY ("ID");

-- ----------------------------
-- Indexes structure for table FILE_UPLOAD
-- ----------------------------

-- ----------------------------
-- Checks structure for table FILE_UPLOAD
-- ----------------------------
ALTER TABLE "VOTE"."FILE_UPLOAD" ADD CHECK ("FILE_ID" IS NOT NULL);

-- ----------------------------
-- Primary Key structure for table FILE_UPLOAD
-- ----------------------------
ALTER TABLE "VOTE"."FILE_UPLOAD" ADD PRIMARY KEY ("FILE_ID");

-- ----------------------------
-- Indexes structure for table MENU_INFO
-- ----------------------------

-- ----------------------------
-- Checks structure for table MENU_INFO
-- ----------------------------
ALTER TABLE "VOTE"."MENU_INFO" ADD CHECK ("MENU_ID" IS NOT NULL);

-- ----------------------------
-- Primary Key structure for table MENU_INFO
-- ----------------------------
ALTER TABLE "VOTE"."MENU_INFO" ADD PRIMARY KEY ("MENU_ID");

-- ----------------------------
-- Indexes structure for table ORG_INFO
-- ----------------------------

-- ----------------------------
-- Checks structure for table ORG_INFO
-- ----------------------------
ALTER TABLE "VOTE"."ORG_INFO" ADD CHECK ("ORG_NO" IS NOT NULL);
ALTER TABLE "VOTE"."ORG_INFO" ADD CHECK ("ORG_NAME" IS NOT NULL);
ALTER TABLE "VOTE"."ORG_INFO" ADD CHECK ("ORG_TYPE" IS NOT NULL);
ALTER TABLE "VOTE"."ORG_INFO" ADD CHECK ("ORG_STATUS" IS NOT NULL);

-- ----------------------------
-- Primary Key structure for table ORG_INFO
-- ----------------------------
ALTER TABLE "VOTE"."ORG_INFO" ADD PRIMARY KEY ("ORG_NO");

-- ----------------------------
-- Indexes structure for table PARAMS_INFO
-- ----------------------------

-- ----------------------------
-- Checks structure for table PARAMS_INFO
-- ----------------------------
ALTER TABLE "VOTE"."PARAMS_INFO" ADD CHECK ("PARAMS_NO" IS NOT NULL);

-- ----------------------------
-- Primary Key structure for table PARAMS_INFO
-- ----------------------------
ALTER TABLE "VOTE"."PARAMS_INFO" ADD PRIMARY KEY ("PARAMS_NO");

-- ----------------------------
-- Indexes structure for table PM_COMPANY_INFO
-- ----------------------------

-- ----------------------------
-- Checks structure for table PM_COMPANY_INFO
-- ----------------------------
ALTER TABLE "VOTE"."PM_COMPANY_INFO" ADD CHECK ("COMPANY_CODE" IS NOT NULL);
ALTER TABLE "VOTE"."PM_COMPANY_INFO" ADD CHECK ("COMPANY_NAME" IS NOT NULL);

-- ----------------------------
-- Primary Key structure for table PM_COMPANY_INFO
-- ----------------------------
ALTER TABLE "VOTE"."PM_COMPANY_INFO" ADD PRIMARY KEY ("COMPANY_CODE");

-- ----------------------------
-- Indexes structure for table PM_CONFIRM_BID
-- ----------------------------

-- ----------------------------
-- Primary Key structure for table PM_CONFIRM_BID
-- ----------------------------
ALTER TABLE "VOTE"."PM_CONFIRM_BID" ADD PRIMARY KEY ("BID_ID");

-- ----------------------------
-- Indexes structure for table PM_CUSTOMER_GROUP
-- ----------------------------

-- ----------------------------
-- Checks structure for table PM_CUSTOMER_GROUP
-- ----------------------------
ALTER TABLE "VOTE"."PM_CUSTOMER_GROUP" ADD CHECK ("CUST_GROUP_ID" IS NOT NULL);
ALTER TABLE "VOTE"."PM_CUSTOMER_GROUP" ADD CHECK ("CUST_GROUP_ID" IS NOT NULL);

-- ----------------------------
-- Primary Key structure for table PM_CUSTOMER_GROUP
-- ----------------------------
ALTER TABLE "VOTE"."PM_CUSTOMER_GROUP" ADD PRIMARY KEY ("CUST_GROUP_ID");

-- ----------------------------
-- Indexes structure for table PM_CUSTOMER_GROUP_RELATION
-- ----------------------------

-- ----------------------------
-- Checks structure for table PM_CUSTOMER_GROUP_RELATION
-- ----------------------------
ALTER TABLE "VOTE"."PM_CUSTOMER_GROUP_RELATION" ADD CHECK ("CUST_GROUP_RELATION_ID" IS NOT NULL);
ALTER TABLE "VOTE"."PM_CUSTOMER_GROUP_RELATION" ADD CHECK ("CUST_GROUP_RELATION_ID" IS NOT NULL);

-- ----------------------------
-- Primary Key structure for table PM_CUSTOMER_GROUP_RELATION
-- ----------------------------
ALTER TABLE "VOTE"."PM_CUSTOMER_GROUP_RELATION" ADD PRIMARY KEY ("CUST_GROUP_RELATION_ID");

-- ----------------------------
-- Checks structure for table PM_CUSTOMER_INFO
-- ----------------------------
ALTER TABLE "VOTE"."PM_CUSTOMER_INFO" ADD CHECK ("CUST_ID" IS NOT NULL);
ALTER TABLE "VOTE"."PM_CUSTOMER_INFO" ADD CHECK ("CUST_ID" IS NOT NULL);

-- ----------------------------
-- Indexes structure for table PM_FILE
-- ----------------------------

-- ----------------------------
-- Primary Key structure for table PM_FILE
-- ----------------------------
ALTER TABLE "VOTE"."PM_FILE" ADD PRIMARY KEY ("FILE_ID");

-- ----------------------------
-- Indexes structure for table PM_PAYMENT_POINT
-- ----------------------------

-- ----------------------------
-- Primary Key structure for table PM_PAYMENT_POINT
-- ----------------------------
ALTER TABLE "VOTE"."PM_PAYMENT_POINT" ADD PRIMARY KEY ("PAYMENT_ID");

-- ----------------------------
-- Indexes structure for table PM_PRODUCT_INFO
-- ----------------------------

-- ----------------------------
-- Checks structure for table PM_PRODUCT_INFO
-- ----------------------------
ALTER TABLE "VOTE"."PM_PRODUCT_INFO" ADD CHECK ("PRODUCT_ID" IS NOT NULL);

-- ----------------------------
-- Primary Key structure for table PM_PRODUCT_INFO
-- ----------------------------
ALTER TABLE "VOTE"."PM_PRODUCT_INFO" ADD PRIMARY KEY ("PRODUCT_ID");

-- ----------------------------
-- Indexes structure for table PM_PRODUCT_PROJECT_RELATION
-- ----------------------------

-- ----------------------------
-- Checks structure for table PM_PRODUCT_PROJECT_RELATION
-- ----------------------------
ALTER TABLE "VOTE"."PM_PRODUCT_PROJECT_RELATION" ADD CHECK ("PRODUCT_RELATION_ID" IS NOT NULL);

-- ----------------------------
-- Primary Key structure for table PM_PRODUCT_PROJECT_RELATION
-- ----------------------------
ALTER TABLE "VOTE"."PM_PRODUCT_PROJECT_RELATION" ADD PRIMARY KEY ("PRODUCT_RELATION_ID");

-- ----------------------------
-- Indexes structure for table PM_PROJECT_GROUP_INFO
-- ----------------------------

-- ----------------------------
-- Primary Key structure for table PM_PROJECT_GROUP_INFO
-- ----------------------------
ALTER TABLE "VOTE"."PM_PROJECT_GROUP_INFO" ADD PRIMARY KEY ("PROJECT_GROUP_ID");

-- ----------------------------
-- Indexes structure for table PM_PROJECT_GROUP_RELATION_INFO
-- ----------------------------

-- ----------------------------
-- Primary Key structure for table PM_PROJECT_GROUP_RELATION_INFO
-- ----------------------------
ALTER TABLE "VOTE"."PM_PROJECT_GROUP_RELATION_INFO" ADD PRIMARY KEY ("RELATIONSHIP");

-- ----------------------------
-- Indexes structure for table PM_PROJECT_INCOMMING_INFO
-- ----------------------------

-- ----------------------------
-- Primary Key structure for table PM_PROJECT_INCOMMING_INFO
-- ----------------------------
ALTER TABLE "VOTE"."PM_PROJECT_INCOMMING_INFO" ADD PRIMARY KEY ("RECEIVE_ID");

-- ----------------------------
-- Indexes structure for table PM_PROJECT_INFO
-- ----------------------------

-- ----------------------------
-- Primary Key structure for table PM_PROJECT_INFO
-- ----------------------------
ALTER TABLE "VOTE"."PM_PROJECT_INFO" ADD PRIMARY KEY ("PROJECT_ID");

-- ----------------------------
-- Indexes structure for table PM_PROJECT_MILESTONE_INFO
-- ----------------------------

-- ----------------------------
-- Primary Key structure for table PM_PROJECT_MILESTONE_INFO
-- ----------------------------
ALTER TABLE "VOTE"."PM_PROJECT_MILESTONE_INFO" ADD PRIMARY KEY ("MILESTONE_ID");

-- ----------------------------
-- Indexes structure for table PM_PROJECT_PROBLEM
-- ----------------------------

-- ----------------------------
-- Primary Key structure for table PM_PROJECT_PROBLEM
-- ----------------------------
ALTER TABLE "VOTE"."PM_PROJECT_PROBLEM" ADD PRIMARY KEY ("PROBLEM_ID");

-- ----------------------------
-- Indexes structure for table PM_REVIEW_COMMENT_INFO
-- ----------------------------

-- ----------------------------
-- Primary Key structure for table PM_REVIEW_COMMENT_INFO
-- ----------------------------
ALTER TABLE "VOTE"."PM_REVIEW_COMMENT_INFO" ADD PRIMARY KEY ("COMMENT_ID");

-- ----------------------------
-- Indexes structure for table PM_REVIEW_INFO
-- ----------------------------

-- ----------------------------
-- Primary Key structure for table PM_REVIEW_INFO
-- ----------------------------
ALTER TABLE "VOTE"."PM_REVIEW_INFO" ADD PRIMARY KEY ("REVIEW_ID");

-- ----------------------------
-- Checks structure for table PM_SALE_GROUP_INFO
-- ----------------------------
ALTER TABLE "VOTE"."PM_SALE_GROUP_INFO" ADD CHECK ("GROUP_ID" IS NOT NULL);

-- ----------------------------
-- Indexes structure for table PM_SALE_MEMBER_INFO
-- ----------------------------

-- ----------------------------
-- Checks structure for table PM_SALE_MEMBER_INFO
-- ----------------------------
ALTER TABLE "VOTE"."PM_SALE_MEMBER_INFO" ADD CHECK ("MENBER_USR_ID" IS NOT NULL);
ALTER TABLE "VOTE"."PM_SALE_MEMBER_INFO" ADD CHECK ("GROUP_CODE" IS NOT NULL);

-- ----------------------------
-- Primary Key structure for table PM_SALE_MEMBER_INFO
-- ----------------------------
ALTER TABLE "VOTE"."PM_SALE_MEMBER_INFO" ADD PRIMARY KEY ("MENBER_USR_ID", "GROUP_CODE");

-- ----------------------------
-- Indexes structure for table REVIEW_INFO
-- ----------------------------

-- ----------------------------
-- Checks structure for table REVIEW_INFO
-- ----------------------------
ALTER TABLE "VOTE"."REVIEW_INFO" ADD CHECK ("REVIEW_ID" IS NOT NULL);

-- ----------------------------
-- Primary Key structure for table REVIEW_INFO
-- ----------------------------
ALTER TABLE "VOTE"."REVIEW_INFO" ADD PRIMARY KEY ("REVIEW_ID");

-- ----------------------------
-- Indexes structure for table ROLE
-- ----------------------------

-- ----------------------------
-- Checks structure for table ROLE
-- ----------------------------
ALTER TABLE "VOTE"."ROLE" ADD CHECK ("ROLE_ID" IS NOT NULL);

-- ----------------------------
-- Primary Key structure for table ROLE
-- ----------------------------
ALTER TABLE "VOTE"."ROLE" ADD PRIMARY KEY ("ROLE_ID");

-- ----------------------------
-- Indexes structure for table ROLE_MENU
-- ----------------------------

-- ----------------------------
-- Checks structure for table ROLE_MENU
-- ----------------------------
ALTER TABLE "VOTE"."ROLE_MENU" ADD CHECK ("ROLE_ID" IS NOT NULL);
ALTER TABLE "VOTE"."ROLE_MENU" ADD CHECK ("MENU_ID" IS NOT NULL);

-- ----------------------------
-- Primary Key structure for table ROLE_MENU
-- ----------------------------
ALTER TABLE "VOTE"."ROLE_MENU" ADD PRIMARY KEY ("ROLE_ID", "MENU_ID");

-- ----------------------------
-- Indexes structure for table TABLE_HEADER_INFO
-- ----------------------------

-- ----------------------------
-- Checks structure for table TABLE_HEADER_INFO
-- ----------------------------
ALTER TABLE "VOTE"."TABLE_HEADER_INFO" ADD CHECK ("TABLE_ID" IS NOT NULL);

-- ----------------------------
-- Primary Key structure for table TABLE_HEADER_INFO
-- ----------------------------
ALTER TABLE "VOTE"."TABLE_HEADER_INFO" ADD PRIMARY KEY ("TABLE_ID");

-- ----------------------------
-- Indexes structure for table TABLE_TITLE_INFO
-- ----------------------------

-- ----------------------------
-- Checks structure for table TABLE_TITLE_INFO
-- ----------------------------
ALTER TABLE "VOTE"."TABLE_TITLE_INFO" ADD CHECK ("HEAD_ID" IS NOT NULL);

-- ----------------------------
-- Primary Key structure for table TABLE_TITLE_INFO
-- ----------------------------
ALTER TABLE "VOTE"."TABLE_TITLE_INFO" ADD PRIMARY KEY ("HEAD_ID");

-- ----------------------------
-- Indexes structure for table USR_INFO
-- ----------------------------

-- ----------------------------
-- Checks structure for table USR_INFO
-- ----------------------------
ALTER TABLE "VOTE"."USR_INFO" ADD CHECK ("USR_ID" IS NOT NULL);
ALTER TABLE "VOTE"."USR_INFO" ADD CHECK ("USR_NAME" IS NOT NULL);
ALTER TABLE "VOTE"."USR_INFO" ADD CHECK ("PASS_WORD" IS NOT NULL);

-- ----------------------------
-- Primary Key structure for table USR_INFO
-- ----------------------------
ALTER TABLE "VOTE"."USR_INFO" ADD PRIMARY KEY ("USR_ID");

-- ----------------------------
-- Indexes structure for table USR_MENU
-- ----------------------------

-- ----------------------------
-- Checks structure for table USR_MENU
-- ----------------------------
ALTER TABLE "VOTE"."USR_MENU" ADD CHECK ("USR_ID" IS NOT NULL);
ALTER TABLE "VOTE"."USR_MENU" ADD CHECK ("MENU_ID" IS NOT NULL);

-- ----------------------------
-- Primary Key structure for table USR_MENU
-- ----------------------------
ALTER TABLE "VOTE"."USR_MENU" ADD PRIMARY KEY ("USR_ID", "MENU_ID");

-- ----------------------------
-- Indexes structure for table USR_ROLE
-- ----------------------------

-- ----------------------------
-- Checks structure for table USR_ROLE
-- ----------------------------
ALTER TABLE "VOTE"."USR_ROLE" ADD CHECK ("USR_ID" IS NOT NULL);
ALTER TABLE "VOTE"."USR_ROLE" ADD CHECK ("ROLE_ID" IS NOT NULL);

-- ----------------------------
-- Primary Key structure for table USR_ROLE
-- ----------------------------
ALTER TABLE "VOTE"."USR_ROLE" ADD PRIMARY KEY ("USR_ID", "ROLE_ID");

-- ----------------------------
-- Indexes structure for table VOTE_APPLY_INFO
-- ----------------------------
CREATE UNIQUE INDEX "VOTE"."VOTE_APPLY_INFO_INDEX1"
ON "VOTE"."VOTE_APPLY_INFO" ("USER_ID" ASC, "INFO_ID" ASC)
LOGGING
VISIBLE;
CREATE UNIQUE INDEX "VOTE"."VOTE_APPLY_INFO_INDEX2"
ON "VOTE"."VOTE_APPLY_INFO" ("INFO_ID" ASC)
LOGGING
VISIBLE;

-- ----------------------------
-- Checks structure for table VOTE_APPLY_INFO
-- ----------------------------
ALTER TABLE "VOTE"."VOTE_APPLY_INFO" ADD CHECK ("APPLY_ID" IS NOT NULL);

-- ----------------------------
-- Primary Key structure for table VOTE_APPLY_INFO
-- ----------------------------
ALTER TABLE "VOTE"."VOTE_APPLY_INFO" ADD PRIMARY KEY ("APPLY_ID");

-- ----------------------------
-- Indexes structure for table VOTE_FILE_SIGN
-- ----------------------------

-- ----------------------------
-- Checks structure for table VOTE_FILE_SIGN
-- ----------------------------
ALTER TABLE "VOTE"."VOTE_FILE_SIGN" ADD CHECK ("SIGN_ID" IS NOT NULL);

-- ----------------------------
-- Primary Key structure for table VOTE_FILE_SIGN
-- ----------------------------
ALTER TABLE "VOTE"."VOTE_FILE_SIGN" ADD PRIMARY KEY ("SIGN_ID");

-- ----------------------------
-- Indexes structure for table VOTE_HOUSE_INFO
-- ----------------------------
CREATE UNIQUE INDEX "VOTE"."VOTE_HOUSE_INFO_INDEX1"
ON "VOTE"."VOTE_HOUSE_INFO" ("SECT_NAME" ASC, "BUILD_CODE" ASC, "UNIT_CODE" ASC, "FLOOR_CODE" ASC, "ROOM_CODE" ASC, "CERT_CODE" ASC)
LOGGING
VISIBLE;

-- ----------------------------
-- Checks structure for table VOTE_HOUSE_INFO
-- ----------------------------
ALTER TABLE "VOTE"."VOTE_HOUSE_INFO" ADD CHECK ("INFO_ID" IS NOT NULL);

-- ----------------------------
-- Primary Key structure for table VOTE_HOUSE_INFO
-- ----------------------------
ALTER TABLE "VOTE"."VOTE_HOUSE_INFO" ADD PRIMARY KEY ("INFO_ID");

-- ----------------------------
-- Indexes structure for table VOTE_OWNER_HISTORY
-- ----------------------------

-- ----------------------------
-- Checks structure for table VOTE_OWNER_HISTORY
-- ----------------------------
ALTER TABLE "VOTE"."VOTE_OWNER_HISTORY" ADD CHECK ("RECORD_ID" IS NOT NULL);

-- ----------------------------
-- Primary Key structure for table VOTE_OWNER_HISTORY
-- ----------------------------
ALTER TABLE "VOTE"."VOTE_OWNER_HISTORY" ADD PRIMARY KEY ("RECORD_ID");

-- ----------------------------
-- Indexes structure for table VOTE_RESULT_INFO
-- ----------------------------
CREATE UNIQUE INDEX "VOTE"."VOTE_RESULT_INFO_INDEX1"
ON "VOTE"."VOTE_RESULT_INFO" ("TOPIC_ID" ASC, "INFO_ID" ASC)
LOGGING
VISIBLE;

-- ----------------------------
-- Checks structure for table VOTE_RESULT_INFO
-- ----------------------------
ALTER TABLE "VOTE"."VOTE_RESULT_INFO" ADD CHECK ("RESULT_ID" IS NOT NULL);

-- ----------------------------
-- Primary Key structure for table VOTE_RESULT_INFO
-- ----------------------------
ALTER TABLE "VOTE"."VOTE_RESULT_INFO" ADD PRIMARY KEY ("RESULT_ID");

-- ----------------------------
-- Indexes structure for table VOTE_RESULT_SUM
-- ----------------------------

-- ----------------------------
-- Checks structure for table VOTE_RESULT_SUM
-- ----------------------------
ALTER TABLE "VOTE"."VOTE_RESULT_SUM" ADD CHECK ("TOPIC_ID" IS NOT NULL);

-- ----------------------------
-- Primary Key structure for table VOTE_RESULT_SUM
-- ----------------------------
ALTER TABLE "VOTE"."VOTE_RESULT_SUM" ADD PRIMARY KEY ("TOPIC_ID");

-- ----------------------------
-- Indexes structure for table VOTE_SCOPE_INFO
-- ----------------------------

-- ----------------------------
-- Checks structure for table VOTE_SCOPE_INFO
-- ----------------------------
ALTER TABLE "VOTE"."VOTE_SCOPE_INFO" ADD CHECK ("TOPIC_ID" IS NOT NULL);
ALTER TABLE "VOTE"."VOTE_SCOPE_INFO" ADD CHECK ("INFO_ID" IS NOT NULL);

-- ----------------------------
-- Primary Key structure for table VOTE_SCOPE_INFO
-- ----------------------------
ALTER TABLE "VOTE"."VOTE_SCOPE_INFO" ADD PRIMARY KEY ("INFO_ID", "TOPIC_ID");

-- ----------------------------
-- Indexes structure for table VOTE_SECT_INFO
-- ----------------------------

-- ----------------------------
-- Checks structure for table VOTE_SECT_INFO
-- ----------------------------
ALTER TABLE "VOTE"."VOTE_SECT_INFO" ADD CHECK ("SECT_ID" IS NOT NULL);

-- ----------------------------
-- Primary Key structure for table VOTE_SECT_INFO
-- ----------------------------
ALTER TABLE "VOTE"."VOTE_SECT_INFO" ADD PRIMARY KEY ("SECT_ID");

-- ----------------------------
-- Indexes structure for table VOTE_TOPIC_INFO
-- ----------------------------

-- ----------------------------
-- Checks structure for table VOTE_TOPIC_INFO
-- ----------------------------
ALTER TABLE "VOTE"."VOTE_TOPIC_INFO" ADD CHECK ("TOPIC_ID" IS NOT NULL);

-- ----------------------------
-- Primary Key structure for table VOTE_TOPIC_INFO
-- ----------------------------
ALTER TABLE "VOTE"."VOTE_TOPIC_INFO" ADD PRIMARY KEY ("TOPIC_ID");

-- ----------------------------
-- Indexes structure for table VOTE_WORKSPACE
-- ----------------------------

-- ----------------------------
-- Checks structure for table VOTE_WORKSPACE
-- ----------------------------
ALTER TABLE "VOTE"."VOTE_WORKSPACE" ADD CHECK ("WS_ID" IS NOT NULL);

-- ----------------------------
-- Primary Key structure for table VOTE_WORKSPACE
-- ----------------------------
ALTER TABLE "VOTE"."VOTE_WORKSPACE" ADD PRIMARY KEY ("WS_ID");

-- ----------------------------
-- Indexes structure for table WY_AGENT
-- ----------------------------

-- ----------------------------
-- Checks structure for table WY_AGENT
-- ----------------------------
ALTER TABLE "VOTE"."WY_AGENT" ADD CHECK ("AGEID" IS NOT NULL);

-- ----------------------------
-- Primary Key structure for table WY_AGENT
-- ----------------------------
ALTER TABLE "VOTE"."WY_AGENT" ADD PRIMARY KEY ("AGEID");

-- ----------------------------
-- Indexes structure for table WY_GLC
-- ----------------------------

-- ----------------------------
-- Checks structure for table WY_GLC
-- ----------------------------
ALTER TABLE "VOTE"."WY_GLC" ADD CHECK ("GLCID" IS NOT NULL);

-- ----------------------------
-- Primary Key structure for table WY_GLC
-- ----------------------------
ALTER TABLE "VOTE"."WY_GLC" ADD PRIMARY KEY ("GLCID");

-- ----------------------------
-- Indexes structure for table WY_HOC_STAFF
-- ----------------------------

-- ----------------------------
-- Checks structure for table WY_HOC_STAFF
-- ----------------------------
ALTER TABLE "VOTE"."WY_HOC_STAFF" ADD CHECK ("YWHRYID" IS NOT NULL);

-- ----------------------------
-- Primary Key structure for table WY_HOC_STAFF
-- ----------------------------
ALTER TABLE "VOTE"."WY_HOC_STAFF" ADD PRIMARY KEY ("YWHRYID");

-- ----------------------------
-- Indexes structure for table WY_HPB
-- ----------------------------

-- ----------------------------
-- Checks structure for table WY_HPB
-- ----------------------------
ALTER TABLE "VOTE"."WY_HPB" ADD CHECK ("HPBID" IS NOT NULL);

-- ----------------------------
-- Primary Key structure for table WY_HPB
-- ----------------------------
ALTER TABLE "VOTE"."WY_HPB" ADD PRIMARY KEY ("HPBID");

-- ----------------------------
-- Indexes structure for table WY_JD
-- ----------------------------

-- ----------------------------
-- Checks structure for table WY_JD
-- ----------------------------
ALTER TABLE "VOTE"."WY_JD" ADD CHECK ("JDID" IS NOT NULL);

-- ----------------------------
-- Primary Key structure for table WY_JD
-- ----------------------------
ALTER TABLE "VOTE"."WY_JD" ADD PRIMARY KEY ("JDID");

-- ----------------------------
-- Indexes structure for table WY_KFS
-- ----------------------------

-- ----------------------------
-- Checks structure for table WY_KFS
-- ----------------------------
ALTER TABLE "VOTE"."WY_KFS" ADD CHECK ("KFSID" IS NOT NULL);

-- ----------------------------
-- Primary Key structure for table WY_KFS
-- ----------------------------
ALTER TABLE "VOTE"."WY_KFS" ADD PRIMARY KEY ("KFSID");

-- ----------------------------
-- Indexes structure for table WY_SECT
-- ----------------------------

-- ----------------------------
-- Checks structure for table WY_SECT
-- ----------------------------
ALTER TABLE "VOTE"."WY_SECT" ADD CHECK ("XMID" IS NOT NULL);

-- ----------------------------
-- Primary Key structure for table WY_SECT
-- ----------------------------
ALTER TABLE "VOTE"."WY_SECT" ADD PRIMARY KEY ("XMID");

-- ----------------------------
-- Indexes structure for table WY_SECT_HIS
-- ----------------------------

-- ----------------------------
-- Checks structure for table WY_SECT_HIS
-- ----------------------------
ALTER TABLE "VOTE"."WY_SECT_HIS" ADD CHECK ("TASK_ID" IS NOT NULL);
ALTER TABLE "VOTE"."WY_SECT_HIS" ADD CHECK ("XMID" IS NOT NULL);

-- ----------------------------
-- Primary Key structure for table WY_SECT_HIS
-- ----------------------------
ALTER TABLE "VOTE"."WY_SECT_HIS" ADD PRIMARY KEY ("TASK_ID", "XMID");

-- ----------------------------
-- Indexes structure for table WY_SECT_TEMP
-- ----------------------------

-- ----------------------------
-- Checks structure for table WY_SECT_TEMP
-- ----------------------------
ALTER TABLE "VOTE"."WY_SECT_TEMP" ADD CHECK ("XMID" IS NOT NULL);

-- ----------------------------
-- Primary Key structure for table WY_SECT_TEMP
-- ----------------------------
ALTER TABLE "VOTE"."WY_SECT_TEMP" ADD PRIMARY KEY ("XMID");

-- ----------------------------
-- Indexes structure for table WY_SQ
-- ----------------------------

-- ----------------------------
-- Checks structure for table WY_SQ
-- ----------------------------
ALTER TABLE "VOTE"."WY_SQ" ADD CHECK ("SQID" IS NOT NULL);

-- ----------------------------
-- Primary Key structure for table WY_SQ
-- ----------------------------
ALTER TABLE "VOTE"."WY_SQ" ADD PRIMARY KEY ("SQID");

-- ----------------------------
-- Indexes structure for table WY_WYGS
-- ----------------------------

-- ----------------------------
-- Checks structure for table WY_WYGS
-- ----------------------------
ALTER TABLE "VOTE"."WY_WYGS" ADD CHECK ("WYGSID" IS NOT NULL);

-- ----------------------------
-- Primary Key structure for table WY_WYGS
-- ----------------------------
ALTER TABLE "VOTE"."WY_WYGS" ADD PRIMARY KEY ("WYGSID");

-- ----------------------------
-- Indexes structure for table WY_WYGS_STAFF
-- ----------------------------

-- ----------------------------
-- Checks structure for table WY_WYGS_STAFF
-- ----------------------------
ALTER TABLE "VOTE"."WY_WYGS_STAFF" ADD CHECK ("GSRYID" IS NOT NULL);

-- ----------------------------
-- Primary Key structure for table WY_WYGS_STAFF
-- ----------------------------
ALTER TABLE "VOTE"."WY_WYGS_STAFF" ADD PRIMARY KEY ("GSRYID");

-- ----------------------------
-- Indexes structure for table WY_YWH
-- ----------------------------

-- ----------------------------
-- Checks structure for table WY_YWH
-- ----------------------------
ALTER TABLE "VOTE"."WY_YWH" ADD CHECK ("YWHID" IS NOT NULL);

-- ----------------------------
-- Primary Key structure for table WY_YWH
-- ----------------------------
ALTER TABLE "VOTE"."WY_YWH" ADD PRIMARY KEY ("YWHID");

-- ----------------------------
-- Foreign Key structure for table "VOTE"."ACT_GE_BYTEARRAY"
-- ----------------------------
ALTER TABLE "VOTE"."ACT_GE_BYTEARRAY" ADD FOREIGN KEY ("DEPLOYMENT_ID_") REFERENCES "VOTE"."ACT_RE_DEPLOYMENT" ("ID_");

-- ----------------------------
-- Foreign Key structure for table "VOTE"."ACT_ID_MEMBERSHIP"
-- ----------------------------
ALTER TABLE "VOTE"."ACT_ID_MEMBERSHIP" ADD FOREIGN KEY ("GROUP_ID_") REFERENCES "VOTE"."ACT_ID_GROUP" ("ID_");
ALTER TABLE "VOTE"."ACT_ID_MEMBERSHIP" ADD FOREIGN KEY ("USER_ID_") REFERENCES "VOTE"."ACT_ID_USER" ("ID_");

-- ----------------------------
-- Foreign Key structure for table "VOTE"."ACT_PROCDEF_INFO"
-- ----------------------------
ALTER TABLE "VOTE"."ACT_PROCDEF_INFO" ADD FOREIGN KEY ("INFO_JSON_ID_") REFERENCES "VOTE"."ACT_GE_BYTEARRAY" ("ID_");
ALTER TABLE "VOTE"."ACT_PROCDEF_INFO" ADD FOREIGN KEY ("PROC_DEF_ID_") REFERENCES "VOTE"."ACT_RE_PROCDEF" ("ID_");

-- ----------------------------
-- Foreign Key structure for table "VOTE"."ACT_RE_MODEL"
-- ----------------------------
ALTER TABLE "VOTE"."ACT_RE_MODEL" ADD FOREIGN KEY ("DEPLOYMENT_ID_") REFERENCES "VOTE"."ACT_RE_DEPLOYMENT" ("ID_");
ALTER TABLE "VOTE"."ACT_RE_MODEL" ADD FOREIGN KEY ("EDITOR_SOURCE_VALUE_ID_") REFERENCES "VOTE"."ACT_GE_BYTEARRAY" ("ID_");
ALTER TABLE "VOTE"."ACT_RE_MODEL" ADD FOREIGN KEY ("EDITOR_SOURCE_EXTRA_VALUE_ID_") REFERENCES "VOTE"."ACT_GE_BYTEARRAY" ("ID_");

-- ----------------------------
-- Foreign Key structure for table "VOTE"."ACT_RU_EVENT_SUBSCR"
-- ----------------------------
ALTER TABLE "VOTE"."ACT_RU_EVENT_SUBSCR" ADD FOREIGN KEY ("EXECUTION_ID_") REFERENCES "VOTE"."ACT_RU_EXECUTION" ("ID_");

-- ----------------------------
-- Foreign Key structure for table "VOTE"."ACT_RU_EXECUTION"
-- ----------------------------
ALTER TABLE "VOTE"."ACT_RU_EXECUTION" ADD FOREIGN KEY ("PARENT_ID_") REFERENCES "VOTE"."ACT_RU_EXECUTION" ("ID_");
ALTER TABLE "VOTE"."ACT_RU_EXECUTION" ADD FOREIGN KEY ("PROC_DEF_ID_") REFERENCES "VOTE"."ACT_RE_PROCDEF" ("ID_");
ALTER TABLE "VOTE"."ACT_RU_EXECUTION" ADD FOREIGN KEY ("PROC_INST_ID_") REFERENCES "VOTE"."ACT_RU_EXECUTION" ("ID_");
ALTER TABLE "VOTE"."ACT_RU_EXECUTION" ADD FOREIGN KEY ("SUPER_EXEC_") REFERENCES "VOTE"."ACT_RU_EXECUTION" ("ID_");

-- ----------------------------
-- Foreign Key structure for table "VOTE"."ACT_RU_IDENTITYLINK"
-- ----------------------------
ALTER TABLE "VOTE"."ACT_RU_IDENTITYLINK" ADD FOREIGN KEY ("PROC_DEF_ID_") REFERENCES "VOTE"."ACT_RE_PROCDEF" ("ID_");
ALTER TABLE "VOTE"."ACT_RU_IDENTITYLINK" ADD FOREIGN KEY ("PROC_INST_ID_") REFERENCES "VOTE"."ACT_RU_EXECUTION" ("ID_");
ALTER TABLE "VOTE"."ACT_RU_IDENTITYLINK" ADD FOREIGN KEY ("TASK_ID_") REFERENCES "VOTE"."ACT_RU_TASK" ("ID_");

-- ----------------------------
-- Foreign Key structure for table "VOTE"."ACT_RU_JOB"
-- ----------------------------
ALTER TABLE "VOTE"."ACT_RU_JOB" ADD FOREIGN KEY ("EXCEPTION_STACK_ID_") REFERENCES "VOTE"."ACT_GE_BYTEARRAY" ("ID_");

-- ----------------------------
-- Foreign Key structure for table "VOTE"."ACT_RU_TASK"
-- ----------------------------
ALTER TABLE "VOTE"."ACT_RU_TASK" ADD FOREIGN KEY ("EXECUTION_ID_") REFERENCES "VOTE"."ACT_RU_EXECUTION" ("ID_");
ALTER TABLE "VOTE"."ACT_RU_TASK" ADD FOREIGN KEY ("PROC_DEF_ID_") REFERENCES "VOTE"."ACT_RE_PROCDEF" ("ID_");
ALTER TABLE "VOTE"."ACT_RU_TASK" ADD FOREIGN KEY ("PROC_INST_ID_") REFERENCES "VOTE"."ACT_RU_EXECUTION" ("ID_");

-- ----------------------------
-- Foreign Key structure for table "VOTE"."ACT_RU_VARIABLE"
-- ----------------------------
ALTER TABLE "VOTE"."ACT_RU_VARIABLE" ADD FOREIGN KEY ("BYTEARRAY_ID_") REFERENCES "VOTE"."ACT_GE_BYTEARRAY" ("ID_");
ALTER TABLE "VOTE"."ACT_RU_VARIABLE" ADD FOREIGN KEY ("EXECUTION_ID_") REFERENCES "VOTE"."ACT_RU_EXECUTION" ("ID_");
ALTER TABLE "VOTE"."ACT_RU_VARIABLE" ADD FOREIGN KEY ("PROC_INST_ID_") REFERENCES "VOTE"."ACT_RU_EXECUTION" ("ID_");
