--------------------------------------------------------
--  文件已创建 - 星期四-十一月-22-2018   
--------------------------------------------------------
--------------------------------------------------------
--  DDL for Table ACT_EVT_LOG
--------------------------------------------------------

  CREATE TABLE "VOTE"."ACT_EVT_LOG" 
   (	"LOG_NR_" NUMBER(19,0), 
	"TYPE_" NVARCHAR2(64), 
	"PROC_DEF_ID_" NVARCHAR2(64), 
	"PROC_INST_ID_" NVARCHAR2(64), 
	"EXECUTION_ID_" NVARCHAR2(64), 
	"TASK_ID_" NVARCHAR2(64), 
	"TIME_STAMP_" TIMESTAMP (6), 
	"USER_ID_" NVARCHAR2(255), 
	"DATA_" BLOB, 
	"LOCK_OWNER_" NVARCHAR2(255), 
	"LOCK_TIME_" TIMESTAMP (6), 
	"IS_PROCESSED_" NUMBER(3,0) DEFAULT 0
   ) SEGMENT CREATION DEFERRED 
  PCTFREE 10 PCTUSED 40 INITRANS 1 MAXTRANS 255 NOCOMPRESS LOGGING
  TABLESPACE "VOTE_USER" 
 LOB ("DATA_") STORE AS BASICFILE (
  TABLESPACE "VOTE_USER" ENABLE STORAGE IN ROW CHUNK 8192 RETENTION 
  NOCACHE LOGGING ) ;
--------------------------------------------------------
--  DDL for Table ACT_GE_BYTEARRAY
--------------------------------------------------------

  CREATE TABLE "VOTE"."ACT_GE_BYTEARRAY" 
   (	"ID_" NVARCHAR2(64), 
	"REV_" NUMBER, 
	"NAME_" NVARCHAR2(255), 
	"DEPLOYMENT_ID_" NVARCHAR2(64), 
	"BYTES_" BLOB, 
	"GENERATED_" NUMBER(1,0)
   ) SEGMENT CREATION DEFERRED 
  PCTFREE 10 PCTUSED 40 INITRANS 1 MAXTRANS 255 NOCOMPRESS LOGGING
  TABLESPACE "VOTE_USER" 
 LOB ("BYTES_") STORE AS BASICFILE (
  TABLESPACE "VOTE_USER" ENABLE STORAGE IN ROW CHUNK 8192 RETENTION 
  NOCACHE LOGGING ) ;
--------------------------------------------------------
--  DDL for Table ACT_GE_PROPERTY
--------------------------------------------------------

  CREATE TABLE "VOTE"."ACT_GE_PROPERTY" 
   (	"NAME_" NVARCHAR2(64), 
	"VALUE_" NVARCHAR2(300), 
	"REV_" NUMBER
   ) SEGMENT CREATION IMMEDIATE 
  PCTFREE 10 PCTUSED 40 INITRANS 1 MAXTRANS 255 NOCOMPRESS LOGGING
  STORAGE(INITIAL 65536 NEXT 1048576 MINEXTENTS 1 MAXEXTENTS 2147483645
  PCTINCREASE 0 FREELISTS 1 FREELIST GROUPS 1 BUFFER_POOL DEFAULT FLASH_CACHE DEFAULT CELL_FLASH_CACHE DEFAULT)
  TABLESPACE "VOTE_USER" ;
--------------------------------------------------------
--  DDL for Table ACT_HI_ACTINST
--------------------------------------------------------

  CREATE TABLE "VOTE"."ACT_HI_ACTINST" 
   (	"ID_" NVARCHAR2(64), 
	"PROC_DEF_ID_" NVARCHAR2(64), 
	"PROC_INST_ID_" NVARCHAR2(64), 
	"EXECUTION_ID_" NVARCHAR2(64), 
	"ACT_ID_" NVARCHAR2(255), 
	"TASK_ID_" NVARCHAR2(64), 
	"CALL_PROC_INST_ID_" NVARCHAR2(64), 
	"ACT_NAME_" NVARCHAR2(255), 
	"ACT_TYPE_" NVARCHAR2(255), 
	"ASSIGNEE_" NVARCHAR2(255), 
	"START_TIME_" TIMESTAMP (6), 
	"END_TIME_" TIMESTAMP (6), 
	"DURATION_" NUMBER(19,0), 
	"TENANT_ID_" NVARCHAR2(255) DEFAULT ''
   ) SEGMENT CREATION DEFERRED 
  PCTFREE 10 PCTUSED 40 INITRANS 1 MAXTRANS 255 NOCOMPRESS LOGGING
  TABLESPACE "VOTE_USER" ;
--------------------------------------------------------
--  DDL for Table ACT_HI_ATTACHMENT
--------------------------------------------------------

  CREATE TABLE "VOTE"."ACT_HI_ATTACHMENT" 
   (	"ID_" NVARCHAR2(64), 
	"REV_" NUMBER, 
	"USER_ID_" NVARCHAR2(255), 
	"NAME_" NVARCHAR2(255), 
	"DESCRIPTION_" NVARCHAR2(2000), 
	"TYPE_" NVARCHAR2(255), 
	"TASK_ID_" NVARCHAR2(64), 
	"PROC_INST_ID_" NVARCHAR2(64), 
	"URL_" NVARCHAR2(2000), 
	"CONTENT_ID_" NVARCHAR2(64), 
	"TIME_" TIMESTAMP (6)
   ) SEGMENT CREATION DEFERRED 
  PCTFREE 10 PCTUSED 40 INITRANS 1 MAXTRANS 255 NOCOMPRESS LOGGING
  TABLESPACE "VOTE_USER" ;
--------------------------------------------------------
--  DDL for Table ACT_HI_COMMENT
--------------------------------------------------------

  CREATE TABLE "VOTE"."ACT_HI_COMMENT" 
   (	"ID_" NVARCHAR2(64), 
	"TYPE_" NVARCHAR2(255), 
	"TIME_" TIMESTAMP (6), 
	"USER_ID_" NVARCHAR2(255), 
	"TASK_ID_" NVARCHAR2(64), 
	"PROC_INST_ID_" NVARCHAR2(64), 
	"ACTION_" NVARCHAR2(255), 
	"MESSAGE_" NVARCHAR2(2000), 
	"FULL_MSG_" BLOB
   ) SEGMENT CREATION DEFERRED 
  PCTFREE 10 PCTUSED 40 INITRANS 1 MAXTRANS 255 NOCOMPRESS LOGGING
  TABLESPACE "VOTE_USER" 
 LOB ("FULL_MSG_") STORE AS BASICFILE (
  TABLESPACE "VOTE_USER" ENABLE STORAGE IN ROW CHUNK 8192 RETENTION 
  NOCACHE LOGGING ) ;
--------------------------------------------------------
--  DDL for Table ACT_HI_DETAIL
--------------------------------------------------------

  CREATE TABLE "VOTE"."ACT_HI_DETAIL" 
   (	"ID_" NVARCHAR2(64), 
	"TYPE_" NVARCHAR2(255), 
	"PROC_INST_ID_" NVARCHAR2(64), 
	"EXECUTION_ID_" NVARCHAR2(64), 
	"TASK_ID_" NVARCHAR2(64), 
	"ACT_INST_ID_" NVARCHAR2(64), 
	"NAME_" NVARCHAR2(255), 
	"VAR_TYPE_" NVARCHAR2(64), 
	"REV_" NUMBER, 
	"TIME_" TIMESTAMP (6), 
	"BYTEARRAY_ID_" NVARCHAR2(64), 
	"DOUBLE_" NUMBER, 
	"LONG_" NUMBER(19,0), 
	"TEXT_" NVARCHAR2(2000), 
	"TEXT2_" NVARCHAR2(2000)
   ) SEGMENT CREATION DEFERRED 
  PCTFREE 10 PCTUSED 40 INITRANS 1 MAXTRANS 255 NOCOMPRESS LOGGING
  TABLESPACE "VOTE_USER" ;
--------------------------------------------------------
--  DDL for Table ACT_HI_IDENTITYLINK
--------------------------------------------------------

  CREATE TABLE "VOTE"."ACT_HI_IDENTITYLINK" 
   (	"ID_" NVARCHAR2(64), 
	"GROUP_ID_" NVARCHAR2(255), 
	"TYPE_" NVARCHAR2(255), 
	"USER_ID_" NVARCHAR2(255), 
	"TASK_ID_" NVARCHAR2(64), 
	"PROC_INST_ID_" NVARCHAR2(64)
   ) SEGMENT CREATION DEFERRED 
  PCTFREE 10 PCTUSED 40 INITRANS 1 MAXTRANS 255 NOCOMPRESS LOGGING
  TABLESPACE "VOTE_USER" ;
--------------------------------------------------------
--  DDL for Table ACT_HI_PROCINST
--------------------------------------------------------

  CREATE TABLE "VOTE"."ACT_HI_PROCINST" 
   (	"ID_" NVARCHAR2(64), 
	"PROC_INST_ID_" NVARCHAR2(64), 
	"BUSINESS_KEY_" NVARCHAR2(255), 
	"PROC_DEF_ID_" NVARCHAR2(64), 
	"START_TIME_" TIMESTAMP (6), 
	"END_TIME_" TIMESTAMP (6), 
	"DURATION_" NUMBER(19,0), 
	"START_USER_ID_" NVARCHAR2(255), 
	"START_ACT_ID_" NVARCHAR2(255), 
	"END_ACT_ID_" NVARCHAR2(255), 
	"SUPER_PROCESS_INSTANCE_ID_" NVARCHAR2(64), 
	"DELETE_REASON_" NVARCHAR2(2000), 
	"TENANT_ID_" NVARCHAR2(255) DEFAULT '', 
	"NAME_" NVARCHAR2(255)
   ) SEGMENT CREATION DEFERRED 
  PCTFREE 10 PCTUSED 40 INITRANS 1 MAXTRANS 255 NOCOMPRESS LOGGING
  TABLESPACE "VOTE_USER" ;
--------------------------------------------------------
--  DDL for Table ACT_HI_TASKINST
--------------------------------------------------------

  CREATE TABLE "VOTE"."ACT_HI_TASKINST" 
   (	"ID_" NVARCHAR2(64), 
	"PROC_DEF_ID_" NVARCHAR2(64), 
	"TASK_DEF_KEY_" NVARCHAR2(255), 
	"PROC_INST_ID_" NVARCHAR2(64), 
	"EXECUTION_ID_" NVARCHAR2(64), 
	"PARENT_TASK_ID_" NVARCHAR2(64), 
	"NAME_" NVARCHAR2(255), 
	"DESCRIPTION_" NVARCHAR2(2000), 
	"OWNER_" NVARCHAR2(255), 
	"ASSIGNEE_" NVARCHAR2(255), 
	"START_TIME_" TIMESTAMP (6), 
	"CLAIM_TIME_" TIMESTAMP (6), 
	"END_TIME_" TIMESTAMP (6), 
	"DURATION_" NUMBER(19,0), 
	"DELETE_REASON_" NVARCHAR2(2000), 
	"PRIORITY_" NUMBER, 
	"DUE_DATE_" TIMESTAMP (6), 
	"FORM_KEY_" NVARCHAR2(255), 
	"CATEGORY_" NVARCHAR2(255), 
	"TENANT_ID_" NVARCHAR2(255) DEFAULT ''
   ) SEGMENT CREATION DEFERRED 
  PCTFREE 10 PCTUSED 40 INITRANS 1 MAXTRANS 255 NOCOMPRESS LOGGING
  TABLESPACE "VOTE_USER" ;
--------------------------------------------------------
--  DDL for Table ACT_HI_VARINST
--------------------------------------------------------

  CREATE TABLE "VOTE"."ACT_HI_VARINST" 
   (	"ID_" NVARCHAR2(64), 
	"PROC_INST_ID_" NVARCHAR2(64), 
	"EXECUTION_ID_" NVARCHAR2(64), 
	"TASK_ID_" NVARCHAR2(64), 
	"NAME_" NVARCHAR2(255), 
	"VAR_TYPE_" NVARCHAR2(100), 
	"REV_" NUMBER, 
	"BYTEARRAY_ID_" NVARCHAR2(64), 
	"DOUBLE_" NUMBER, 
	"LONG_" NUMBER(19,0), 
	"TEXT_" NVARCHAR2(2000), 
	"TEXT2_" NVARCHAR2(2000), 
	"CREATE_TIME_" TIMESTAMP (6), 
	"LAST_UPDATED_TIME_" TIMESTAMP (6)
   ) SEGMENT CREATION DEFERRED 
  PCTFREE 10 PCTUSED 40 INITRANS 1 MAXTRANS 255 NOCOMPRESS LOGGING
  TABLESPACE "VOTE_USER" ;
--------------------------------------------------------
--  DDL for Table ACT_ID_GROUP
--------------------------------------------------------

  CREATE TABLE "VOTE"."ACT_ID_GROUP" 
   (	"ID_" NVARCHAR2(64), 
	"REV_" NUMBER, 
	"NAME_" NVARCHAR2(255), 
	"TYPE_" NVARCHAR2(255)
   ) SEGMENT CREATION DEFERRED 
  PCTFREE 10 PCTUSED 40 INITRANS 1 MAXTRANS 255 NOCOMPRESS LOGGING
  TABLESPACE "VOTE_USER" ;
--------------------------------------------------------
--  DDL for Table ACT_ID_INFO
--------------------------------------------------------

  CREATE TABLE "VOTE"."ACT_ID_INFO" 
   (	"ID_" NVARCHAR2(64), 
	"REV_" NUMBER, 
	"USER_ID_" NVARCHAR2(64), 
	"TYPE_" NVARCHAR2(64), 
	"KEY_" NVARCHAR2(255), 
	"VALUE_" NVARCHAR2(255), 
	"PASSWORD_" BLOB, 
	"PARENT_ID_" NVARCHAR2(255)
   ) SEGMENT CREATION DEFERRED 
  PCTFREE 10 PCTUSED 40 INITRANS 1 MAXTRANS 255 NOCOMPRESS LOGGING
  TABLESPACE "VOTE_USER" 
 LOB ("PASSWORD_") STORE AS BASICFILE (
  TABLESPACE "VOTE_USER" ENABLE STORAGE IN ROW CHUNK 8192 RETENTION 
  NOCACHE LOGGING ) ;
--------------------------------------------------------
--  DDL for Table ACT_ID_MEMBERSHIP
--------------------------------------------------------

  CREATE TABLE "VOTE"."ACT_ID_MEMBERSHIP" 
   (	"USER_ID_" NVARCHAR2(64), 
	"GROUP_ID_" NVARCHAR2(64)
   ) SEGMENT CREATION DEFERRED 
  PCTFREE 10 PCTUSED 40 INITRANS 1 MAXTRANS 255 NOCOMPRESS LOGGING
  TABLESPACE "VOTE_USER" ;
--------------------------------------------------------
--  DDL for Table ACT_ID_USER
--------------------------------------------------------

  CREATE TABLE "VOTE"."ACT_ID_USER" 
   (	"ID_" NVARCHAR2(64), 
	"REV_" NUMBER, 
	"FIRST_" NVARCHAR2(255), 
	"LAST_" NVARCHAR2(255), 
	"EMAIL_" NVARCHAR2(255), 
	"PWD_" NVARCHAR2(255), 
	"PICTURE_ID_" NVARCHAR2(64)
   ) SEGMENT CREATION DEFERRED 
  PCTFREE 10 PCTUSED 40 INITRANS 1 MAXTRANS 255 NOCOMPRESS LOGGING
  TABLESPACE "VOTE_USER" ;
--------------------------------------------------------
--  DDL for Table ACT_PROCDEF_INFO
--------------------------------------------------------

  CREATE TABLE "VOTE"."ACT_PROCDEF_INFO" 
   (	"ID_" NVARCHAR2(64), 
	"PROC_DEF_ID_" NVARCHAR2(64), 
	"REV_" NUMBER, 
	"INFO_JSON_ID_" NVARCHAR2(64)
   ) SEGMENT CREATION DEFERRED 
  PCTFREE 10 PCTUSED 40 INITRANS 1 MAXTRANS 255 NOCOMPRESS LOGGING
  TABLESPACE "VOTE_USER" ;
--------------------------------------------------------
--  DDL for Table ACT_RE_DEPLOYMENT
--------------------------------------------------------

  CREATE TABLE "VOTE"."ACT_RE_DEPLOYMENT" 
   (	"ID_" NVARCHAR2(64), 
	"NAME_" NVARCHAR2(255), 
	"CATEGORY_" NVARCHAR2(255), 
	"TENANT_ID_" NVARCHAR2(255) DEFAULT '', 
	"DEPLOY_TIME_" TIMESTAMP (6)
   ) SEGMENT CREATION DEFERRED 
  PCTFREE 10 PCTUSED 40 INITRANS 1 MAXTRANS 255 NOCOMPRESS LOGGING
  TABLESPACE "VOTE_USER" ;
--------------------------------------------------------
--  DDL for Table ACT_RE_MODEL
--------------------------------------------------------

  CREATE TABLE "VOTE"."ACT_RE_MODEL" 
   (	"ID_" NVARCHAR2(64), 
	"REV_" NUMBER, 
	"NAME_" NVARCHAR2(255), 
	"KEY_" NVARCHAR2(255), 
	"CATEGORY_" NVARCHAR2(255), 
	"CREATE_TIME_" TIMESTAMP (6), 
	"LAST_UPDATE_TIME_" TIMESTAMP (6), 
	"VERSION_" NUMBER, 
	"META_INFO_" NVARCHAR2(2000), 
	"DEPLOYMENT_ID_" NVARCHAR2(64), 
	"EDITOR_SOURCE_VALUE_ID_" NVARCHAR2(64), 
	"EDITOR_SOURCE_EXTRA_VALUE_ID_" NVARCHAR2(64), 
	"TENANT_ID_" NVARCHAR2(255) DEFAULT ''
   ) SEGMENT CREATION DEFERRED 
  PCTFREE 10 PCTUSED 40 INITRANS 1 MAXTRANS 255 NOCOMPRESS LOGGING
  TABLESPACE "VOTE_USER" ;
--------------------------------------------------------
--  DDL for Table ACT_RE_PROCDEF
--------------------------------------------------------

  CREATE TABLE "VOTE"."ACT_RE_PROCDEF" 
   (	"ID_" NVARCHAR2(64), 
	"REV_" NUMBER, 
	"CATEGORY_" NVARCHAR2(255), 
	"NAME_" NVARCHAR2(255), 
	"KEY_" NVARCHAR2(255), 
	"VERSION_" NUMBER, 
	"DEPLOYMENT_ID_" NVARCHAR2(64), 
	"RESOURCE_NAME_" NVARCHAR2(2000), 
	"DGRM_RESOURCE_NAME_" VARCHAR2(4000 BYTE), 
	"DESCRIPTION_" NVARCHAR2(2000), 
	"HAS_START_FORM_KEY_" NUMBER(1,0), 
	"HAS_GRAPHICAL_NOTATION_" NUMBER(1,0), 
	"SUSPENSION_STATE_" NUMBER, 
	"TENANT_ID_" NVARCHAR2(255) DEFAULT ''
   ) SEGMENT CREATION DEFERRED 
  PCTFREE 10 PCTUSED 40 INITRANS 1 MAXTRANS 255 NOCOMPRESS LOGGING
  TABLESPACE "VOTE_USER" ;
--------------------------------------------------------
--  DDL for Table ACT_RU_EVENT_SUBSCR
--------------------------------------------------------

  CREATE TABLE "VOTE"."ACT_RU_EVENT_SUBSCR" 
   (	"ID_" NVARCHAR2(64), 
	"REV_" NUMBER, 
	"EVENT_TYPE_" NVARCHAR2(255), 
	"EVENT_NAME_" NVARCHAR2(255), 
	"EXECUTION_ID_" NVARCHAR2(64), 
	"PROC_INST_ID_" NVARCHAR2(64), 
	"ACTIVITY_ID_" NVARCHAR2(64), 
	"CONFIGURATION_" NVARCHAR2(255), 
	"CREATED_" TIMESTAMP (6), 
	"PROC_DEF_ID_" NVARCHAR2(64), 
	"TENANT_ID_" NVARCHAR2(255) DEFAULT ''
   ) SEGMENT CREATION DEFERRED 
  PCTFREE 10 PCTUSED 40 INITRANS 1 MAXTRANS 255 NOCOMPRESS LOGGING
  TABLESPACE "VOTE_USER" ;
--------------------------------------------------------
--  DDL for Table ACT_RU_EXECUTION
--------------------------------------------------------

  CREATE TABLE "VOTE"."ACT_RU_EXECUTION" 
   (	"ID_" NVARCHAR2(64), 
	"REV_" NUMBER, 
	"PROC_INST_ID_" NVARCHAR2(64), 
	"BUSINESS_KEY_" NVARCHAR2(255), 
	"PARENT_ID_" NVARCHAR2(64), 
	"PROC_DEF_ID_" NVARCHAR2(64), 
	"SUPER_EXEC_" NVARCHAR2(64), 
	"ACT_ID_" NVARCHAR2(255), 
	"IS_ACTIVE_" NUMBER(1,0), 
	"IS_CONCURRENT_" NUMBER(1,0), 
	"IS_SCOPE_" NUMBER(1,0), 
	"IS_EVENT_SCOPE_" NUMBER(1,0), 
	"SUSPENSION_STATE_" NUMBER, 
	"CACHED_ENT_STATE_" NUMBER, 
	"TENANT_ID_" NVARCHAR2(255) DEFAULT '', 
	"NAME_" NVARCHAR2(255), 
	"LOCK_TIME_" TIMESTAMP (6)
   ) SEGMENT CREATION DEFERRED 
  PCTFREE 10 PCTUSED 40 INITRANS 1 MAXTRANS 255 NOCOMPRESS LOGGING
  TABLESPACE "VOTE_USER" ;
--------------------------------------------------------
--  DDL for Table ACT_RU_IDENTITYLINK
--------------------------------------------------------

  CREATE TABLE "VOTE"."ACT_RU_IDENTITYLINK" 
   (	"ID_" NVARCHAR2(64), 
	"REV_" NUMBER, 
	"GROUP_ID_" NVARCHAR2(255), 
	"TYPE_" NVARCHAR2(255), 
	"USER_ID_" NVARCHAR2(255), 
	"TASK_ID_" NVARCHAR2(64), 
	"PROC_INST_ID_" NVARCHAR2(64), 
	"PROC_DEF_ID_" NVARCHAR2(64)
   ) SEGMENT CREATION DEFERRED 
  PCTFREE 10 PCTUSED 40 INITRANS 1 MAXTRANS 255 NOCOMPRESS LOGGING
  TABLESPACE "VOTE_USER" ;
--------------------------------------------------------
--  DDL for Table ACT_RU_JOB
--------------------------------------------------------

  CREATE TABLE "VOTE"."ACT_RU_JOB" 
   (	"ID_" NVARCHAR2(64), 
	"REV_" NUMBER, 
	"TYPE_" NVARCHAR2(255), 
	"LOCK_EXP_TIME_" TIMESTAMP (6), 
	"LOCK_OWNER_" NVARCHAR2(255), 
	"EXCLUSIVE_" NUMBER(1,0), 
	"EXECUTION_ID_" NVARCHAR2(64), 
	"PROCESS_INSTANCE_ID_" NVARCHAR2(64), 
	"PROC_DEF_ID_" NVARCHAR2(64), 
	"RETRIES_" NUMBER, 
	"EXCEPTION_STACK_ID_" NVARCHAR2(64), 
	"EXCEPTION_MSG_" NVARCHAR2(2000), 
	"DUEDATE_" TIMESTAMP (6), 
	"REPEAT_" NVARCHAR2(255), 
	"HANDLER_TYPE_" NVARCHAR2(255), 
	"HANDLER_CFG_" NVARCHAR2(2000), 
	"TENANT_ID_" NVARCHAR2(255) DEFAULT ''
   ) SEGMENT CREATION DEFERRED 
  PCTFREE 10 PCTUSED 40 INITRANS 1 MAXTRANS 255 NOCOMPRESS LOGGING
  TABLESPACE "VOTE_USER" ;
--------------------------------------------------------
--  DDL for Table ACT_RU_TASK
--------------------------------------------------------

  CREATE TABLE "VOTE"."ACT_RU_TASK" 
   (	"ID_" NVARCHAR2(64), 
	"REV_" NUMBER, 
	"EXECUTION_ID_" NVARCHAR2(64), 
	"PROC_INST_ID_" NVARCHAR2(64), 
	"PROC_DEF_ID_" NVARCHAR2(64), 
	"NAME_" NVARCHAR2(255), 
	"PARENT_TASK_ID_" NVARCHAR2(64), 
	"DESCRIPTION_" NVARCHAR2(2000), 
	"TASK_DEF_KEY_" NVARCHAR2(255), 
	"OWNER_" NVARCHAR2(255), 
	"ASSIGNEE_" NVARCHAR2(255), 
	"DELEGATION_" NVARCHAR2(64), 
	"PRIORITY_" NUMBER, 
	"CREATE_TIME_" TIMESTAMP (6), 
	"DUE_DATE_" TIMESTAMP (6), 
	"CATEGORY_" NVARCHAR2(255), 
	"SUSPENSION_STATE_" NUMBER, 
	"TENANT_ID_" NVARCHAR2(255) DEFAULT '', 
	"FORM_KEY_" NVARCHAR2(255)
   ) SEGMENT CREATION DEFERRED 
  PCTFREE 10 PCTUSED 40 INITRANS 1 MAXTRANS 255 NOCOMPRESS LOGGING
  TABLESPACE "VOTE_USER" ;
--------------------------------------------------------
--  DDL for Table ACT_RU_VARIABLE
--------------------------------------------------------

  CREATE TABLE "VOTE"."ACT_RU_VARIABLE" 
   (	"ID_" NVARCHAR2(64), 
	"REV_" NUMBER, 
	"TYPE_" NVARCHAR2(255), 
	"NAME_" NVARCHAR2(255), 
	"EXECUTION_ID_" NVARCHAR2(64), 
	"PROC_INST_ID_" NVARCHAR2(64), 
	"TASK_ID_" NVARCHAR2(64), 
	"BYTEARRAY_ID_" NVARCHAR2(64), 
	"DOUBLE_" NUMBER, 
	"LONG_" NUMBER(19,0), 
	"TEXT_" NVARCHAR2(2000), 
	"TEXT2_" NVARCHAR2(2000)
   ) SEGMENT CREATION DEFERRED 
  PCTFREE 10 PCTUSED 40 INITRANS 1 MAXTRANS 255 NOCOMPRESS LOGGING
  TABLESPACE "VOTE_USER" ;
--------------------------------------------------------
--  DDL for Table APPLICATION
--------------------------------------------------------

  CREATE TABLE "VOTE"."APPLICATION" 
   (	"APP_ID" NUMBER(16,0), 
	"ACT_ID" VARCHAR2(64 BYTE), 
	"APP_NAME" VARCHAR2(100 BYTE), 
	"START_DATE" VARCHAR2(30 BYTE), 
	"CREATE_ID" VARCHAR2(25 BYTE), 
	"APP_TYPE" VARCHAR2(30 BYTE), 
	"END_DATE" VARCHAR2(30 BYTE), 
	"CURR_STATUS" VARCHAR2(2 BYTE), 
	"CURR_USER_ID" VARCHAR2(25 BYTE), 
	"CURR_NODE_ID" VARCHAR2(25 BYTE), 
	"CURR_NODE_NAME" VARCHAR2(64 BYTE), 
	"CURR_ROLE_ID" NUMBER(16,0), 
	"CURR_ORG_ID" VARCHAR2(64 BYTE), 
	"FRONT_NODE_ID" VARCHAR2(25 BYTE), 
	"FRONT_NODE_NAME" VARCHAR2(64 BYTE), 
	"FRONT_USER_ID" VARCHAR2(25 BYTE)
   ) SEGMENT CREATION DEFERRED 
  PCTFREE 10 PCTUSED 40 INITRANS 1 MAXTRANS 255 NOCOMPRESS LOGGING
  TABLESPACE "VOTE_USER" ;
 

   COMMENT ON COLUMN "VOTE"."APPLICATION"."APP_ID" IS '流程ID';
 
   COMMENT ON COLUMN "VOTE"."APPLICATION"."ACT_ID" IS '工作流ID';
 
   COMMENT ON COLUMN "VOTE"."APPLICATION"."APP_NAME" IS '流程名称';
 
   COMMENT ON COLUMN "VOTE"."APPLICATION"."START_DATE" IS '发起时间';
 
   COMMENT ON COLUMN "VOTE"."APPLICATION"."CREATE_ID" IS '创建用户';
 
   COMMENT ON COLUMN "VOTE"."APPLICATION"."APP_TYPE" IS '流程类型';
 
   COMMENT ON COLUMN "VOTE"."APPLICATION"."END_DATE" IS '结束时间';
 
   COMMENT ON COLUMN "VOTE"."APPLICATION"."CURR_STATUS" IS '当前状态';
 
   COMMENT ON COLUMN "VOTE"."APPLICATION"."CURR_USER_ID" IS '当前处理人';
 
   COMMENT ON COLUMN "VOTE"."APPLICATION"."CURR_NODE_ID" IS '当前处理节点';
 
   COMMENT ON COLUMN "VOTE"."APPLICATION"."CURR_NODE_NAME" IS '当前节点名称';
 
   COMMENT ON COLUMN "VOTE"."APPLICATION"."CURR_ROLE_ID" IS '当前处理角色';
 
   COMMENT ON COLUMN "VOTE"."APPLICATION"."FRONT_NODE_ID" IS '上一个节点';
 
   COMMENT ON COLUMN "VOTE"."APPLICATION"."FRONT_NODE_NAME" IS '上一个节点名称';
 
   COMMENT ON COLUMN "VOTE"."APPLICATION"."FRONT_USER_ID" IS '上一个节点处理人';
 
   COMMENT ON TABLE "VOTE"."APPLICATION"  IS '流程总表';
--------------------------------------------------------
--  DDL for Table APPLICATION_IEDA
--------------------------------------------------------

  CREATE TABLE "VOTE"."APPLICATION_IEDA" 
   (	"IDEA_ID" NUMBER(16,0), 
	"APP_ID" NUMBER(16,0), 
	"TASK_ID" VARCHAR2(64 BYTE), 
	"TASK_TYPE" VARCHAR2(64 BYTE), 
	"NODE_ID" VARCHAR2(60 BYTE), 
	"NODE_NAME" VARCHAR2(126 BYTE), 
	"NOTE" VARCHAR2(255 BYTE)
   ) SEGMENT CREATION DEFERRED 
  PCTFREE 10 PCTUSED 40 INITRANS 1 MAXTRANS 255 NOCOMPRESS LOGGING
  TABLESPACE "VOTE_USER" ;
 

   COMMENT ON COLUMN "VOTE"."APPLICATION_IEDA"."IDEA_ID" IS '主键';
 
   COMMENT ON COLUMN "VOTE"."APPLICATION_IEDA"."APP_ID" IS '流程ID';
 
   COMMENT ON COLUMN "VOTE"."APPLICATION_IEDA"."TASK_ID" IS '任务ID';
 
   COMMENT ON COLUMN "VOTE"."APPLICATION_IEDA"."NODE_ID" IS '节点ID';
 
   COMMENT ON COLUMN "VOTE"."APPLICATION_IEDA"."NODE_NAME" IS '节点名称';
 
   COMMENT ON COLUMN "VOTE"."APPLICATION_IEDA"."NOTE" IS '意见';
 
   COMMENT ON TABLE "VOTE"."APPLICATION_IEDA"  IS '审批意见';
--------------------------------------------------------
--  DDL for Table BASE_ORG_REL
--------------------------------------------------------

  CREATE TABLE "VOTE"."BASE_ORG_REL" 
   (	"REL_ID" NUMBER(16,0), 
	"ORG_NO" NUMBER(16,0), 
	"PK_ID" VARCHAR2(20 BYTE), 
	"PK_TABLE" VARCHAR2(80 BYTE)
   ) SEGMENT CREATION DEFERRED 
  PCTFREE 10 PCTUSED 40 INITRANS 1 MAXTRANS 255 NOCOMPRESS LOGGING
  TABLESPACE "VOTE_USER" ;
 

   COMMENT ON COLUMN "VOTE"."BASE_ORG_REL"."REL_ID" IS '关系ID';
 
   COMMENT ON COLUMN "VOTE"."BASE_ORG_REL"."ORG_NO" IS '机构ID';
 
   COMMENT ON COLUMN "VOTE"."BASE_ORG_REL"."PK_ID" IS '信息ID';
 
   COMMENT ON COLUMN "VOTE"."BASE_ORG_REL"."PK_TABLE" IS '信息表名';
 
   COMMENT ON TABLE "VOTE"."BASE_ORG_REL"  IS '信息与机构关系表';
--------------------------------------------------------
--  DDL for Table BTN_INFO
--------------------------------------------------------

  CREATE TABLE "VOTE"."BTN_INFO" 
   (	"BTN_ID" NUMBER(16,0), 
	"BTN_NAME" VARCHAR2(56 BYTE), 
	"BTN_RMK" VARCHAR2(256 BYTE), 
	"BTN_PAGE" VARCHAR2(256 BYTE), 
	"MENU_ID" NUMBER(16,0), 
	"TM_SMP" VARCHAR2(14 BYTE)
   ) SEGMENT CREATION IMMEDIATE 
  PCTFREE 10 PCTUSED 40 INITRANS 1 MAXTRANS 255 NOCOMPRESS LOGGING
  STORAGE(INITIAL 65536 NEXT 1048576 MINEXTENTS 1 MAXEXTENTS 2147483645
  PCTINCREASE 0 FREELISTS 1 FREELIST GROUPS 1 BUFFER_POOL DEFAULT FLASH_CACHE DEFAULT CELL_FLASH_CACHE DEFAULT)
  TABLESPACE "VOTE_USER" ;
--------------------------------------------------------
--  DDL for Table BTN_ROLE
--------------------------------------------------------

  CREATE TABLE "VOTE"."BTN_ROLE" 
   (	"BTN_ID" NUMBER(16,0), 
	"ROLE_ID" NUMBER(16,0), 
	"TM_SMP" VARCHAR2(14 BYTE)
   ) SEGMENT CREATION IMMEDIATE 
  PCTFREE 10 PCTUSED 40 INITRANS 1 MAXTRANS 255 NOCOMPRESS LOGGING
  STORAGE(INITIAL 65536 NEXT 1048576 MINEXTENTS 1 MAXEXTENTS 2147483645
  PCTINCREASE 0 FREELISTS 1 FREELIST GROUPS 1 BUFFER_POOL DEFAULT FLASH_CACHE DEFAULT CELL_FLASH_CACHE DEFAULT)
  TABLESPACE "VOTE_USER" ;
--------------------------------------------------------
--  DDL for Table BTN_USR
--------------------------------------------------------

  CREATE TABLE "VOTE"."BTN_USR" 
   (	"BTN_ID" NUMBER(16,0), 
	"USR_ID" NUMBER(16,0), 
	"TM_TMP" VARCHAR2(14 BYTE)
   ) SEGMENT CREATION DEFERRED 
  PCTFREE 10 PCTUSED 40 INITRANS 1 MAXTRANS 255 NOCOMPRESS LOGGING
  TABLESPACE "VOTE_USER" ;
 

   COMMENT ON COLUMN "VOTE"."BTN_USR"."BTN_ID" IS '按钮主键';
 
   COMMENT ON COLUMN "VOTE"."BTN_USR"."USR_ID" IS '用户ID';
 
   COMMENT ON COLUMN "VOTE"."BTN_USR"."TM_TMP" IS '时间';
 
   COMMENT ON TABLE "VOTE"."BTN_USR"  IS '按钮用户表';
--------------------------------------------------------
--  DDL for Table CODE_DATA
--------------------------------------------------------

  CREATE TABLE "VOTE"."CODE_DATA" 
   (	"FIELD_NAME" VARCHAR2(54 BYTE), 
	"CODE_NO" VARCHAR2(64 BYTE), 
	"CODE_NAME" VARCHAR2(64 BYTE), 
	"CODE_KEY" VARCHAR2(80 BYTE), 
	"CODE_VAL" VARCHAR2(125 BYTE), 
	"TM_SMP" VARCHAR2(14 BYTE)
   ) SEGMENT CREATION IMMEDIATE 
  PCTFREE 10 PCTUSED 40 INITRANS 1 MAXTRANS 255 NOCOMPRESS LOGGING
  STORAGE(INITIAL 65536 NEXT 1048576 MINEXTENTS 1 MAXEXTENTS 2147483645
  PCTINCREASE 0 FREELISTS 1 FREELIST GROUPS 1 BUFFER_POOL DEFAULT FLASH_CACHE DEFAULT CELL_FLASH_CACHE DEFAULT)
  TABLESPACE "VOTE_USER" ;
 

   COMMENT ON COLUMN "VOTE"."CODE_DATA"."FIELD_NAME" IS '字段名称';
 
   COMMENT ON COLUMN "VOTE"."CODE_DATA"."CODE_NO" IS '字典类型编码';
 
   COMMENT ON COLUMN "VOTE"."CODE_DATA"."CODE_NAME" IS '字典类型说明';
 
   COMMENT ON COLUMN "VOTE"."CODE_DATA"."CODE_KEY" IS '字典代码';
 
   COMMENT ON COLUMN "VOTE"."CODE_DATA"."CODE_VAL" IS '字典名称';
 
   COMMENT ON COLUMN "VOTE"."CODE_DATA"."TM_SMP" IS '创建时间';
 
   COMMENT ON TABLE "VOTE"."CODE_DATA"  IS '数据字典';
--------------------------------------------------------
--  DDL for Table COST_INFO
--------------------------------------------------------

  CREATE TABLE "VOTE"."COST_INFO" 
   (	"COST_ID" VARCHAR2(16 BYTE), 
	"ORG_ID" NUMBER(16,0), 
	"IS_DELETE" CHAR(1 BYTE)
   ) SEGMENT CREATION IMMEDIATE 
  PCTFREE 10 PCTUSED 40 INITRANS 1 MAXTRANS 255 NOCOMPRESS LOGGING
  STORAGE(INITIAL 65536 NEXT 1048576 MINEXTENTS 1 MAXEXTENTS 2147483645
  PCTINCREASE 0 FREELISTS 1 FREELIST GROUPS 1 BUFFER_POOL DEFAULT FLASH_CACHE DEFAULT CELL_FLASH_CACHE DEFAULT)
  TABLESPACE "VOTE_USER" ;
--------------------------------------------------------
--  DDL for Table EXCEL_CELL
--------------------------------------------------------

  CREATE TABLE "VOTE"."EXCEL_CELL" 
   (	"EXCEL_CELL_ID" NUMBER(10,0), 
	"EXCEL_SHEET_ID" NUMBER(10,0), 
	"EXCEL_CELL_CN_NAME" VARCHAR2(255 BYTE), 
	"EXCEL_CELL_EN_NAME" VARCHAR2(255 BYTE), 
	"EXCEL_CELL_COL_NUM" NUMBER(6,0), 
	"EXCEL_CELL_ROW_NUM" NUMBER(6,0), 
	"EXCEL_CELL_TYPE" CHAR(2 BYTE), 
	"EXCEL_DATA_TYPE" VARCHAR2(32 BYTE), 
	"EXCEL_DEFAULT_VALUE" VARCHAR2(255 BYTE), 
	"IS_DELETE" CHAR(2 BYTE)
   ) SEGMENT CREATION IMMEDIATE 
  PCTFREE 10 PCTUSED 40 INITRANS 1 MAXTRANS 255 NOCOMPRESS LOGGING
  STORAGE(INITIAL 65536 NEXT 1048576 MINEXTENTS 1 MAXEXTENTS 2147483645
  PCTINCREASE 0 FREELISTS 1 FREELIST GROUPS 1 BUFFER_POOL DEFAULT FLASH_CACHE DEFAULT CELL_FLASH_CACHE DEFAULT)
  TABLESPACE "VOTE_USER" ;
--------------------------------------------------------
--  DDL for Table EXCEL_FILE
--------------------------------------------------------

  CREATE TABLE "VOTE"."EXCEL_FILE" 
   (	"EXCEL_FILE_ID" NUMBER(10,0), 
	"EXCEL_FILE_CN_NAME" VARCHAR2(255 BYTE), 
	"EXCEL_FILE_EN_NAME" VARCHAR2(255 BYTE), 
	"EXCEL_DESCRIPTE" VARCHAR2(255 BYTE), 
	"REMARK" VARCHAR2(255 BYTE)
   ) SEGMENT CREATION IMMEDIATE 
  PCTFREE 10 PCTUSED 40 INITRANS 1 MAXTRANS 255 NOCOMPRESS LOGGING
  STORAGE(INITIAL 65536 NEXT 1048576 MINEXTENTS 1 MAXEXTENTS 2147483645
  PCTINCREASE 0 FREELISTS 1 FREELIST GROUPS 1 BUFFER_POOL DEFAULT FLASH_CACHE DEFAULT CELL_FLASH_CACHE DEFAULT)
  TABLESPACE "VOTE_USER" ;
--------------------------------------------------------
--  DDL for Table EXCEL_SHEET
--------------------------------------------------------

  CREATE TABLE "VOTE"."EXCEL_SHEET" 
   (	"EXCEL_SHEET_ID" NUMBER(10,0), 
	"EXCEL_FILE_ID" NUMBER(10,0), 
	"EXCEL_SHEET_CN_NAME" VARCHAR2(255 BYTE), 
	"EXCEL_SHEET_EN_NAME" VARCHAR2(255 BYTE), 
	"REMARK" VARCHAR2(255 BYTE), 
	"IS_VALID" CHAR(2 BYTE) DEFAULT 00
   ) SEGMENT CREATION IMMEDIATE 
  PCTFREE 10 PCTUSED 40 INITRANS 1 MAXTRANS 255 NOCOMPRESS LOGGING
  STORAGE(INITIAL 65536 NEXT 1048576 MINEXTENTS 1 MAXEXTENTS 2147483645
  PCTINCREASE 0 FREELISTS 1 FREELIST GROUPS 1 BUFFER_POOL DEFAULT FLASH_CACHE DEFAULT CELL_FLASH_CACHE DEFAULT)
  TABLESPACE "VOTE_USER" ;
--------------------------------------------------------
--  DDL for Table FILE_TYPE_CFG
--------------------------------------------------------

  CREATE TABLE "VOTE"."FILE_TYPE_CFG" 
   (	"ID" NUMBER(16,0), 
	"TRAN_TYPE" VARCHAR2(10 BYTE), 
	"FILE_TYPE" VARCHAR2(512 BYTE)
   ) SEGMENT CREATION DEFERRED 
  PCTFREE 10 PCTUSED 40 INITRANS 1 MAXTRANS 255 NOCOMPRESS LOGGING
  TABLESPACE "VOTE_USER" ;
 

   COMMENT ON COLUMN "VOTE"."FILE_TYPE_CFG"."TRAN_TYPE" IS '业务分类';
 
   COMMENT ON COLUMN "VOTE"."FILE_TYPE_CFG"."FILE_TYPE" IS '要件分类';
 
   COMMENT ON TABLE "VOTE"."FILE_TYPE_CFG"  IS '附件类型配置表';
--------------------------------------------------------
--  DDL for Table FILE_UPLOAD
--------------------------------------------------------

  CREATE TABLE "VOTE"."FILE_UPLOAD" 
   (	"FILE_ID" NUMBER(16,0), 
	"OLD_FILE_NAME" VARCHAR2(128 BYTE), 
	"FILE_NAME" VARCHAR2(128 BYTE), 
	"UPLOAD_DATE" VARCHAR2(80 BYTE), 
	"FILE_ADDRE" VARCHAR2(256 BYTE), 
	"FILE_TYPE_ID" NUMBER(16,0), 
	"FILE_TYPE" VARCHAR2(512 BYTE), 
	"FILE_SIZE" NUMBER(10,0), 
	"FILE_STS" VARCHAR2(2 BYTE), 
	"UPLOAD_USER" VARCHAR2(126 BYTE), 
	"RELA_TABLE" VARCHAR2(60 BYTE), 
	"RELA_TAB_ID" NUMBER(16,0)
   ) SEGMENT CREATION DEFERRED 
  PCTFREE 10 PCTUSED 40 INITRANS 1 MAXTRANS 255 NOCOMPRESS LOGGING
  TABLESPACE "VOTE_USER" ;
 

   COMMENT ON COLUMN "VOTE"."FILE_UPLOAD"."FILE_ID" IS '文件ID';
 
   COMMENT ON COLUMN "VOTE"."FILE_UPLOAD"."OLD_FILE_NAME" IS '老文件名称';
 
   COMMENT ON COLUMN "VOTE"."FILE_UPLOAD"."FILE_NAME" IS '文件名称';
 
   COMMENT ON COLUMN "VOTE"."FILE_UPLOAD"."UPLOAD_DATE" IS '上传时间';
 
   COMMENT ON COLUMN "VOTE"."FILE_UPLOAD"."FILE_ADDRE" IS '文件地址';
 
   COMMENT ON COLUMN "VOTE"."FILE_UPLOAD"."FILE_TYPE" IS '文件类型';
 
   COMMENT ON COLUMN "VOTE"."FILE_UPLOAD"."FILE_STS" IS '文件状态';
 
   COMMENT ON COLUMN "VOTE"."FILE_UPLOAD"."UPLOAD_USER" IS '上传人';
 
   COMMENT ON COLUMN "VOTE"."FILE_UPLOAD"."RELA_TABLE" IS '关联表';
 
   COMMENT ON COLUMN "VOTE"."FILE_UPLOAD"."RELA_TAB_ID" IS '关联表ID';
 
   COMMENT ON TABLE "VOTE"."FILE_UPLOAD"  IS '文件上传';
--------------------------------------------------------
--  DDL for Table MENU_INFO
--------------------------------------------------------

  CREATE TABLE "VOTE"."MENU_INFO" 
   (	"MENU_ID" NUMBER(16,0), 
	"MENU_NAME" VARCHAR2(64 BYTE), 
	"PARENT_ID" NUMBER(16,0), 
	"MENU_URL" VARCHAR2(264 BYTE), 
	"OPER_USER" NUMBER(16,0), 
	"MENU_LEVEL" CHAR(1 BYTE), 
	"TM_SMP" VARCHAR2(14 BYTE), 
	"CSS_ICON" VARCHAR2(125 BYTE), 
	"SORT_NUM" NUMBER(2,0), 
	"IS_HOME" VARCHAR2(2 BYTE), 
	"HOME_ICON" VARCHAR2(60 BYTE)
   ) SEGMENT CREATION IMMEDIATE 
  PCTFREE 10 PCTUSED 40 INITRANS 1 MAXTRANS 255 NOCOMPRESS LOGGING
  STORAGE(INITIAL 65536 NEXT 1048576 MINEXTENTS 1 MAXEXTENTS 2147483645
  PCTINCREASE 0 FREELISTS 1 FREELIST GROUPS 1 BUFFER_POOL DEFAULT FLASH_CACHE DEFAULT CELL_FLASH_CACHE DEFAULT)
  TABLESPACE "VOTE_USER" ;
--------------------------------------------------------
--  DDL for Table ORG_INFO
--------------------------------------------------------

  CREATE TABLE "VOTE"."ORG_INFO" 
   (	"PARENT_ORG_NO" NUMBER(16,0), 
	"PARENT_ORG_NAME" VARCHAR2(124 BYTE), 
	"ORG_NO" NUMBER(16,0), 
	"ORG_NAME" VARCHAR2(124 BYTE), 
	"ORG_TYPE" CHAR(2 BYTE), 
	"ADDRES" VARCHAR2(256 BYTE), 
	"TEL_NO" VARCHAR2(40 BYTE), 
	"OPER_USR" VARCHAR2(64 BYTE), 
	"TM_SMP" VARCHAR2(14 BYTE), 
	"ORG_STATUS" CHAR(1 BYTE), 
	"LINK_MAN" VARCHAR2(40 BYTE), 
	"EMAIL" VARCHAR2(40 BYTE), 
	"POST_CODE" VARCHAR2(6 BYTE), 
	"REMARK" VARCHAR2(512 BYTE)
   ) SEGMENT CREATION IMMEDIATE 
  PCTFREE 10 PCTUSED 40 INITRANS 1 MAXTRANS 255 NOCOMPRESS LOGGING
  STORAGE(INITIAL 65536 NEXT 1048576 MINEXTENTS 1 MAXEXTENTS 2147483645
  PCTINCREASE 0 FREELISTS 1 FREELIST GROUPS 1 BUFFER_POOL DEFAULT FLASH_CACHE DEFAULT CELL_FLASH_CACHE DEFAULT)
  TABLESPACE "VOTE_USER" ;
 

   COMMENT ON COLUMN "VOTE"."ORG_INFO"."PARENT_ORG_NO" IS '上级单位ID';
 
   COMMENT ON COLUMN "VOTE"."ORG_INFO"."PARENT_ORG_NAME" IS '上级单位名称';
 
   COMMENT ON COLUMN "VOTE"."ORG_INFO"."ORG_NO" IS '单位ID';
 
   COMMENT ON COLUMN "VOTE"."ORG_INFO"."ORG_NAME" IS '单位名称';
 
   COMMENT ON COLUMN "VOTE"."ORG_INFO"."ORG_TYPE" IS '01：市局
02：区(市/县)
03：街道
04：鉴定中心
05：鉴定机构';
 
   COMMENT ON COLUMN "VOTE"."ORG_INFO"."ADDRES" IS '办公地址';
 
   COMMENT ON COLUMN "VOTE"."ORG_INFO"."TEL_NO" IS '联系电话';
 
   COMMENT ON COLUMN "VOTE"."ORG_INFO"."OPER_USR" IS '创建人';
 
   COMMENT ON COLUMN "VOTE"."ORG_INFO"."TM_SMP" IS '创建日期';
 
   COMMENT ON COLUMN "VOTE"."ORG_INFO"."ORG_STATUS" IS '0：正常、1：禁用、2：注销';
 
   COMMENT ON COLUMN "VOTE"."ORG_INFO"."LINK_MAN" IS '联系人';
 
   COMMENT ON COLUMN "VOTE"."ORG_INFO"."EMAIL" IS 'EMAIL地址';
 
   COMMENT ON COLUMN "VOTE"."ORG_INFO"."POST_CODE" IS '邮政编码';
 
   COMMENT ON COLUMN "VOTE"."ORG_INFO"."REMARK" IS '备注';
 
   COMMENT ON TABLE "VOTE"."ORG_INFO"  IS '组织机构表';
--------------------------------------------------------
--  DDL for Table PARAMS_INFO
--------------------------------------------------------

  CREATE TABLE "VOTE"."PARAMS_INFO" 
   (	"PARAMS_NO" VARCHAR2(64 BYTE), 
	"PARAMS_NAME" VARCHAR2(128 BYTE), 
	"PARAMS_VAL" VARCHAR2(64 BYTE), 
	"PARAMS_TYPE" VARCHAR2(10 BYTE), 
	"TM_SMP" VARCHAR2(14 BYTE), 
	"REMARK" VARCHAR2(512 BYTE)
   ) SEGMENT CREATION IMMEDIATE 
  PCTFREE 10 PCTUSED 40 INITRANS 1 MAXTRANS 255 NOCOMPRESS LOGGING
  STORAGE(INITIAL 65536 NEXT 1048576 MINEXTENTS 1 MAXEXTENTS 2147483645
  PCTINCREASE 0 FREELISTS 1 FREELIST GROUPS 1 BUFFER_POOL DEFAULT FLASH_CACHE DEFAULT CELL_FLASH_CACHE DEFAULT)
  TABLESPACE "VOTE_USER" ;
 

   COMMENT ON COLUMN "VOTE"."PARAMS_INFO"."PARAMS_NO" IS '参数代码';
 
   COMMENT ON COLUMN "VOTE"."PARAMS_INFO"."PARAMS_NAME" IS '参数名称(作用)';
 
   COMMENT ON COLUMN "VOTE"."PARAMS_INFO"."PARAMS_VAL" IS '参数值';
 
   COMMENT ON COLUMN "VOTE"."PARAMS_INFO"."PARAMS_TYPE" IS '参数类别';
 
   COMMENT ON COLUMN "VOTE"."PARAMS_INFO"."TM_SMP" IS '创建时间';
 
   COMMENT ON COLUMN "VOTE"."PARAMS_INFO"."REMARK" IS '备注';
 
   COMMENT ON TABLE "VOTE"."PARAMS_INFO"  IS '参数信息表';
--------------------------------------------------------
--  DDL for Table PM_COMPANY_INFO
--------------------------------------------------------

  CREATE TABLE "VOTE"."PM_COMPANY_INFO" 
   (	"COMPANY_CODE" VARCHAR2(32 BYTE), 
	"COMPANY_NAME" VARCHAR2(256 BYTE), 
	"COMPANY_ADDRESS" VARCHAR2(512 BYTE), 
	"REMARK" VARCHAR2(256 BYTE), 
	"CREATOR_ID" NUMBER(10,0), 
	"CREATE_TIME" VARCHAR2(32 BYTE), 
	"MODIFIER" NUMBER(10,0), 
	"MODIFY_TIME" VARCHAR2(32 BYTE), 
	"IS_DELETE" CHAR(2 BYTE)
   ) SEGMENT CREATION IMMEDIATE 
  PCTFREE 10 PCTUSED 40 INITRANS 1 MAXTRANS 255 NOCOMPRESS LOGGING
  STORAGE(INITIAL 65536 NEXT 1048576 MINEXTENTS 1 MAXEXTENTS 2147483645
  PCTINCREASE 0 FREELISTS 1 FREELIST GROUPS 1 BUFFER_POOL DEFAULT FLASH_CACHE DEFAULT CELL_FLASH_CACHE DEFAULT)
  TABLESPACE "VOTE_USER" ;
--------------------------------------------------------
--  DDL for Table PM_CONFIRM_BID
--------------------------------------------------------

  CREATE TABLE "VOTE"."PM_CONFIRM_BID" 
   (	"BID_ID" NUMBER(10,0), 
	"BID_NAME" VARCHAR2(128 BYTE), 
	"FIRST_BID_AMOUNT" NUMBER(10,2), 
	"PREDICT_AMOUNT" NUMBER(10,2), 
	"PREDICT_COST" NUMBER(10,2), 
	"PREDICT_PROFIT_RATE" NUMBER(10,4), 
	"PREDICT_PERIOD_END" VARCHAR2(32 BYTE), 
	"CUST_ID" NUMBER(10,0), 
	"CUST_CN_NAME" VARCHAR2(256 BYTE), 
	"CUST_SAP_CODE" VARCHAR2(128 BYTE), 
	"CONSTRUCTION_DEPT_ID" NUMBER(16,0), 
	"CONSTRUCTION_DEPT_NAME" VARCHAR2(256 BYTE), 
	"SELL_DEPT_ID" NUMBER(16,0), 
	"SELL_DEPT_NAME" VARCHAR2(128 BYTE), 
	"CUST_MANAGER_ID" NUMBER(10,0), 
	"CUST_MANAGER_NAME" VARCHAR2(64 BYTE), 
	"TECHNICAL_DIRECTOR_ID" NUMBER(10,0), 
	"TECHNICAL_DIRECTOR_NAME" VARCHAR2(256 BYTE), 
	"SELL_DEPT_MANAGER_NAME" VARCHAR2(256 BYTE), 
	"SELL_DEPT_MANAGER_ID" NUMBER(10,0), 
	"CONSTRUCTION_DEPT_MANAGER_NAME" VARCHAR2(256 BYTE), 
	"CONSTRUCTION_DEPT_MANAGER_ID" NUMBER(10,0), 
	"STATUS" CHAR(2 BYTE), 
	"IS_WORK_AREA_EXPLICIT" CHAR(2 BYTE), 
	"IS_CHECKED" CHAR(2 BYTE), 
	"REMARK" VARCHAR2(256 BYTE), 
	"PAYMENT_POINT" VARCHAR2(512 BYTE), 
	"CREATOR_ID" NUMBER(10,0), 
	"CREATE_TIME" VARCHAR2(32 BYTE), 
	"MODIFIER" NUMBER(10,0), 
	"MODIFY_TIME" VARCHAR2(32 BYTE), 
	"IS_DELETE" CHAR(2 BYTE), 
	"PREDICT_PERIOD_START" VARCHAR2(32 BYTE), 
	"TAX_RATE" NUMBER(10,2), 
	"BID_CODE" VARCHAR2(32 BYTE), 
	"PROJECT_MANAGER_NAME" VARCHAR2(64 BYTE), 
	"PROJECT_MANAGER_ID" NUMBER(10,0), 
	"PREDICT_WORK_LOAD" VARCHAR2(64 BYTE), 
	"PREDICT_PROFIT" NUMBER(10,2)
   ) SEGMENT CREATION IMMEDIATE 
  PCTFREE 10 PCTUSED 40 INITRANS 1 MAXTRANS 255 NOCOMPRESS LOGGING
  STORAGE(INITIAL 65536 NEXT 1048576 MINEXTENTS 1 MAXEXTENTS 2147483645
  PCTINCREASE 0 FREELISTS 1 FREELIST GROUPS 1 BUFFER_POOL DEFAULT FLASH_CACHE DEFAULT CELL_FLASH_CACHE DEFAULT)
  TABLESPACE "VOTE_USER" ;
 

   COMMENT ON COLUMN "VOTE"."PM_CONFIRM_BID"."PREDICT_WORK_LOAD" IS '预估工作量';
 
   COMMENT ON COLUMN "VOTE"."PM_CONFIRM_BID"."PREDICT_PROFIT" IS '预估利润';
--------------------------------------------------------
--  DDL for Table PM_CUSTOMER_GROUP
--------------------------------------------------------

  CREATE TABLE "VOTE"."PM_CUSTOMER_GROUP" 
   (	"CUST_GROUP_ID" VARCHAR2(16 BYTE), 
	"CUST_GROUP_NAME" VARCHAR2(256 BYTE), 
	"CREATOR" VARCHAR2(256 BYTE), 
	"CREATOR_ID" NUMBER(10,0), 
	"CREATE_TIME" VARCHAR2(32 BYTE), 
	"MODIFIER" NUMBER(10,0), 
	"MODIFY_TIME" VARCHAR2(32 BYTE), 
	"IS_DELETE" CHAR(2 BYTE)
   ) SEGMENT CREATION IMMEDIATE 
  PCTFREE 10 PCTUSED 40 INITRANS 1 MAXTRANS 255 NOCOMPRESS LOGGING
  STORAGE(INITIAL 65536 NEXT 1048576 MINEXTENTS 1 MAXEXTENTS 2147483645
  PCTINCREASE 0 FREELISTS 1 FREELIST GROUPS 1 BUFFER_POOL DEFAULT FLASH_CACHE DEFAULT CELL_FLASH_CACHE DEFAULT)
  TABLESPACE "VOTE_USER" ;
--------------------------------------------------------
--  DDL for Table PM_CUSTOMER_GROUP_RELATION
--------------------------------------------------------

  CREATE TABLE "VOTE"."PM_CUSTOMER_GROUP_RELATION" 
   (	"CUST_GROUP_RELATION_ID" NUMBER(10,0), 
	"CUST_GROUP_ID" VARCHAR2(16 BYTE), 
	"CUST_ID" NUMBER(10,0), 
	"CUST_CN_NAME" VARCHAR2(256 BYTE), 
	"SAP_CODE" VARCHAR2(128 BYTE)
   ) SEGMENT CREATION IMMEDIATE 
  PCTFREE 10 PCTUSED 40 INITRANS 1 MAXTRANS 255 NOCOMPRESS LOGGING
  STORAGE(INITIAL 65536 NEXT 1048576 MINEXTENTS 1 MAXEXTENTS 2147483645
  PCTINCREASE 0 FREELISTS 1 FREELIST GROUPS 1 BUFFER_POOL DEFAULT FLASH_CACHE DEFAULT CELL_FLASH_CACHE DEFAULT)
  TABLESPACE "VOTE_USER" ;
--------------------------------------------------------
--  DDL for Table PM_CUSTOMER_INFO
--------------------------------------------------------

  CREATE TABLE "VOTE"."PM_CUSTOMER_INFO" 
   (	"CUST_ID" NUMBER(10,0), 
	"CUST_CN_NAME" VARCHAR2(256 BYTE), 
	"CUST_CODE" VARCHAR2(256 BYTE), 
	"COUNTRY" VARCHAR2(256 BYTE), 
	"SAP_CODE" VARCHAR2(256 BYTE), 
	"EN_NAME" VARCHAR2(256 BYTE), 
	"CUST_PAT_TAXES_CODE" VARCHAR2(256 BYTE), 
	"CUST_TYPE" VARCHAR2(256 BYTE), 
	"ADDRESS" VARCHAR2(256 BYTE), 
	"CASH_MANAGEMENT_GROUP" VARCHAR2(256 BYTE), 
	"PAY_CONDITION" VARCHAR2(256 BYTE), 
	"TRADE_CODE" VARCHAR2(256 BYTE), 
	"REGIONAL_MARKET" VARCHAR2(256 BYTE), 
	"MAIN_BUSINESS" VARCHAR2(1024 BYTE), 
	"AREA" VARCHAR2(256 BYTE), 
	"CUST_TRADE" VARCHAR2(256 BYTE), 
	"PAY_CYCLE" VARCHAR2(256 BYTE), 
	"IS_USEFUL" VARCHAR2(256 BYTE), 
	"GROUP_COMPANY" VARCHAR2(256 BYTE), 
	"BG_VISIABLE" VARCHAR2(256 BYTE), 
	"COMPANY_CODE" VARCHAR2(256 BYTE), 
	"COMPANY_FUNC_CODE" VARCHAR2(256 BYTE), 
	"CREATE_TIME" VARCHAR2(256 BYTE), 
	"ADD_USER_ID" NUMBER(10,0), 
	"ADD_TIME" VARCHAR2(256 BYTE), 
	"MODIFIER" NUMBER(10,0), 
	"MODIFY_TIME" VARCHAR2(32 BYTE), 
	"IS_DELETE" CHAR(2 BYTE)
   ) SEGMENT CREATION IMMEDIATE 
  PCTFREE 10 PCTUSED 40 INITRANS 1 MAXTRANS 255 NOCOMPRESS LOGGING
  STORAGE(INITIAL 65536 NEXT 1048576 MINEXTENTS 1 MAXEXTENTS 2147483645
  PCTINCREASE 0 FREELISTS 1 FREELIST GROUPS 1 BUFFER_POOL DEFAULT FLASH_CACHE DEFAULT CELL_FLASH_CACHE DEFAULT)
  TABLESPACE "VOTE_USER" ;
--------------------------------------------------------
--  DDL for Table PM_FILE
--------------------------------------------------------

  CREATE TABLE "VOTE"."PM_FILE" 
   (	"FILE_ID" NUMBER(10,0), 
	"FILE_UPLOAD_NAME" VARCHAR2(256 BYTE), 
	"FILE_PATH" VARCHAR2(512 BYTE), 
	"FILE_SAVE_NAME" VARCHAR2(256 BYTE), 
	"UPLOAD_TYPE" CHAR(2 BYTE), 
	"FILE_SIZE" NUMBER(10,0), 
	"FOREIGN_ID" NUMBER(10,0), 
	"FOREIGN_CODE" VARCHAR2(32 BYTE), 
	"REMARK" VARCHAR2(256 BYTE), 
	"CREATOR_ID" NUMBER(10,0), 
	"CREATE_TIME" VARCHAR2(32 BYTE), 
	"MODIFIER" NUMBER(10,0), 
	"MODIFY_TIME" VARCHAR2(32 BYTE), 
	"IS_DELETE" CHAR(2 BYTE), 
	"FILE_BUSINESS_TYPE" CHAR(2 BYTE)
   ) SEGMENT CREATION IMMEDIATE 
  PCTFREE 10 PCTUSED 40 INITRANS 1 MAXTRANS 255 NOCOMPRESS LOGGING
  STORAGE(INITIAL 65536 NEXT 1048576 MINEXTENTS 1 MAXEXTENTS 2147483645
  PCTINCREASE 0 FREELISTS 1 FREELIST GROUPS 1 BUFFER_POOL DEFAULT FLASH_CACHE DEFAULT CELL_FLASH_CACHE DEFAULT)
  TABLESPACE "VOTE_USER" ;
--------------------------------------------------------
--  DDL for Table PM_PAYMENT_POINT
--------------------------------------------------------

  CREATE TABLE "VOTE"."PM_PAYMENT_POINT" 
   (	"PAYMENT_ID" NUMBER(10,0), 
	"PAYMENT_FOREIGN_ID" NUMBER(10,0), 
	"PAYMENT_FOREIGN_CODE" VARCHAR2(32 BYTE), 
	"PAYMENT_TYPE" CHAR(2 BYTE), 
	"PAYMENT_DATE" VARCHAR2(32 BYTE), 
	"PAYMENT_TERM" NUMBER(10,2), 
	"PAYMENT_RATE" NUMBER(10,4), 
	"PAYMENT_AMOUNT" NUMBER(10,2), 
	"REMARK" VARCHAR2(256 BYTE), 
	"CREATOR_ID" NUMBER(10,0), 
	"CREATE_TIME" VARCHAR2(32 BYTE), 
	"MODIFIER" NUMBER(10,0), 
	"MODIFY_TIME" VARCHAR2(32 BYTE), 
	"IS_DELETE" CHAR(2 BYTE)
   ) SEGMENT CREATION DEFERRED 
  PCTFREE 10 PCTUSED 40 INITRANS 1 MAXTRANS 255 NOCOMPRESS LOGGING
  TABLESPACE "VOTE_USER" ;
--------------------------------------------------------
--  DDL for Table PM_PRODUCT_INFO
--------------------------------------------------------

  CREATE TABLE "VOTE"."PM_PRODUCT_INFO" 
   (	"PRODUCT_ID" NUMBER(10,0), 
	"PRODUCT_CODE" VARCHAR2(32 BYTE) DEFAULT NULL, 
	"PRODUCT_NAME" VARCHAR2(256 BYTE) DEFAULT NULL, 
	"PRODUCT_SUGGEST_PRICE" NUMBER(10,2) DEFAULT NULL, 
	"DEVELOPMENT_DEPT_NAME" VARCHAR2(256 BYTE) DEFAULT NULL, 
	"DEVELOPMENT_DEPT_ID" NUMBER(16,0) DEFAULT NULL, 
	"DEVELOPMENT_MANAGER_NAME" VARCHAR2(128 BYTE) DEFAULT NULL, 
	"DEVELOPMENT_MANAGER_ID" NUMBER(10,0) DEFAULT NULL, 
	"START_SALE_DATE" VARCHAR2(32 BYTE) DEFAULT NULL, 
	"PRODUCT_TYPE" CHAR(2 BYTE) DEFAULT NULL, 
	"REMARK" VARCHAR2(256 BYTE) DEFAULT NULL, 
	"CREATOR_ID" NUMBER(10,0) DEFAULT NULL, 
	"CREATE_TIME" VARCHAR2(32 BYTE) DEFAULT NULL, 
	"MODIFIER" NUMBER(10,0) DEFAULT NULL, 
	"MODIFY_TIME" VARCHAR2(32 BYTE) DEFAULT NULL, 
	"IS_DELETE" CHAR(2 BYTE) DEFAULT NULL
   ) SEGMENT CREATION IMMEDIATE 
  PCTFREE 10 PCTUSED 40 INITRANS 1 MAXTRANS 255 NOCOMPRESS LOGGING
  STORAGE(INITIAL 65536 NEXT 1048576 MINEXTENTS 1 MAXEXTENTS 2147483645
  PCTINCREASE 0 FREELISTS 1 FREELIST GROUPS 1 BUFFER_POOL DEFAULT FLASH_CACHE DEFAULT CELL_FLASH_CACHE DEFAULT)
  TABLESPACE "VOTE_USER" ;
--------------------------------------------------------
--  DDL for Table PM_PRODUCT_PROJECT_RELATION
--------------------------------------------------------

  CREATE TABLE "VOTE"."PM_PRODUCT_PROJECT_RELATION" 
   (	"PRODUCT_RELATION_ID" NUMBER(10,0), 
	"PRODUCT_NAME" VARCHAR2(256 BYTE) DEFAULT NULL, 
	"PRODUCT_ID" NUMBER(10,0) DEFAULT NULL, 
	"PRODUCT_GROUP_ID" NUMBER(10,0) DEFAULT NULL, 
	"PROJECT_ID" NUMBER(10,0) DEFAULT NULL, 
	"BUILD_DEPT_NAME" VARCHAR2(256 BYTE) DEFAULT NULL, 
	"CUST_NAME" VARCHAR2(256 BYTE) DEFAULT NULL, 
	"CUST_CODE" VARCHAR2(255 BYTE) DEFAULT NULL, 
	"CUST_SAP_CODE" VARCHAR2(32 BYTE) DEFAULT NULL, 
	"PROJECT_NAME" VARCHAR2(255 BYTE) DEFAULT NULL, 
	"REMARK" VARCHAR2(256 BYTE) DEFAULT NULL, 
	"CREATOR_ID" NUMBER(10,0) DEFAULT NULL, 
	"CREATE_TIME" VARCHAR2(32 BYTE) DEFAULT NULL, 
	"MODIFIER" NUMBER(10,0) DEFAULT NULL, 
	"MODIFY_TIME" VARCHAR2(32 BYTE) DEFAULT NULL, 
	"IS_DELETE" CHAR(2 BYTE) DEFAULT NULL
   ) SEGMENT CREATION DEFERRED 
  PCTFREE 10 PCTUSED 40 INITRANS 1 MAXTRANS 255 NOCOMPRESS LOGGING
  TABLESPACE "VOTE_USER" ;
--------------------------------------------------------
--  DDL for Table PM_PROJECT_GROUP_INFO
--------------------------------------------------------

  CREATE TABLE "VOTE"."PM_PROJECT_GROUP_INFO" 
   (	"PROJECT_GROUP_ID" NUMBER(10,0), 
	"PROJECT_ID" NUMBER(10,0), 
	"WBS" VARCHAR2(32 BYTE), 
	"PROJECT_GROUP_NAME" VARCHAR2(64 BYTE), 
	"GROUP_MANAGER_CODE" VARCHAR2(64 BYTE), 
	"GROUP_MANAGER_ID" NUMBER(10,0), 
	"GROUP_CREATOR_ID" NUMBER(10,0), 
	"GROUP_CREATOR_NAME" VARCHAR2(64 BYTE), 
	"GROUP_CREATE_TIME" VARCHAR2(32 BYTE), 
	"GROUP_STATUS" CHAR(2 BYTE), 
	"MODIFIER" NUMBER(10,0), 
	"MODIFY_TIME" VARCHAR2(32 BYTE), 
	"IS_DELETE" CHAR(2 BYTE)
   ) SEGMENT CREATION IMMEDIATE 
  PCTFREE 10 PCTUSED 40 INITRANS 1 MAXTRANS 255 NOCOMPRESS LOGGING
  STORAGE(INITIAL 65536 NEXT 1048576 MINEXTENTS 1 MAXEXTENTS 2147483645
  PCTINCREASE 0 FREELISTS 1 FREELIST GROUPS 1 BUFFER_POOL DEFAULT FLASH_CACHE DEFAULT CELL_FLASH_CACHE DEFAULT)
  TABLESPACE "VOTE_USER" ;
--------------------------------------------------------
--  DDL for Table PM_PROJECT_GROUP_RELATION_INFO
--------------------------------------------------------

  CREATE TABLE "VOTE"."PM_PROJECT_GROUP_RELATION_INFO" 
   (	"RELATIONSHIP" NUMBER(10,0), 
	"PROJECT_GROUP_ID" NUMBER(10,0), 
	"WBS" VARCHAR2(32 BYTE), 
	"PROJECT_ID" NUMBER(10,0), 
	"CREATE_TIME" VARCHAR2(32 BYTE), 
	"CREATOR" NUMBER(10,0), 
	"MODIFY_TIME" VARCHAR2(32 BYTE), 
	"MODIFIER" NUMBER(10,0), 
	"IS_DELETE" CHAR(2 BYTE)
   ) SEGMENT CREATION IMMEDIATE 
  PCTFREE 10 PCTUSED 40 INITRANS 1 MAXTRANS 255 NOCOMPRESS LOGGING
  STORAGE(INITIAL 65536 NEXT 1048576 MINEXTENTS 1 MAXEXTENTS 2147483645
  PCTINCREASE 0 FREELISTS 1 FREELIST GROUPS 1 BUFFER_POOL DEFAULT FLASH_CACHE DEFAULT CELL_FLASH_CACHE DEFAULT)
  TABLESPACE "VOTE_USER" ;
--------------------------------------------------------
--  DDL for Table PM_PROJECT_INCOMMING_INFO
--------------------------------------------------------

  CREATE TABLE "VOTE"."PM_PROJECT_INCOMMING_INFO" 
   (	"RECEIVE_ID" NUMBER(10,0), 
	"PROJECT_ID" NUMBER(10,0), 
	"WBS" VARCHAR2(32 BYTE), 
	"PROJECT_NAME" VARCHAR2(256 BYTE), 
	"RECEIVE_MOUNT" NUMBER(10,2), 
	"RECEIVE_DATE" VARCHAR2(32 BYTE), 
	"CREATOR" NUMBER(10,0), 
	"CREATE_TIME" VARCHAR2(32 BYTE), 
	"RECEIVABLES" CHAR(2 BYTE), 
	"IS_DELETE" CHAR(2 BYTE)
   ) SEGMENT CREATION DEFERRED 
  PCTFREE 10 PCTUSED 40 INITRANS 1 MAXTRANS 255 NOCOMPRESS LOGGING
  TABLESPACE "VOTE_USER" ;
--------------------------------------------------------
--  DDL for Table PM_PROJECT_INFO
--------------------------------------------------------

  CREATE TABLE "VOTE"."PM_PROJECT_INFO" 
   (	"PROJECT_ID" NUMBER(10,0), 
	"PROJECT_CODE" VARCHAR2(32 BYTE), 
	"BUILD_DEPT_NAME" VARCHAR2(256 BYTE), 
	"BUILD_DEPT_ID" NUMBER(10,0), 
	"BUILD_MANAGER_NAME" VARCHAR2(256 BYTE), 
	"BUILD_MANAGER_ID" NUMBER(10,0), 
	"SELL_DEPT_NAME" VARCHAR2(256 BYTE), 
	"SELL_DEPT_ID" NUMBER(10,0), 
	"SELL_MANAGER_NAME" VARCHAR2(256 BYTE), 
	"SELL_MANAGER_ID" NUMBER(10,0), 
	"TECHNICAL_DIRECTOR_ID" NUMBER(10,0), 
	"TECHNICAL_DIRECTOR_NAME" VARCHAR2(256 BYTE), 
	"CREATE_PROJECT_TIME" VARCHAR2(32 BYTE), 
	"FINISH_PROJECT_TIME" VARCHAR2(32 BYTE), 
	"WBS" VARCHAR2(256 BYTE), 
	"CUST_NAME" VARCHAR2(256 BYTE), 
	"CUST_SAP_CODE" VARCHAR2(32 BYTE), 
	"PROJECT_NAME" VARCHAR2(256 BYTE), 
	"CURRENT_YEAR_FOLLOW" CHAR(2 BYTE), 
	"IS_CONTINUE" CHAR(2 BYTE), 
	"PROJECT_STATUS" CHAR(2 BYTE), 
	"STATE" CHAR(2 BYTE), 
	"PROJECT_TYPE" CHAR(2 BYTE), 
	"PREDICT_CONTRACT_AMOUNT" NUMBER(10,2), 
	"PROFIT_CENTER" CHAR(2 BYTE), 
	"PROFIT_CODE" VARCHAR2(32 BYTE), 
	"COST_CENTER" CHAR(2 BYTE), 
	"COST_CODE" VARCHAR2(32 BYTE), 
	"PROFIT_RATE" NUMBER(10,4), 
	"PROFIT_MOUNT" NUMBER(10,2), 
	"WORK_LOAD" NUMBER(10,2), 
	"CURREND_YEAR_INCOMMING" NUMBER(10,2), 
	"CURRENT_YEAR_GROSS_PROFIT" NUMBER(10,2), 
	"ALL_INCOMMING" NUMBER(10,2), 
	"OVER_FLOW_REPORT_INCOMMING" NUMBER(10,2), 
	"SIGN_CONTRACT_DATE" VARCHAR2(32 BYTE), 
	"IS_SIGNED_CONTRACT" CHAR(2 BYTE), 
	"FTP_CONTRACT_REVIEW_RESULT" CHAR(2 BYTE), 
	"ONLINE_DATE" VARCHAR2(32 BYTE), 
	"IS_ONLINE" CHAR(2 BYTE), 
	"ONLINE_REPORT_REVIEW_RESULT" CHAR(2 BYTE), 
	"ACCEPT_DATE" VARCHAR2(32 BYTE), 
	"IS_ACCEPT" CHAR(2 BYTE), 
	"FTP_REPORT_REVIEW_RESULT" CHAR(2 BYTE), 
	"ONLINE_DATE_LATER" VARCHAR2(32 BYTE), 
	"ACCEPT_DATE_LATER" VARCHAR2(32 BYTE), 
	"ONLINE_NUM" VARCHAR2(32 BYTE), 
	"ACCEPT_NUM" VARCHAR2(32 BYTE), 
	"IS_IMPORTANT" CHAR(2 BYTE), 
	"BUDGET" NUMBER(10,2), 
	"CURRENT_YEAR_MOUNT" NUMBER(10,2), 
	"INNER_ACCEPT_DATE" VARCHAR2(32 BYTE), 
	"NET_SALARY" NUMBER(10,2), 
	"YEAR_SALARY" NUMBER(10,2), 
	"PREDICT_PROFIT_RATE" NUMBER(10,4), 
	"PREDICT_CAPITA_SALARY" NUMBER(10,2), 
	"PREDICT_CAPITA_COST" NUMBER(10,2), 
	"PREDICT_WORKLOAD" NUMBER(10,0), 
	"EMPLOYEE_COST" NUMBER(10,2), 
	"BUSINESS_TRIP_COST" NUMBER(10,2), 
	"OTHER_COST" NUMBER(10,2), 
	"ACCRUED_CHARGES_WORKERS" NUMBER(10,2), 
	"ACCRUED_CHARGES_PRODUCTS" NUMBER(10,2), 
	"REMARK1" VARCHAR2(128 BYTE), 
	"REMARK2" VARCHAR2(128 BYTE), 
	"REMARK3" VARCHAR2(128 BYTE), 
	"IS_DELETE" CHAR(2 BYTE), 
	"CREATE_TIME" VARCHAR2(32 BYTE), 
	"CREATOR" NUMBER(10,0), 
	"MODIFY_TIME" VARCHAR2(32 BYTE), 
	"MODIFIER" NUMBER(10,0), 
	"BID_ID" NUMBER(10,0), 
	"BID_NAME" VARCHAR2(256 BYTE), 
	"PROJECT_MANAGER_ID" NUMBER(10,0), 
	"PROJECT_MANAGER_NAME" VARCHAR2(256 BYTE), 
	"CUST_MANAGER_ID" NUMBER(10,0), 
	"CUST_MANAGER_NAME" VARCHAR2(256 BYTE), 
	"BELONG_PROJECT_GROUP_ID" NUMBER(10,0), 
	"BELONG_PROJECT_GROUP_NAME" VARCHAR2(256 BYTE), 
	"APPROVE_STATUS" CHAR(2 BYTE), 
	"PREDICT_PROFIT_MOUNT" NUMBER(10,2), 
	"TAX_RATE" NUMBER(10,4), 
	"BUDGET_WITH_TAX" NUMBER(10,2), 
	"BUDGET_NO_TAX" NUMBER(10,2)
   ) SEGMENT CREATION IMMEDIATE 
  PCTFREE 10 PCTUSED 40 INITRANS 1 MAXTRANS 255 NOCOMPRESS LOGGING
  STORAGE(INITIAL 65536 NEXT 1048576 MINEXTENTS 1 MAXEXTENTS 2147483645
  PCTINCREASE 0 FREELISTS 1 FREELIST GROUPS 1 BUFFER_POOL DEFAULT FLASH_CACHE DEFAULT CELL_FLASH_CACHE DEFAULT)
  TABLESPACE "VOTE_USER" ;
--------------------------------------------------------
--  DDL for Table PM_PROJECT_MILESTONE_INFO
--------------------------------------------------------

  CREATE TABLE "VOTE"."PM_PROJECT_MILESTONE_INFO" 
   (	"MILESTONE_ID" NUMBER(10,0), 
	"PROJECT_ID" NUMBER(10,0), 
	"PROJECT_NAME" VARCHAR2(256 BYTE), 
	"WBS" VARCHAR2(32 BYTE), 
	"MILE_DATE" VARCHAR2(32 BYTE), 
	"MILE_DESCRIPT" VARCHAR2(256 BYTE), 
	"FINISH_STATUS" CHAR(2 BYTE), 
	"CREATOR_ID" NUMBER(16,0), 
	"CREATE_TIME" VARCHAR2(32 BYTE), 
	"IS_DELETE" CHAR(2 BYTE)
   ) SEGMENT CREATION DEFERRED 
  PCTFREE 10 PCTUSED 40 INITRANS 1 MAXTRANS 255 NOCOMPRESS LOGGING
  TABLESPACE "VOTE_USER" ;
--------------------------------------------------------
--  DDL for Table PM_PROJECT_PROBLEM
--------------------------------------------------------

  CREATE TABLE "VOTE"."PM_PROJECT_PROBLEM" 
   (	"PROBLEM_ID" NUMBER(10,0), 
	"PROJECT_ID" NUMBER(10,0), 
	"PROJECT_NAME" VARCHAR2(256 BYTE), 
	"WBS" VARCHAR2(32 BYTE), 
	"PROBLEM_TYPE" CHAR(2 BYTE), 
	"PROBLEM_DETAIL" VARCHAR2(512 BYTE), 
	"CREATOR_ID" NUMBER(16,0), 
	"CREATOR_NAME" VARCHAR2(256 BYTE), 
	"CREATE_TIME" VARCHAR2(32 BYTE), 
	"PROBLEM_STATUS" CHAR(2 BYTE), 
	"IS_DELETE" CHAR(2 BYTE)
   ) SEGMENT CREATION DEFERRED 
  PCTFREE 10 PCTUSED 40 INITRANS 1 MAXTRANS 255 NOCOMPRESS LOGGING
  TABLESPACE "VOTE_USER" ;
--------------------------------------------------------
--  DDL for Table PM_REVIEW_COMMENT_INFO
--------------------------------------------------------

  CREATE TABLE "VOTE"."PM_REVIEW_COMMENT_INFO" 
   (	"COMMENT_ID" NUMBER(10,0), 
	"COMMENT_TYPE" CHAR(2 BYTE), 
	"REVIEW_ID" NUMBER(10,0), 
	"REVIEW_CODE" VARCHAR2(32 BYTE), 
	"RESULT" CHAR(2 BYTE), 
	"WROTEN_USER_ID" NUMBER(10,0), 
	"WROTEN_USER_NAME" VARCHAR2(64 BYTE), 
	"COMMENT_DETAIL" VARCHAR2(1024 BYTE), 
	"WRITE_TIME" VARCHAR2(32 BYTE), 
	"IS_DELETE" CHAR(2 BYTE)
   ) SEGMENT CREATION DEFERRED 
  PCTFREE 10 PCTUSED 40 INITRANS 1 MAXTRANS 255 NOCOMPRESS LOGGING
  TABLESPACE "VOTE_USER" ;
--------------------------------------------------------
--  DDL for Table PM_REVIEW_INFO
--------------------------------------------------------

  CREATE TABLE "VOTE"."PM_REVIEW_INFO" 
   (	"REVIEW_ID" NUMBER(10,0), 
	"FOREIGN_ID" NUMBER(10,0), 
	"FOREIGN_CODE" VARCHAR2(32 BYTE), 
	"REVIEW_TYPE" CHAR(2 BYTE), 
	"REVIEW_USER_NAME" VARCHAR2(64 BYTE), 
	"REVIEW_USER_CODE" NUMBER(10,0), 
	"RESULT" CHAR(2 BYTE), 
	"IS_DELETE" CHAR(2 BYTE), 
	"CREATE_TIME" VARCHAR2(32 BYTE), 
	"MODIFY_TIME" VARCHAR2(32 BYTE), 
	"CREATOR" NUMBER(10,0), 
	"COMMENT_DETAIL" VARCHAR2(1024 BYTE)
   ) SEGMENT CREATION IMMEDIATE 
  PCTFREE 10 PCTUSED 40 INITRANS 1 MAXTRANS 255 NOCOMPRESS LOGGING
  STORAGE(INITIAL 65536 NEXT 1048576 MINEXTENTS 1 MAXEXTENTS 2147483645
  PCTINCREASE 0 FREELISTS 1 FREELIST GROUPS 1 BUFFER_POOL DEFAULT FLASH_CACHE DEFAULT CELL_FLASH_CACHE DEFAULT)
  TABLESPACE "VOTE_USER" ;
--------------------------------------------------------
--  DDL for Table PM_REVIEW_NODE
--------------------------------------------------------

  CREATE TABLE "VOTE"."PM_REVIEW_NODE" 
   (	"NODE_ID" NUMBER(10,0), 
	"NODE_CODE" VARCHAR2(32 BYTE), 
	"NODE_NAME" VARCHAR2(128 BYTE), 
	"STATUS" CHAR(2 BYTE), 
	"REVIEW_TYPE" CHAR(2 BYTE), 
	"IS_DELETE" CHAR(2 BYTE)
   ) SEGMENT CREATION DEFERRED 
  PCTFREE 10 PCTUSED 40 INITRANS 1 MAXTRANS 255 NOCOMPRESS LOGGING
  TABLESPACE "VOTE_USER" ;
 

   COMMENT ON COLUMN "VOTE"."PM_REVIEW_NODE"."NODE_ID" IS '节点编号';
 
   COMMENT ON COLUMN "VOTE"."PM_REVIEW_NODE"."NODE_CODE" IS '节点编码';
 
   COMMENT ON COLUMN "VOTE"."PM_REVIEW_NODE"."NODE_NAME" IS '节点名称';
 
   COMMENT ON COLUMN "VOTE"."PM_REVIEW_NODE"."STATUS" IS '对应状态';
 
   COMMENT ON COLUMN "VOTE"."PM_REVIEW_NODE"."REVIEW_TYPE" IS '评审类型';
 
   COMMENT ON COLUMN "VOTE"."PM_REVIEW_NODE"."IS_DELETE" IS '是否有效';
--------------------------------------------------------
--  DDL for Table PM_SALE_GROUP_INFO
--------------------------------------------------------

  CREATE TABLE "VOTE"."PM_SALE_GROUP_INFO" 
   (	"GROUP_ID" NUMBER(10,0), 
	"GROUP_NAME" VARCHAR2(256 BYTE), 
	"OWNER_ORG_ID" NUMBER(16,0), 
	"REMARK" VARCHAR2(256 BYTE), 
	"CREATOR_ID" NUMBER(10,0), 
	"CREATE_TIME" VARCHAR2(32 BYTE), 
	"MODIFIER" NUMBER(10,0), 
	"MODIFY_TIME" VARCHAR2(32 BYTE), 
	"IS_DELETE" CHAR(2 BYTE), 
	"GROUP_CODE" VARCHAR2(32 BYTE), 
	"OWNER_ORG_NAME" VARCHAR2(255 BYTE)
   ) SEGMENT CREATION IMMEDIATE 
  PCTFREE 10 PCTUSED 40 INITRANS 1 MAXTRANS 255 NOCOMPRESS LOGGING
  STORAGE(INITIAL 65536 NEXT 1048576 MINEXTENTS 1 MAXEXTENTS 2147483645
  PCTINCREASE 0 FREELISTS 1 FREELIST GROUPS 1 BUFFER_POOL DEFAULT FLASH_CACHE DEFAULT CELL_FLASH_CACHE DEFAULT)
  TABLESPACE "VOTE_USER" ;
--------------------------------------------------------
--  DDL for Table PM_SALE_MEMBER_INFO
--------------------------------------------------------

  CREATE TABLE "VOTE"."PM_SALE_MEMBER_INFO" 
   (	"MENBER_USR_ID" NUMBER(10,0), 
	"GROUP_CODE" VARCHAR2(32 BYTE) DEFAULT NULL, 
	"MEMBER_TYPE" VARCHAR2(512 BYTE) DEFAULT NULL, 
	"REMARK" VARCHAR2(256 BYTE) DEFAULT NULL, 
	"CREATOR_ID" NUMBER(10,0) DEFAULT NULL, 
	"CREATE_TIME" VARCHAR2(32 BYTE) DEFAULT NULL, 
	"MODIFIER" NUMBER(10,0) DEFAULT NULL, 
	"MODIFY_TIME" VARCHAR2(32 BYTE) DEFAULT NULL, 
	"IS_DELETE" CHAR(2 BYTE) DEFAULT NULL, 
	"MENBER_USR_NAME" VARCHAR2(255 BYTE)
   ) SEGMENT CREATION IMMEDIATE 
  PCTFREE 10 PCTUSED 40 INITRANS 1 MAXTRANS 255 NOCOMPRESS LOGGING
  STORAGE(INITIAL 65536 NEXT 1048576 MINEXTENTS 1 MAXEXTENTS 2147483645
  PCTINCREASE 0 FREELISTS 1 FREELIST GROUPS 1 BUFFER_POOL DEFAULT FLASH_CACHE DEFAULT CELL_FLASH_CACHE DEFAULT)
  TABLESPACE "VOTE_USER" ;
--------------------------------------------------------
--  DDL for Table PM_YEAR_BUDGET
--------------------------------------------------------

  CREATE TABLE "VOTE"."PM_YEAR_BUDGET" 
   (	"YEAR_BUDGET_CODE" VARCHAR2(32 BYTE), 
	"IS_NEW_CUST" CHAR(2 BYTE), 
	"CUST_NAME" VARCHAR2(512 BYTE), 
	"SAP_CODE" VARCHAR2(128 BYTE), 
	"PROJECT_NAME" VARCHAR2(256 BYTE), 
	"WBS" VARCHAR2(256 BYTE), 
	"PROJECT_TYPE" CHAR(2 BYTE), 
	"REVEBUE_SOURCE" VARCHAR2(512 BYTE), 
	"COMPANY_ENTITY_NAME" VARCHAR2(128 BYTE), 
	"COMPANY_CODE" VARCHAR2(32 BYTE), 
	"CONTRACT_ID" NUMBER(10,0), 
	"CONTRACT_CODE" VARCHAR2(256 BYTE), 
	"CONTRACT_NAME" VARCHAR2(256 BYTE), 
	"PO_SOW" VARCHAR2(256 BYTE), 
	"CUST_MANAGER_ID" NUMBER(10,0), 
	"CUST_MANAGER_NAME" VARCHAR2(256 BYTE), 
	"TAX_TYPE" CHAR(2 BYTE), 
	"INCOMMING_TYPE" CHAR(2 BYTE), 
	"REGION" CHAR(2 BYTE), 
	"CURRENCY" VARCHAR2(32 BYTE), 
	"GROSS_PROFIT_RATE" NUMBER(10,4), 
	"BUDGET_JAN" NUMBER(10,2), 
	"BUDGET_FEB" NUMBER(10,2), 
	"BUDGET_MAR" NUMBER(10,2), 
	"BUDGET_APR" NUMBER(10,2), 
	"BUDGET_MAY" NUMBER(10,2), 
	"BUDGET_JUN" NUMBER(10,2), 
	"BUDGET_JUL" NUMBER(10,2), 
	"BUDGET_AUG" NUMBER(10,2), 
	"BUDGET_SEP" NUMBER(10,2), 
	"BUDGET_OCT" NUMBER(10,2), 
	"BUDGET_NOV" NUMBER(10,2), 
	"BUDGET_DEC" NUMBER(10,2), 
	"BUDGET_SUM" NUMBER(10,2), 
	"CREATOR_ID" NUMBER(10,0), 
	"CREATE_TIME" VARCHAR2(32 BYTE), 
	"MODIFIER" NUMBER(10,0), 
	"MODIFY_TIME" VARCHAR2(32 BYTE), 
	"IS_DELETE" CHAR(2 BYTE), 
	"REMARK" VARCHAR2(256 BYTE), 
	"REVIEW_STATUS" CHAR(2 BYTE), 
	"BUDGET_YEAR" CHAR(4 BYTE), 
	"REV_RECOGNITION_METHOD" VARCHAR2(32 BYTE), 
	"PRODUCT_LIST" VARCHAR2(128 BYTE), 
	"TAX_RATE" NUMBER(10,4), 
	"CONTRACT_MONEY" NUMBER(10,2), 
	"MANY_YEAR_REV" NUMBER(10,2), 
	"CUR_YEAR_REV" NUMBER(10,2), 
	"LAST_REV" NUMBER(10,2), 
	"AFTER_TAX" NUMBER(10,4)
   ) SEGMENT CREATION IMMEDIATE 
  PCTFREE 10 PCTUSED 40 INITRANS 1 MAXTRANS 255 NOCOMPRESS LOGGING
  STORAGE(INITIAL 65536 NEXT 1048576 MINEXTENTS 1 MAXEXTENTS 2147483645
  PCTINCREASE 0 FREELISTS 1 FREELIST GROUPS 1 BUFFER_POOL DEFAULT FLASH_CACHE DEFAULT CELL_FLASH_CACHE DEFAULT)
  TABLESPACE "VOTE_USER" ;
 

   COMMENT ON COLUMN "VOTE"."PM_YEAR_BUDGET"."YEAR_BUDGET_CODE" IS '预算code';
 
   COMMENT ON COLUMN "VOTE"."PM_YEAR_BUDGET"."MODIFY_TIME" IS '修改时间';
 
   COMMENT ON COLUMN "VOTE"."PM_YEAR_BUDGET"."IS_DELETE" IS '是否有效';
 
   COMMENT ON COLUMN "VOTE"."PM_YEAR_BUDGET"."REMARK" IS '备注';
 
   COMMENT ON COLUMN "VOTE"."PM_YEAR_BUDGET"."REVIEW_STATUS" IS '评审状态';
--------------------------------------------------------
--  DDL for Table PM_YEAR_BUDGET_PRODUCT
--------------------------------------------------------

  CREATE TABLE "VOTE"."PM_YEAR_BUDGET_PRODUCT" 
   (	"PAYMENT_ID" NUMBER(10,0), 
	"PRODUCT_ID" NUMBER(10,0), 
	"YEAR_BUDGET_CODE" VARCHAR2(32 BYTE)
   ) SEGMENT CREATION DEFERRED 
  PCTFREE 10 PCTUSED 40 INITRANS 1 MAXTRANS 255 NOCOMPRESS LOGGING
  TABLESPACE "VOTE_USER" ;
--------------------------------------------------------
--  DDL for Table PROFIT_INFO
--------------------------------------------------------

  CREATE TABLE "VOTE"."PROFIT_INFO" 
   (	"PROFIT_ID" VARCHAR2(16 BYTE), 
	"ORG_ID" NUMBER(16,0), 
	"IS_DELETE" CHAR(1 BYTE)
   ) SEGMENT CREATION IMMEDIATE 
  PCTFREE 10 PCTUSED 40 INITRANS 1 MAXTRANS 255 NOCOMPRESS LOGGING
  STORAGE(INITIAL 65536 NEXT 1048576 MINEXTENTS 1 MAXEXTENTS 2147483645
  PCTINCREASE 0 FREELISTS 1 FREELIST GROUPS 1 BUFFER_POOL DEFAULT FLASH_CACHE DEFAULT CELL_FLASH_CACHE DEFAULT)
  TABLESPACE "VOTE_USER" ;
--------------------------------------------------------
--  DDL for Table REVIEW_INFO
--------------------------------------------------------

  CREATE TABLE "VOTE"."REVIEW_INFO" 
   (	"REVIEW_ID" NUMBER(10,0), 
	"PROJECT_ID" NUMBER(10,0), 
	"REVIEW_TYPE" CHAR(2 BYTE), 
	"REVIEW_USER_NAME" VARCHAR2(64 BYTE), 
	"REVIEW_USER_CODE" NUMBER(10,0), 
	"RESULT" CHAR(2 BYTE), 
	"IS_DELETE" CHAR(2 BYTE)
   ) SEGMENT CREATION DEFERRED 
  PCTFREE 10 PCTUSED 40 INITRANS 1 MAXTRANS 255 NOCOMPRESS LOGGING
  TABLESPACE "VOTE_USER" ;
--------------------------------------------------------
--  DDL for Table ROLE
--------------------------------------------------------

  CREATE TABLE "VOTE"."ROLE" 
   (	"ROLE_ID" NUMBER(16,0), 
	"ROLE_NAME" VARCHAR2(40 BYTE), 
	"ROLE_RMK" VARCHAR2(264 BYTE), 
	"TM_SMP" VARCHAR2(14 BYTE), 
	"ROLE_CODE" VARCHAR2(64 BYTE)
   ) SEGMENT CREATION IMMEDIATE 
  PCTFREE 10 PCTUSED 40 INITRANS 1 MAXTRANS 255 NOCOMPRESS LOGGING
  STORAGE(INITIAL 65536 NEXT 1048576 MINEXTENTS 1 MAXEXTENTS 2147483645
  PCTINCREASE 0 FREELISTS 1 FREELIST GROUPS 1 BUFFER_POOL DEFAULT FLASH_CACHE DEFAULT CELL_FLASH_CACHE DEFAULT)
  TABLESPACE "VOTE_USER" ;
 

   COMMENT ON COLUMN "VOTE"."ROLE"."ROLE_ID" IS '角色ID';
 
   COMMENT ON COLUMN "VOTE"."ROLE"."ROLE_NAME" IS '角色名称';
 
   COMMENT ON COLUMN "VOTE"."ROLE"."ROLE_RMK" IS '角色描述';
 
   COMMENT ON COLUMN "VOTE"."ROLE"."TM_SMP" IS '创建时间';
 
   COMMENT ON TABLE "VOTE"."ROLE"  IS '角色表';
--------------------------------------------------------
--  DDL for Table ROLE_MENU
--------------------------------------------------------

  CREATE TABLE "VOTE"."ROLE_MENU" 
   (	"ROLE_ID" NUMBER(16,0), 
	"MENU_ID" NUMBER(16,0), 
	"TM_SMP" VARCHAR2(14 BYTE)
   ) SEGMENT CREATION IMMEDIATE 
  PCTFREE 10 PCTUSED 40 INITRANS 1 MAXTRANS 255 NOCOMPRESS LOGGING
  STORAGE(INITIAL 65536 NEXT 1048576 MINEXTENTS 1 MAXEXTENTS 2147483645
  PCTINCREASE 0 FREELISTS 1 FREELIST GROUPS 1 BUFFER_POOL DEFAULT FLASH_CACHE DEFAULT CELL_FLASH_CACHE DEFAULT)
  TABLESPACE "VOTE_USER" ;
 

   COMMENT ON COLUMN "VOTE"."ROLE_MENU"."ROLE_ID" IS '角色ID';
 
   COMMENT ON COLUMN "VOTE"."ROLE_MENU"."MENU_ID" IS '菜单ID';
 
   COMMENT ON COLUMN "VOTE"."ROLE_MENU"."TM_SMP" IS '创建时间';
 
   COMMENT ON TABLE "VOTE"."ROLE_MENU"  IS '角色菜单表';
--------------------------------------------------------
--  DDL for Table TABLE_HEADER_INFO
--------------------------------------------------------

  CREATE TABLE "VOTE"."TABLE_HEADER_INFO" 
   (	"TABLE_ID" NUMBER(10,0), 
	"TABLE_NAME" VARCHAR2(255 BYTE)
   ) SEGMENT CREATION DEFERRED 
  PCTFREE 10 PCTUSED 40 INITRANS 1 MAXTRANS 255 NOCOMPRESS LOGGING
  TABLESPACE "VOTE_USER" ;
--------------------------------------------------------
--  DDL for Table TABLE_TITLE_INFO
--------------------------------------------------------

  CREATE TABLE "VOTE"."TABLE_TITLE_INFO" 
   (	"HEAD_ID" NUMBER(10,0), 
	"TABLE_ID" NUMBER, 
	"TITLE" VARCHAR2(255 BYTE), 
	"FIELD" VARCHAR2(255 BYTE), 
	"WIDTH" VARCHAR2(32 BYTE) DEFAULT 150, 
	"SORT" NUMBER DEFAULT 0, 
	"UNRESIZE" NUMBER DEFAULT 0, 
	"OTHER" VARCHAR2(512 BYTE), 
	"IS_DELETE" CHAR(2 BYTE) DEFAULT 01
   ) SEGMENT CREATION DEFERRED 
  PCTFREE 10 PCTUSED 40 INITRANS 1 MAXTRANS 255 NOCOMPRESS LOGGING
  TABLESPACE "VOTE_USER" ;
--------------------------------------------------------
--  DDL for Table USR_INFO
--------------------------------------------------------

  CREATE TABLE "VOTE"."USR_INFO" 
   (	"USR_ID" NUMBER(10,0), 
	"USR_NO" VARCHAR2(64 BYTE), 
	"USR_NAME" VARCHAR2(64 BYTE), 
	"SEX" CHAR(1 BYTE), 
	"PASS_WORD" VARCHAR2(64 BYTE), 
	"BIRTH_DATE" VARCHAR2(14 BYTE), 
	"MBL_NO" NUMBER(11,0), 
	"EMAIL" VARCHAR2(64 BYTE), 
	"OPER_USR" NUMBER(16,0), 
	"USR_STA" CHAR(1 BYTE), 
	"TM_SMP" VARCHAR2(14 BYTE), 
	"ORG_NO" NUMBER(10,0), 
	"ORG_TYPE" VARCHAR2(2 BYTE), 
	"LICENCE_CODE" VARCHAR2(128 BYTE), 
	"CERT_ID" VARCHAR2(40 BYTE), 
	"SESSION_ID" VARCHAR2(150 BYTE), 
	"LAST_ACTIVE_TIME" VARCHAR2(80 BYTE), 
	"STR_REMARK" VARCHAR2(512 BYTE)
   ) SEGMENT CREATION IMMEDIATE 
  PCTFREE 10 PCTUSED 40 INITRANS 1 MAXTRANS 255 NOCOMPRESS LOGGING
  STORAGE(INITIAL 65536 NEXT 1048576 MINEXTENTS 1 MAXEXTENTS 2147483645
  PCTINCREASE 0 FREELISTS 1 FREELIST GROUPS 1 BUFFER_POOL DEFAULT FLASH_CACHE DEFAULT CELL_FLASH_CACHE DEFAULT)
  TABLESPACE "VOTE_USER" ;
 

   COMMENT ON COLUMN "VOTE"."USR_INFO"."USR_ID" IS '用户ID';
 
   COMMENT ON COLUMN "VOTE"."USR_INFO"."USR_NO" IS '用户代码';
 
   COMMENT ON COLUMN "VOTE"."USR_INFO"."USR_NAME" IS '用户姓名';
 
   COMMENT ON COLUMN "VOTE"."USR_INFO"."SEX" IS '性别';
 
   COMMENT ON COLUMN "VOTE"."USR_INFO"."PASS_WORD" IS '登录密码';
 
   COMMENT ON COLUMN "VOTE"."USR_INFO"."BIRTH_DATE" IS '出生日期';
 
   COMMENT ON COLUMN "VOTE"."USR_INFO"."MBL_NO" IS '手机号码';
 
   COMMENT ON COLUMN "VOTE"."USR_INFO"."EMAIL" IS '电子邮件';
 
   COMMENT ON COLUMN "VOTE"."USR_INFO"."OPER_USR" IS '创建人';
 
   COMMENT ON COLUMN "VOTE"."USR_INFO"."USR_STA" IS '0：正常、1：禁用、2：注销';
 
   COMMENT ON COLUMN "VOTE"."USR_INFO"."TM_SMP" IS '创建日期';
 
   COMMENT ON COLUMN "VOTE"."USR_INFO"."ORG_NO" IS '机构ID';
 
   COMMENT ON COLUMN "VOTE"."USR_INFO"."ORG_TYPE" IS '01：市局
02：区(市/县)
03：街道
04：鉴定中心
05：鉴定机构';
 
   COMMENT ON COLUMN "VOTE"."USR_INFO"."LICENCE_CODE" IS '证书编号';
 
   COMMENT ON COLUMN "VOTE"."USR_INFO"."CERT_ID" IS '身份证号';
 
   COMMENT ON COLUMN "VOTE"."USR_INFO"."STR_REMARK" IS '备注';
 
   COMMENT ON TABLE "VOTE"."USR_INFO"  IS '用户信息';
--------------------------------------------------------
--  DDL for Table USR_MENU
--------------------------------------------------------

  CREATE TABLE "VOTE"."USR_MENU" 
   (	"USR_ID" NUMBER(16,0), 
	"MENU_ID" NUMBER(16,0), 
	"TM_SMP" VARCHAR2(14 BYTE)
   ) SEGMENT CREATION DEFERRED 
  PCTFREE 10 PCTUSED 40 INITRANS 1 MAXTRANS 255 NOCOMPRESS LOGGING
  TABLESPACE "VOTE_USER" ;
 

   COMMENT ON COLUMN "VOTE"."USR_MENU"."USR_ID" IS '用户ID';
 
   COMMENT ON COLUMN "VOTE"."USR_MENU"."MENU_ID" IS '菜单ID';
 
   COMMENT ON COLUMN "VOTE"."USR_MENU"."TM_SMP" IS '创建时间';
 
   COMMENT ON TABLE "VOTE"."USR_MENU"  IS '用户菜单表';
--------------------------------------------------------
--  DDL for Table USR_ROLE
--------------------------------------------------------

  CREATE TABLE "VOTE"."USR_ROLE" 
   (	"USR_ID" NUMBER(16,0), 
	"ROLE_ID" NUMBER(16,0), 
	"TM_SMP" VARCHAR2(14 BYTE)
   ) SEGMENT CREATION IMMEDIATE 
  PCTFREE 10 PCTUSED 40 INITRANS 1 MAXTRANS 255 NOCOMPRESS LOGGING
  STORAGE(INITIAL 65536 NEXT 1048576 MINEXTENTS 1 MAXEXTENTS 2147483645
  PCTINCREASE 0 FREELISTS 1 FREELIST GROUPS 1 BUFFER_POOL DEFAULT FLASH_CACHE DEFAULT CELL_FLASH_CACHE DEFAULT)
  TABLESPACE "VOTE_USER" ;
 

   COMMENT ON COLUMN "VOTE"."USR_ROLE"."USR_ID" IS '用户ID';
 
   COMMENT ON COLUMN "VOTE"."USR_ROLE"."ROLE_ID" IS '角色ID';
 
   COMMENT ON COLUMN "VOTE"."USR_ROLE"."TM_SMP" IS '创建时间';
 
   COMMENT ON TABLE "VOTE"."USR_ROLE"  IS '用户角色表';
--------------------------------------------------------
--  DDL for Table VOTE_APPLY_INFO
--------------------------------------------------------

  CREATE TABLE "VOTE"."VOTE_APPLY_INFO" 
   (	"APPLY_ID" NUMBER, 
	"INFO_ID" NUMBER, 
	"REGISTE_DATE" VARCHAR2(10 BYTE), 
	"REGISTE_TIME" VARCHAR2(10 BYTE), 
	"OWNER_NAME" VARCHAR2(80 BYTE), 
	"CERT_CODE" VARCHAR2(80 BYTE), 
	"LINK_PHONE" VARCHAR2(80 BYTE), 
	"USER_ID" VARCHAR2(80 BYTE), 
	"USER_PWD" VARCHAR2(80 BYTE), 
	"PROP_CODE" VARCHAR2(80 BYTE), 
	"APPLY_STATUS" VARCHAR2(10 BYTE)
   ) SEGMENT CREATION DEFERRED 
  PCTFREE 10 PCTUSED 40 INITRANS 1 MAXTRANS 255 NOCOMPRESS LOGGING
  TABLESPACE "VOTE_USER" ;
 

   COMMENT ON TABLE "VOTE"."VOTE_APPLY_INFO"  IS '业主注册申请表';
--------------------------------------------------------
--  DDL for Table VOTE_FILE_SIGN
--------------------------------------------------------

  CREATE TABLE "VOTE"."VOTE_FILE_SIGN" 
   (	"SIGN_ID" NUMBER(16,0), 
	"RESULT_ID" NUMBER, 
	"FILE_TYPE_ID" NUMBER(16,0), 
	"IS_SIGN" VARCHAR2(10 BYTE)
   ) SEGMENT CREATION DEFERRED 
  PCTFREE 10 PCTUSED 40 INITRANS 1 MAXTRANS 255 NOCOMPRESS LOGGING
  TABLESPACE "VOTE_USER" ;
--------------------------------------------------------
--  DDL for Table VOTE_HOUSE_INFO
--------------------------------------------------------

  CREATE TABLE "VOTE"."VOTE_HOUSE_INFO" 
   (	"INFO_ID" NUMBER, 
	"INFO_ADDR" VARCHAR2(125 BYTE), 
	"INFO_AREA" NUMBER(16,2), 
	"OWNER_NAME" VARCHAR2(80 BYTE), 
	"LINK_PHONE" VARCHAR2(20 BYTE), 
	"CERT_CODE" VARCHAR2(80 BYTE), 
	"PROP_CODE" VARCHAR2(80 BYTE), 
	"DIST_NAME" VARCHAR2(80 BYTE), 
	"SECT_ID" NUMBER, 
	"SECT_NAME" VARCHAR2(125 BYTE), 
	"BUILD_CODE" VARCHAR2(80 BYTE), 
	"UNIT_CODE" VARCHAR2(80 BYTE), 
	"FLOOR_CODE" VARCHAR2(80 BYTE), 
	"ROOM_CODE" VARCHAR2(80 BYTE), 
	"HOUSE_ID" VARCHAR2(80 BYTE), 
	"CREATE_DATE" VARCHAR2(10 BYTE), 
	"CREATE_TIME" VARCHAR2(10 BYTE), 
	"CREATE_WAYS" VARCHAR2(10 BYTE), 
	"INFO_STATUS" VARCHAR2(10 BYTE), 
	"INFO_REMARK" VARCHAR2(512 BYTE)
   ) SEGMENT CREATION DEFERRED 
  PCTFREE 10 PCTUSED 40 INITRANS 1 MAXTRANS 255 NOCOMPRESS LOGGING
  TABLESPACE "VOTE_USER" ;
 

   COMMENT ON TABLE "VOTE"."VOTE_HOUSE_INFO"  IS '房屋基本信息表';
--------------------------------------------------------
--  DDL for Table VOTE_OWNER_HISTORY
--------------------------------------------------------

  CREATE TABLE "VOTE"."VOTE_OWNER_HISTORY" 
   (	"RECORD_ID" VARCHAR2(80 BYTE), 
	"INFO_ID" NUMBER, 
	"INFO_ADDR" VARCHAR2(125 BYTE), 
	"OWNER_NAME" VARCHAR2(80 BYTE), 
	"LINK_PHONE" VARCHAR2(20 BYTE), 
	"CERT_CODE" VARCHAR2(80 BYTE), 
	"PORP_CODE" VARCHAR2(80 BYTE)
   ) SEGMENT CREATION DEFERRED 
  PCTFREE 10 PCTUSED 40 INITRANS 1 MAXTRANS 255 NOCOMPRESS LOGGING
  TABLESPACE "VOTE_USER" ;
 

   COMMENT ON TABLE "VOTE"."VOTE_OWNER_HISTORY"  IS '房屋业主历史记录表';
--------------------------------------------------------
--  DDL for Table VOTE_RESULT_INFO
--------------------------------------------------------

  CREATE TABLE "VOTE"."VOTE_RESULT_INFO" 
   (	"RESULT_ID" NUMBER, 
	"TOPIC_ID" NUMBER, 
	"INFO_ID" NUMBER, 
	"VOTE_DATE" VARCHAR2(10 BYTE), 
	"VOTE_TIME" VARCHAR2(10 BYTE), 
	"VOTE_WAYS" VARCHAR2(10 BYTE), 
	"VOTE_RESULT" VARCHAR2(10 BYTE), 
	"USER_ID" VARCHAR2(80 BYTE), 
	"USER_NAME" VARCHAR2(80 BYTE), 
	"CREATE_DATE" VARCHAR2(10 BYTE), 
	"CREATE_TIME" VARCHAR2(10 BYTE)
   ) SEGMENT CREATION DEFERRED 
  PCTFREE 10 PCTUSED 40 INITRANS 1 MAXTRANS 255 NOCOMPRESS LOGGING
  TABLESPACE "VOTE_USER" ;
 

   COMMENT ON TABLE "VOTE"."VOTE_RESULT_INFO"  IS '表决结果信息表';
--------------------------------------------------------
--  DDL for Table VOTE_RESULT_SUM
--------------------------------------------------------

  CREATE TABLE "VOTE"."VOTE_RESULT_SUM" 
   (	"TOPIC_ID" NUMBER, 
	"SUM_COUNT" NUMBER(10,0), 
	"SUM_AREA" NUMBER(16,2), 
	"AGREE_HOU" NUMBER(10,0), 
	"AGREE_HOU_RATE" NUMBER(16,2), 
	"AGREE_AREA" NUMBER(16,2), 
	"AGREE_AREA_RATE" NUMBER(16,2), 
	"UNAGREE_HOU" NUMBER(10,0), 
	"UNAGREE_HOU_RATE" NUMBER(16,2), 
	"UNAGREE_AREA" NUMBER(16,2), 
	"UNAGREE_AREA_RATE" NUMBER(16,2), 
	"QUIT_HOU" NUMBER(10,0), 
	"QUIT_HOU_RATE" NUMBER(16,2), 
	"QUIT_AREA" NUMBER(16,2), 
	"QUIT_AREA_RATE" NUMBER(16,2), 
	"NONVOTE_HOU" NUMBER(10,0), 
	"NONVOTE_HOU_RATE" NUMBER(16,2), 
	"NONVOTE_AREA" NUMBER(16,2), 
	"NONVOTE_AREA_RATE" NUMBER(16,2), 
	"REMARK" VARCHAR2(512 BYTE)
   ) SEGMENT CREATION DEFERRED 
  PCTFREE 10 PCTUSED 40 INITRANS 1 MAXTRANS 255 NOCOMPRESS LOGGING
  TABLESPACE "VOTE_USER" ;
 

   COMMENT ON TABLE "VOTE"."VOTE_RESULT_SUM"  IS '表决结果汇总表';
--------------------------------------------------------
--  DDL for Table VOTE_SCOPE_INFO
--------------------------------------------------------

  CREATE TABLE "VOTE"."VOTE_SCOPE_INFO" 
   (	"TOPIC_ID" NUMBER, 
	"INFO_ID" NUMBER, 
	"INFO_AREA" NUMBER(16,2), 
	"LAST_MODIFY_TIME" VARCHAR2(10 BYTE)
   ) SEGMENT CREATION DEFERRED 
  PCTFREE 10 PCTUSED 40 INITRANS 1 MAXTRANS 255 NOCOMPRESS LOGGING
  TABLESPACE "VOTE_USER" ;
 

   COMMENT ON TABLE "VOTE"."VOTE_SCOPE_INFO"  IS '表决范围信息表';
--------------------------------------------------------
--  DDL for Table VOTE_SECT_INFO
--------------------------------------------------------

  CREATE TABLE "VOTE"."VOTE_SECT_INFO" 
   (	"SECT_ID" NUMBER, 
	"SECT_NAME" VARCHAR2(80 BYTE), 
	"DIST_NAME" VARCHAR2(80 BYTE), 
	"SECT_ADDR" VARCHAR2(125 BYTE), 
	"HOU_COUNT" NUMBER(10,0), 
	"BUILD_COUNT" NUMBER(10,0), 
	"INFO_AREA" NUMBER(16,2), 
	"CREATE_DATE" VARCHAR2(10 BYTE), 
	"CREATE_TIME" VARCHAR2(10 BYTE), 
	"REMARK" VARCHAR2(512 BYTE)
   ) SEGMENT CREATION DEFERRED 
  PCTFREE 10 PCTUSED 40 INITRANS 1 MAXTRANS 255 NOCOMPRESS LOGGING
  TABLESPACE "VOTE_USER" ;
 

   COMMENT ON TABLE "VOTE"."VOTE_SECT_INFO"  IS '小区基本信息表';
--------------------------------------------------------
--  DDL for Table VOTE_TOPIC_INFO
--------------------------------------------------------

  CREATE TABLE "VOTE"."VOTE_TOPIC_INFO" 
   (	"TOPIC_ID" NUMBER, 
	"TOPIC_NAME" VARCHAR2(125 BYTE), 
	"TOPIC_CONTENT" VARCHAR2(512 BYTE), 
	"SUM_HS" NUMBER, 
	"SUM_AREA" NUMBER(16,2), 
	"VOTE_START_DATE" VARCHAR2(10 BYTE), 
	"VOTE_END_DATE" VARCHAR2(10 BYTE), 
	"VOTE_STATUS" VARCHAR2(10 BYTE), 
	"REMARK" VARCHAR2(512 BYTE), 
	"APPLY_NAME" VARCHAR2(80 BYTE), 
	"LINK_PHONE" VARCHAR2(80 BYTE), 
	"USER_ID" VARCHAR2(80 BYTE), 
	"ORG_ID" VARCHAR2(80 BYTE), 
	"ORG_NAME" VARCHAR2(80 BYTE), 
	"CREATE_DATE" VARCHAR2(10 BYTE), 
	"CREATE_TIME" VARCHAR2(10 BYTE), 
	"LINK_FLAG" VARCHAR2(10 BYTE), 
	"WS_ID" NUMBER, 
	"SECT_ID" NUMBER, 
	"EFFECTIVE_STATUS" VARCHAR2(2 BYTE)
   ) SEGMENT CREATION DEFERRED 
  PCTFREE 10 PCTUSED 40 INITRANS 1 MAXTRANS 255 NOCOMPRESS LOGGING
  TABLESPACE "VOTE_USER" ;
 

   COMMENT ON TABLE "VOTE"."VOTE_TOPIC_INFO"  IS '表决主题信息表';
--------------------------------------------------------
--  DDL for Table VOTE_WORKSPACE
--------------------------------------------------------

  CREATE TABLE "VOTE"."VOTE_WORKSPACE" 
   (	"WS_ID" NUMBER, 
	"SECT_ID" NUMBER, 
	"WS_NAME" VARCHAR2(125 BYTE), 
	"TOTAL_AMT" NUMBER(16,2), 
	"REPAIR_CONTENT" VARCHAR2(512 BYTE), 
	"REPAIR_REASON" VARCHAR2(512 BYTE), 
	"OLD_WS_ID" VARCHAR2(80 BYTE), 
	"HOU_COUNT" NUMBER, 
	"SUM_AREA" NUMBER(16,2), 
	"WS_STAGE" VARCHAR2(20 BYTE), 
	"CREATE_DATE" VARCHAR2(10 BYTE), 
	"CREATE_TIME" VARCHAR2(10 BYTE), 
	"REMARK" VARCHAR2(512 BYTE)
   ) SEGMENT CREATION DEFERRED 
  PCTFREE 10 PCTUSED 40 INITRANS 1 MAXTRANS 255 NOCOMPRESS LOGGING
  TABLESPACE "VOTE_USER" ;
 

   COMMENT ON TABLE "VOTE"."VOTE_WORKSPACE"  IS '维修工程信息表';
--------------------------------------------------------
--  DDL for Table WY_AGENT
--------------------------------------------------------

  CREATE TABLE "VOTE"."WY_AGENT" 
   (	"AGEID" NUMBER(16,0), 
	"AGEMC" VARCHAR2(80 BYTE), 
	"AGEDM" VARCHAR2(40 BYTE), 
	"AGELX" VARCHAR2(4 BYTE), 
	"FRDB" VARCHAR2(36 BYTE), 
	"FRSJ" VARCHAR2(11 BYTE), 
	"LXR" VARCHAR2(40 BYTE), 
	"LXDH" VARCHAR2(11 BYTE), 
	"QYDZ" VARCHAR2(512 BYTE), 
	"YYZZBH" VARCHAR2(40 BYTE), 
	"ZJYXQ" VARCHAR2(10 BYTE), 
	"ZZDJ" VARCHAR2(4 BYTE), 
	"ZZBH" VARCHAR2(40 BYTE), 
	"YZBM" VARCHAR2(6 BYTE), 
	"QYYX" VARCHAR2(40 BYTE), 
	"BZ" VARCHAR2(2000 BYTE)
   ) SEGMENT CREATION DEFERRED 
  PCTFREE 10 PCTUSED 40 INITRANS 1 MAXTRANS 255 NOCOMPRESS LOGGING
  TABLESPACE "VOTE_USER" ;
 

   COMMENT ON COLUMN "VOTE"."WY_AGENT"."AGEID" IS '第三方机构ID';
 
   COMMENT ON COLUMN "VOTE"."WY_AGENT"."AGEMC" IS '第三方机构名称';
 
   COMMENT ON COLUMN "VOTE"."WY_AGENT"."AGEDM" IS '第三方机构代码';
 
   COMMENT ON COLUMN "VOTE"."WY_AGENT"."AGELX" IS '第三方机构类型';
 
   COMMENT ON COLUMN "VOTE"."WY_AGENT"."FRDB" IS '法定代表人';
 
   COMMENT ON COLUMN "VOTE"."WY_AGENT"."FRSJ" IS '法定代表人手机';
 
   COMMENT ON COLUMN "VOTE"."WY_AGENT"."LXR" IS '联系人';
 
   COMMENT ON COLUMN "VOTE"."WY_AGENT"."LXDH" IS '联系电话';
 
   COMMENT ON COLUMN "VOTE"."WY_AGENT"."QYDZ" IS '企业地址';
 
   COMMENT ON COLUMN "VOTE"."WY_AGENT"."YYZZBH" IS '营业执照编号';
 
   COMMENT ON COLUMN "VOTE"."WY_AGENT"."ZJYXQ" IS '营业执照有效期';
 
   COMMENT ON COLUMN "VOTE"."WY_AGENT"."ZZDJ" IS '资质等级';
 
   COMMENT ON COLUMN "VOTE"."WY_AGENT"."ZZBH" IS '资质编号';
 
   COMMENT ON COLUMN "VOTE"."WY_AGENT"."YZBM" IS '邮政编码';
 
   COMMENT ON COLUMN "VOTE"."WY_AGENT"."QYYX" IS 'Email邮箱';
 
   COMMENT ON COLUMN "VOTE"."WY_AGENT"."BZ" IS '备注';
 
   COMMENT ON TABLE "VOTE"."WY_AGENT"  IS '第三方机构信息表';
--------------------------------------------------------
--  DDL for Table WY_GLC
--------------------------------------------------------

  CREATE TABLE "VOTE"."WY_GLC" 
   (	"GLCID" VARCHAR2(36 BYTE), 
	"GSRYID" VARCHAR2(36 BYTE), 
	"WYGSID" NUMBER(16,0), 
	"STATUS" VARCHAR2(4 BYTE), 
	"GLCMC" VARCHAR2(512 BYTE), 
	"GLCDZ" VARCHAR2(512 BYTE), 
	"GLCLXR" VARCHAR2(40 BYTE), 
	"GLCLXDH" VARCHAR2(11 BYTE), 
	"ZBDH" VARCHAR2(11 BYTE), 
	"BXDH" VARCHAR2(100 BYTE), 
	"BZ" VARCHAR2(512 BYTE)
   ) SEGMENT CREATION DEFERRED 
  PCTFREE 10 PCTUSED 40 INITRANS 1 MAXTRANS 255 NOCOMPRESS LOGGING
  TABLESPACE "VOTE_USER" ;
 

   COMMENT ON COLUMN "VOTE"."WY_GLC"."GLCID" IS '项目管理处ID';
 
   COMMENT ON COLUMN "VOTE"."WY_GLC"."GSRYID" IS '项目经理ID';
 
   COMMENT ON COLUMN "VOTE"."WY_GLC"."WYGSID" IS '物业公司ID';
 
   COMMENT ON COLUMN "VOTE"."WY_GLC"."STATUS" IS '数据状态';
 
   COMMENT ON COLUMN "VOTE"."WY_GLC"."GLCMC" IS '项目管理处名称';
 
   COMMENT ON COLUMN "VOTE"."WY_GLC"."GLCDZ" IS '项目管理处地址';
 
   COMMENT ON COLUMN "VOTE"."WY_GLC"."GLCLXR" IS '项目管理处联系人';
 
   COMMENT ON COLUMN "VOTE"."WY_GLC"."GLCLXDH" IS '项目管理处联系电话';
 
   COMMENT ON COLUMN "VOTE"."WY_GLC"."ZBDH" IS '值班电话';
 
   COMMENT ON COLUMN "VOTE"."WY_GLC"."BXDH" IS '报修电话';
 
   COMMENT ON COLUMN "VOTE"."WY_GLC"."BZ" IS '备注';
 
   COMMENT ON TABLE "VOTE"."WY_GLC"  IS '项目管理处DistrictManagement';
--------------------------------------------------------
--  DDL for Table WY_HOC_STAFF
--------------------------------------------------------

  CREATE TABLE "VOTE"."WY_HOC_STAFF" 
   (	"YWHRYID" VARCHAR2(36 BYTE), 
	"YWHID" VARCHAR2(36 BYTE), 
	"RYLX" CHAR(2 BYTE), 
	"STATUS" CHAR(2 BYTE), 
	"RYXM" VARCHAR2(80 BYTE), 
	"RYXB" CHAR(1 BYTE), 
	"CSRQ" VARCHAR2(10 BYTE), 
	"ZJLX" VARCHAR2(2 BYTE), 
	"ZJHM" VARCHAR2(80 BYTE), 
	"WHCD" VARCHAR2(2 BYTE), 
	"RYYX" VARCHAR2(80 BYTE), 
	"LXDH" VARCHAR2(80 BYTE), 
	"RZRQ" VARCHAR2(10 BYTE), 
	"BZ" VARCHAR2(512 BYTE)
   ) SEGMENT CREATION DEFERRED 
  PCTFREE 10 PCTUSED 40 INITRANS 1 MAXTRANS 255 NOCOMPRESS LOGGING
  TABLESPACE "VOTE_USER" ;
 

   COMMENT ON COLUMN "VOTE"."WY_HOC_STAFF"."YWHRYID" IS '人员ID';
 
   COMMENT ON COLUMN "VOTE"."WY_HOC_STAFF"."YWHID" IS '业委会信息ID';
 
   COMMENT ON COLUMN "VOTE"."WY_HOC_STAFF"."RYLX" IS '人员类型';
 
   COMMENT ON COLUMN "VOTE"."WY_HOC_STAFF"."STATUS" IS '数据状态';
 
   COMMENT ON COLUMN "VOTE"."WY_HOC_STAFF"."RYXM" IS '姓名';
 
   COMMENT ON COLUMN "VOTE"."WY_HOC_STAFF"."RYXB" IS '性别';
 
   COMMENT ON COLUMN "VOTE"."WY_HOC_STAFF"."CSRQ" IS '出生日期';
 
   COMMENT ON COLUMN "VOTE"."WY_HOC_STAFF"."ZJLX" IS '证件类型';
 
   COMMENT ON COLUMN "VOTE"."WY_HOC_STAFF"."ZJHM" IS '证件号码';
 
   COMMENT ON COLUMN "VOTE"."WY_HOC_STAFF"."WHCD" IS '文化程度';
 
   COMMENT ON COLUMN "VOTE"."WY_HOC_STAFF"."RYYX" IS '邮箱Email';
 
   COMMENT ON COLUMN "VOTE"."WY_HOC_STAFF"."LXDH" IS '联系电话';
 
   COMMENT ON COLUMN "VOTE"."WY_HOC_STAFF"."RZRQ" IS '上任日期';
 
   COMMENT ON COLUMN "VOTE"."WY_HOC_STAFF"."BZ" IS '备注';
 
   COMMENT ON TABLE "VOTE"."WY_HOC_STAFF"  IS '业委会人员信息表';
--------------------------------------------------------
--  DDL for Table WY_HPB
--------------------------------------------------------

  CREATE TABLE "VOTE"."WY_HPB" 
   (	"HPBID" VARCHAR2(36 BYTE), 
	"HPBBM" VARCHAR2(80 BYTE), 
	"HPBMC" VARCHAR2(80 BYTE), 
	"HPBLX" VARCHAR2(10 BYTE), 
	"SJID" NUMBER(36,0), 
	"CJRQ" VARCHAR2(10 BYTE), 
	"BZ" VARCHAR2(512 BYTE)
   ) SEGMENT CREATION DEFERRED 
  PCTFREE 10 PCTUSED 40 INITRANS 1 MAXTRANS 255 NOCOMPRESS LOGGING
  TABLESPACE "VOTE_USER" ;
 

   COMMENT ON COLUMN "VOTE"."WY_HPB"."HPBID" IS '区ID';
 
   COMMENT ON COLUMN "VOTE"."WY_HPB"."HPBBM" IS '区编码';
 
   COMMENT ON COLUMN "VOTE"."WY_HPB"."HPBMC" IS '区名称';
 
   COMMENT ON COLUMN "VOTE"."WY_HPB"."HPBLX" IS '区县级别';
 
   COMMENT ON COLUMN "VOTE"."WY_HPB"."SJID" IS '上级ID';
 
   COMMENT ON COLUMN "VOTE"."WY_HPB"."CJRQ" IS '创建日期';
 
   COMMENT ON COLUMN "VOTE"."WY_HPB"."BZ" IS '备注';
 
   COMMENT ON TABLE "VOTE"."WY_HPB"  IS '区信息表';
--------------------------------------------------------
--  DDL for Table WY_JD
--------------------------------------------------------

  CREATE TABLE "VOTE"."WY_JD" 
   (	"JDID" VARCHAR2(36 BYTE), 
	"JDBM" VARCHAR2(80 BYTE), 
	"JDMC" VARCHAR2(80 BYTE), 
	"HPBID" VARCHAR2(36 BYTE), 
	"HPBMC" VARCHAR2(80 BYTE), 
	"CJRQ" VARCHAR2(10 BYTE), 
	"BZ" VARCHAR2(512 BYTE)
   ) SEGMENT CREATION DEFERRED 
  PCTFREE 10 PCTUSED 40 INITRANS 1 MAXTRANS 255 NOCOMPRESS LOGGING
  TABLESPACE "VOTE_USER" ;
 

   COMMENT ON COLUMN "VOTE"."WY_JD"."JDID" IS '街道ID';
 
   COMMENT ON COLUMN "VOTE"."WY_JD"."JDBM" IS '街道编码';
 
   COMMENT ON COLUMN "VOTE"."WY_JD"."JDMC" IS '街道名称';
 
   COMMENT ON COLUMN "VOTE"."WY_JD"."HPBID" IS '区ID';
 
   COMMENT ON COLUMN "VOTE"."WY_JD"."HPBMC" IS '区名称';
 
   COMMENT ON COLUMN "VOTE"."WY_JD"."CJRQ" IS '创建日期';
 
   COMMENT ON COLUMN "VOTE"."WY_JD"."BZ" IS '备注';
 
   COMMENT ON TABLE "VOTE"."WY_JD"  IS '区街道信息表';
--------------------------------------------------------
--  DDL for Table WY_KFS
--------------------------------------------------------

  CREATE TABLE "VOTE"."WY_KFS" 
   (	"KFSID" NUMBER(16,0), 
	"KFSMC" VARCHAR2(80 BYTE), 
	"KFSDZ" VARCHAR2(512 BYTE), 
	"JGDM" VARCHAR2(40 BYTE), 
	"JGDMZYXQ" VARCHAR2(10 BYTE), 
	"YYZZBH" VARCHAR2(40 BYTE), 
	"YYZZYXQ" VARCHAR2(10 BYTE), 
	"FRDB" VARCHAR2(40 BYTE), 
	"FRSJ" VARCHAR2(11 BYTE), 
	"QYLXR" VARCHAR2(40 BYTE), 
	"LXRDH" VARCHAR2(11 BYTE), 
	"JYXZ" VARCHAR2(10 BYTE), 
	"ZZBH" VARCHAR2(40 BYTE), 
	"ZZDJ" VARCHAR2(10 BYTE), 
	"ZZBFRQ" VARCHAR2(10 BYTE), 
	"ZZYXQ" VARCHAR2(10 BYTE), 
	"ZZFZJG" VARCHAR2(512 BYTE), 
	"ZCZB" NUMBER(10,2), 
	"ZCRQ" VARCHAR2(10 BYTE), 
	"ZCDZ" VARCHAR2(80 BYTE), 
	"LOCALFLAG" VARCHAR2(4 BYTE), 
	"ZYFW" VARCHAR2(512 BYTE), 
	"JYFW" VARCHAR2(512 BYTE), 
	"QYGK" VARCHAR2(512 BYTE), 
	"YJJS" VARCHAR2(512 BYTE), 
	"QYCZ" VARCHAR2(40 BYTE), 
	"QYYX" VARCHAR2(40 BYTE), 
	"YZBM" VARCHAR2(6 BYTE), 
	"BZ" VARCHAR2(512 BYTE)
   ) SEGMENT CREATION DEFERRED 
  PCTFREE 10 PCTUSED 40 INITRANS 1 MAXTRANS 255 NOCOMPRESS LOGGING
  TABLESPACE "VOTE_USER" ;
 

   COMMENT ON COLUMN "VOTE"."WY_KFS"."KFSID" IS '开发建设单位ID';
 
   COMMENT ON COLUMN "VOTE"."WY_KFS"."KFSMC" IS '开发建设单位名称';
 
   COMMENT ON COLUMN "VOTE"."WY_KFS"."KFSDZ" IS '开发建设单位地址';
 
   COMMENT ON COLUMN "VOTE"."WY_KFS"."JGDM" IS '组织机构代码';
 
   COMMENT ON COLUMN "VOTE"."WY_KFS"."JGDMZYXQ" IS '组织机构代码有效期';
 
   COMMENT ON COLUMN "VOTE"."WY_KFS"."YYZZBH" IS '营业执照编号';
 
   COMMENT ON COLUMN "VOTE"."WY_KFS"."YYZZYXQ" IS '营业执照有效期';
 
   COMMENT ON COLUMN "VOTE"."WY_KFS"."FRDB" IS '法定代表人';
 
   COMMENT ON COLUMN "VOTE"."WY_KFS"."FRSJ" IS '法定代表人手机';
 
   COMMENT ON COLUMN "VOTE"."WY_KFS"."QYLXR" IS '企业联系人';
 
   COMMENT ON COLUMN "VOTE"."WY_KFS"."LXRDH" IS '企业联系人手机';
 
   COMMENT ON COLUMN "VOTE"."WY_KFS"."JYXZ" IS '企业经营性质';
 
   COMMENT ON COLUMN "VOTE"."WY_KFS"."ZZBH" IS '资质证书编号';
 
   COMMENT ON COLUMN "VOTE"."WY_KFS"."ZZDJ" IS '资质等级';
 
   COMMENT ON COLUMN "VOTE"."WY_KFS"."ZZBFRQ" IS '资质证书颁发日期';
 
   COMMENT ON COLUMN "VOTE"."WY_KFS"."ZZYXQ" IS '资质证书有效期';
 
   COMMENT ON COLUMN "VOTE"."WY_KFS"."ZZFZJG" IS '资质证书发证机关';
 
   COMMENT ON COLUMN "VOTE"."WY_KFS"."ZCZB" IS '注册资本';
 
   COMMENT ON COLUMN "VOTE"."WY_KFS"."ZCRQ" IS '注册日期';
 
   COMMENT ON COLUMN "VOTE"."WY_KFS"."ZCDZ" IS '注册所在地';
 
   COMMENT ON COLUMN "VOTE"."WY_KFS"."LOCALFLAG" IS '是否属于本市';
 
   COMMENT ON COLUMN "VOTE"."WY_KFS"."ZYFW" IS '主营业范围';
 
   COMMENT ON COLUMN "VOTE"."WY_KFS"."JYFW" IS '其他营业范围';
 
   COMMENT ON COLUMN "VOTE"."WY_KFS"."QYGK" IS '企业概况';
 
   COMMENT ON COLUMN "VOTE"."WY_KFS"."YJJS" IS '业绩介绍';
 
   COMMENT ON COLUMN "VOTE"."WY_KFS"."QYCZ" IS '企业传真';
 
   COMMENT ON COLUMN "VOTE"."WY_KFS"."QYYX" IS 'Email邮箱';
 
   COMMENT ON COLUMN "VOTE"."WY_KFS"."YZBM" IS '邮政编码';
 
   COMMENT ON COLUMN "VOTE"."WY_KFS"."BZ" IS '备注';
 
   COMMENT ON TABLE "VOTE"."WY_KFS"  IS '开发建设单位信息表';
--------------------------------------------------------
--  DDL for Table WY_SECT
--------------------------------------------------------

  CREATE TABLE "VOTE"."WY_SECT" 
   (	"XMID" NUMBER(16,0), 
	"SJZT" VARCHAR2(8 BYTE), 
	"XMBM" VARCHAR2(80 BYTE), 
	"CJSJ" VARCHAR2(10 BYTE), 
	"XMMC" VARCHAR2(152 BYTE), 
	"XMDZ" VARCHAR2(152 BYTE), 
	"HPBID" VARCHAR2(36 BYTE), 
	"HPBMC" VARCHAR2(80 BYTE), 
	"JDID" VARCHAR2(36 BYTE), 
	"JDMC" VARCHAR2(80 BYTE), 
	"SQID" VARCHAR2(36 BYTE), 
	"SQMC" VARCHAR2(80 BYTE), 
	"SZDZ" VARCHAR2(80 BYTE), 
	"SZXZ" VARCHAR2(80 BYTE), 
	"SZNZ" VARCHAR2(80 BYTE), 
	"SZBZ" VARCHAR2(80 BYTE), 
	"WYLX1" VARCHAR2(10 BYTE), 
	"WYLX2" VARCHAR2(10 BYTE), 
	"JZMJ" NUMBER(16,2), 
	"ZDMJ" NUMBER(16,2), 
	"ZDS" NUMBER(10,0), 
	"ZHS" NUMBER(10,0), 
	"JGRQ" VARCHAR2(10 BYTE), 
	"WYGSID" NUMBER(16,0), 
	"WYGSMC" VARCHAR2(80 BYTE), 
	"GLCID" NUMBER(16,0), 
	"GLCMC" VARCHAR2(80 BYTE), 
	"GSRYID" NUMBER(16,0), 
	"XMJLXM" VARCHAR2(80 BYTE), 
	"YWHFLAG" VARCHAR2(4 BYTE), 
	"YWHID" NUMBER(16,0), 
	"YWHMC" VARCHAR2(80 BYTE), 
	"XMMS" VARCHAR2(512 BYTE), 
	"OLDXMID" VARCHAR2(80 BYTE)
   ) SEGMENT CREATION DEFERRED 
  PCTFREE 10 PCTUSED 40 INITRANS 1 MAXTRANS 255 NOCOMPRESS LOGGING
  TABLESPACE "VOTE_USER" ;
 

   COMMENT ON COLUMN "VOTE"."WY_SECT"."XMID" IS '项目ID';
 
   COMMENT ON COLUMN "VOTE"."WY_SECT"."SJZT" IS '数据状态';
 
   COMMENT ON COLUMN "VOTE"."WY_SECT"."XMBM" IS '项目编码';
 
   COMMENT ON COLUMN "VOTE"."WY_SECT"."CJSJ" IS '创建时间';
 
   COMMENT ON COLUMN "VOTE"."WY_SECT"."XMMC" IS '项目名称';
 
   COMMENT ON COLUMN "VOTE"."WY_SECT"."XMDZ" IS '项目地址';
 
   COMMENT ON COLUMN "VOTE"."WY_SECT"."HPBID" IS '区ID';
 
   COMMENT ON COLUMN "VOTE"."WY_SECT"."HPBMC" IS '区名称';
 
   COMMENT ON COLUMN "VOTE"."WY_SECT"."JDID" IS '街道ID';
 
   COMMENT ON COLUMN "VOTE"."WY_SECT"."JDMC" IS '街道名称';
 
   COMMENT ON COLUMN "VOTE"."WY_SECT"."SQID" IS '社区ID';
 
   COMMENT ON COLUMN "VOTE"."WY_SECT"."SQMC" IS '社区名称';
 
   COMMENT ON COLUMN "VOTE"."WY_SECT"."SZDZ" IS '四至范围-东至';
 
   COMMENT ON COLUMN "VOTE"."WY_SECT"."SZXZ" IS '四至范围-西至';
 
   COMMENT ON COLUMN "VOTE"."WY_SECT"."SZNZ" IS '四至范围-南至';
 
   COMMENT ON COLUMN "VOTE"."WY_SECT"."SZBZ" IS '四至范围-北至';
 
   COMMENT ON COLUMN "VOTE"."WY_SECT"."WYLX1" IS '物业类型1';
 
   COMMENT ON COLUMN "VOTE"."WY_SECT"."WYLX2" IS '物业类型2';
 
   COMMENT ON COLUMN "VOTE"."WY_SECT"."JZMJ" IS '建筑面积';
 
   COMMENT ON COLUMN "VOTE"."WY_SECT"."ZDMJ" IS '占地面积';
 
   COMMENT ON COLUMN "VOTE"."WY_SECT"."ZDS" IS '总栋数';
 
   COMMENT ON COLUMN "VOTE"."WY_SECT"."ZHS" IS '总户数';
 
   COMMENT ON COLUMN "VOTE"."WY_SECT"."JGRQ" IS '竣工日期';
 
   COMMENT ON COLUMN "VOTE"."WY_SECT"."WYGSID" IS '物业公司ID';
 
   COMMENT ON COLUMN "VOTE"."WY_SECT"."WYGSMC" IS '物业公司名称';
 
   COMMENT ON COLUMN "VOTE"."WY_SECT"."GLCID" IS '小区管理处ID';
 
   COMMENT ON COLUMN "VOTE"."WY_SECT"."GLCMC" IS '小区管理处名称';
 
   COMMENT ON COLUMN "VOTE"."WY_SECT"."GSRYID" IS '项目经理ID';
 
   COMMENT ON COLUMN "VOTE"."WY_SECT"."XMJLXM" IS '项目经理姓名';
 
   COMMENT ON COLUMN "VOTE"."WY_SECT"."YWHFLAG" IS '是否成立业委会';
 
   COMMENT ON COLUMN "VOTE"."WY_SECT"."YWHID" IS '业委会ID';
 
   COMMENT ON COLUMN "VOTE"."WY_SECT"."YWHMC" IS '业委会名称';
 
   COMMENT ON COLUMN "VOTE"."WY_SECT"."XMMS" IS '项目描述';
 
   COMMENT ON COLUMN "VOTE"."WY_SECT"."OLDXMID" IS '源系统数据ID';
 
   COMMENT ON TABLE "VOTE"."WY_SECT"  IS '项目信息表';
--------------------------------------------------------
--  DDL for Table WY_SECT_HIS
--------------------------------------------------------

  CREATE TABLE "VOTE"."WY_SECT_HIS" 
   (	"TASK_ID" VARCHAR2(64 BYTE), 
	"APP_ID" NUMBER(16,0), 
	"XMID" NUMBER(16,0), 
	"SJZT" VARCHAR2(8 BYTE), 
	"XMBM" VARCHAR2(80 BYTE), 
	"XMMC" VARCHAR2(152 BYTE), 
	"XMDZ" VARCHAR2(152 BYTE), 
	"CJSJ" VARCHAR2(10 BYTE), 
	"HPBID" VARCHAR2(36 BYTE), 
	"HPBMC" VARCHAR2(80 BYTE), 
	"JDID" VARCHAR2(36 BYTE), 
	"JDMC" VARCHAR2(80 BYTE), 
	"SQID" VARCHAR2(36 BYTE), 
	"SQMC" VARCHAR2(80 BYTE), 
	"SZDZ" VARCHAR2(80 BYTE), 
	"SZXZ" VARCHAR2(80 BYTE), 
	"SZNZ" VARCHAR2(80 BYTE), 
	"SZBZ" VARCHAR2(80 BYTE), 
	"WYLX1" VARCHAR2(10 BYTE), 
	"WYLX2" VARCHAR2(10 BYTE), 
	"JZMJ" NUMBER(16,2), 
	"ZDMJ" NUMBER(16,2), 
	"ZDS" NUMBER(10,0), 
	"ZHS" NUMBER(10,0), 
	"JGRQ" VARCHAR2(10 BYTE), 
	"WYGSID" NUMBER(16,0), 
	"WYGSMC" VARCHAR2(80 BYTE), 
	"GLCID" NUMBER(16,0), 
	"GLCMC" VARCHAR2(80 BYTE), 
	"GSRYID" NUMBER(16,0), 
	"XMJLXM" VARCHAR2(80 BYTE), 
	"YWHFLAG" VARCHAR2(4 BYTE), 
	"YWHID" NUMBER(16,0), 
	"YWHMC" VARCHAR2(80 BYTE), 
	"XMMS" VARCHAR2(512 BYTE), 
	"OLDXMID" VARCHAR2(80 BYTE)
   ) SEGMENT CREATION DEFERRED 
  PCTFREE 10 PCTUSED 40 INITRANS 1 MAXTRANS 255 NOCOMPRESS LOGGING
  TABLESPACE "VOTE_USER" ;
 

   COMMENT ON COLUMN "VOTE"."WY_SECT_HIS"."TASK_ID" IS '工作流任务ID';
 
   COMMENT ON COLUMN "VOTE"."WY_SECT_HIS"."APP_ID" IS '流程ID';
 
   COMMENT ON COLUMN "VOTE"."WY_SECT_HIS"."XMID" IS '项目ID';
 
   COMMENT ON COLUMN "VOTE"."WY_SECT_HIS"."SJZT" IS '数据状态';
 
   COMMENT ON COLUMN "VOTE"."WY_SECT_HIS"."XMBM" IS '项目编码';
 
   COMMENT ON COLUMN "VOTE"."WY_SECT_HIS"."XMMC" IS '项目名称';
 
   COMMENT ON COLUMN "VOTE"."WY_SECT_HIS"."XMDZ" IS '项目地址';
 
   COMMENT ON COLUMN "VOTE"."WY_SECT_HIS"."CJSJ" IS '创建时间';
 
   COMMENT ON COLUMN "VOTE"."WY_SECT_HIS"."HPBID" IS '区ID';
 
   COMMENT ON COLUMN "VOTE"."WY_SECT_HIS"."HPBMC" IS '区名称';
 
   COMMENT ON COLUMN "VOTE"."WY_SECT_HIS"."JDID" IS '街道ID';
 
   COMMENT ON COLUMN "VOTE"."WY_SECT_HIS"."JDMC" IS '街道名称';
 
   COMMENT ON COLUMN "VOTE"."WY_SECT_HIS"."SQID" IS '社区ID';
 
   COMMENT ON COLUMN "VOTE"."WY_SECT_HIS"."SQMC" IS '社区名称';
 
   COMMENT ON COLUMN "VOTE"."WY_SECT_HIS"."SZDZ" IS '四至范围-东至';
 
   COMMENT ON COLUMN "VOTE"."WY_SECT_HIS"."SZXZ" IS '四至范围-西至';
 
   COMMENT ON COLUMN "VOTE"."WY_SECT_HIS"."SZNZ" IS '四至范围-南至';
 
   COMMENT ON COLUMN "VOTE"."WY_SECT_HIS"."SZBZ" IS '四至范围-北至';
 
   COMMENT ON COLUMN "VOTE"."WY_SECT_HIS"."WYLX1" IS '物业类型1';
 
   COMMENT ON COLUMN "VOTE"."WY_SECT_HIS"."WYLX2" IS '物业类型2';
 
   COMMENT ON COLUMN "VOTE"."WY_SECT_HIS"."JZMJ" IS '建筑面积';
 
   COMMENT ON COLUMN "VOTE"."WY_SECT_HIS"."ZDMJ" IS '占地面积';
 
   COMMENT ON COLUMN "VOTE"."WY_SECT_HIS"."ZDS" IS '总栋数';
 
   COMMENT ON COLUMN "VOTE"."WY_SECT_HIS"."ZHS" IS '总户数';
 
   COMMENT ON COLUMN "VOTE"."WY_SECT_HIS"."JGRQ" IS '竣工日期';
 
   COMMENT ON COLUMN "VOTE"."WY_SECT_HIS"."WYGSID" IS '物业公司ID';
 
   COMMENT ON COLUMN "VOTE"."WY_SECT_HIS"."WYGSMC" IS '物业公司名称';
 
   COMMENT ON COLUMN "VOTE"."WY_SECT_HIS"."GLCID" IS '小区管理处ID';
 
   COMMENT ON COLUMN "VOTE"."WY_SECT_HIS"."GLCMC" IS '小区管理处名称';
 
   COMMENT ON COLUMN "VOTE"."WY_SECT_HIS"."GSRYID" IS '项目经理ID';
 
   COMMENT ON COLUMN "VOTE"."WY_SECT_HIS"."XMJLXM" IS '项目经理姓名';
 
   COMMENT ON COLUMN "VOTE"."WY_SECT_HIS"."YWHFLAG" IS '是否成立业委会';
 
   COMMENT ON COLUMN "VOTE"."WY_SECT_HIS"."YWHID" IS '业委会ID';
 
   COMMENT ON COLUMN "VOTE"."WY_SECT_HIS"."YWHMC" IS '业委会名称';
 
   COMMENT ON COLUMN "VOTE"."WY_SECT_HIS"."XMMS" IS '项目描述';
 
   COMMENT ON COLUMN "VOTE"."WY_SECT_HIS"."OLDXMID" IS '源系统数据ID';
 
   COMMENT ON TABLE "VOTE"."WY_SECT_HIS"  IS '项目信息历史表';
--------------------------------------------------------
--  DDL for Table WY_SECT_TEMP
--------------------------------------------------------

  CREATE TABLE "VOTE"."WY_SECT_TEMP" 
   (	"XMID" NUMBER(16,0), 
	"APP_ID" NUMBER(16,0), 
	"SJZT" VARCHAR2(8 BYTE), 
	"XMBM" VARCHAR2(80 BYTE), 
	"CJSJ" VARCHAR2(10 BYTE), 
	"XMMC" VARCHAR2(152 BYTE), 
	"XMDZ" VARCHAR2(152 BYTE), 
	"HPBID" VARCHAR2(36 BYTE), 
	"HPBMC" VARCHAR2(80 BYTE), 
	"JDID" VARCHAR2(36 BYTE), 
	"JDMC" VARCHAR2(80 BYTE), 
	"SQID" VARCHAR2(36 BYTE), 
	"SQMC" VARCHAR2(80 BYTE), 
	"SZDZ" VARCHAR2(80 BYTE), 
	"SZXZ" VARCHAR2(80 BYTE), 
	"SZNZ" VARCHAR2(80 BYTE), 
	"SZBZ" VARCHAR2(80 BYTE), 
	"WYLX1" VARCHAR2(10 BYTE), 
	"WYLX2" VARCHAR2(10 BYTE), 
	"JZMJ" NUMBER(16,2), 
	"ZDMJ" NUMBER(16,2), 
	"ZDS" NUMBER(10,0), 
	"ZHS" NUMBER(10,0), 
	"JGRQ" VARCHAR2(10 BYTE), 
	"WYGSID" NUMBER(16,0), 
	"WYGSMC" VARCHAR2(80 BYTE), 
	"GLCID" NUMBER(16,0), 
	"GLCMC" VARCHAR2(80 BYTE), 
	"GSRYID" NUMBER(16,0), 
	"XMJLXM" VARCHAR2(80 BYTE), 
	"YWHFLAG" VARCHAR2(4 BYTE), 
	"YWHID" NUMBER(16,0), 
	"YWHMC" VARCHAR2(80 BYTE), 
	"XMMS" VARCHAR2(512 BYTE), 
	"OLDXMID" VARCHAR2(80 BYTE)
   ) SEGMENT CREATION DEFERRED 
  PCTFREE 10 PCTUSED 40 INITRANS 1 MAXTRANS 255 NOCOMPRESS LOGGING
  TABLESPACE "VOTE_USER" ;
 

   COMMENT ON COLUMN "VOTE"."WY_SECT_TEMP"."XMID" IS '项目ID';
 
   COMMENT ON COLUMN "VOTE"."WY_SECT_TEMP"."APP_ID" IS '流程ID';
 
   COMMENT ON COLUMN "VOTE"."WY_SECT_TEMP"."SJZT" IS '数据状态';
 
   COMMENT ON COLUMN "VOTE"."WY_SECT_TEMP"."XMBM" IS '项目编码';
 
   COMMENT ON COLUMN "VOTE"."WY_SECT_TEMP"."CJSJ" IS '创建时间';
 
   COMMENT ON COLUMN "VOTE"."WY_SECT_TEMP"."XMMC" IS '项目名称';
 
   COMMENT ON COLUMN "VOTE"."WY_SECT_TEMP"."XMDZ" IS '项目地址';
 
   COMMENT ON COLUMN "VOTE"."WY_SECT_TEMP"."HPBID" IS '区ID';
 
   COMMENT ON COLUMN "VOTE"."WY_SECT_TEMP"."HPBMC" IS '区名称';
 
   COMMENT ON COLUMN "VOTE"."WY_SECT_TEMP"."JDID" IS '街道ID';
 
   COMMENT ON COLUMN "VOTE"."WY_SECT_TEMP"."JDMC" IS '街道名称';
 
   COMMENT ON COLUMN "VOTE"."WY_SECT_TEMP"."SQID" IS '社区ID';
 
   COMMENT ON COLUMN "VOTE"."WY_SECT_TEMP"."SQMC" IS '社区名称';
 
   COMMENT ON COLUMN "VOTE"."WY_SECT_TEMP"."SZDZ" IS '四至范围-东至';
 
   COMMENT ON COLUMN "VOTE"."WY_SECT_TEMP"."SZXZ" IS '四至范围-西至';
 
   COMMENT ON COLUMN "VOTE"."WY_SECT_TEMP"."SZNZ" IS '四至范围-南至';
 
   COMMENT ON COLUMN "VOTE"."WY_SECT_TEMP"."SZBZ" IS '四至范围-北至';
 
   COMMENT ON COLUMN "VOTE"."WY_SECT_TEMP"."WYLX1" IS '物业类型1';
 
   COMMENT ON COLUMN "VOTE"."WY_SECT_TEMP"."WYLX2" IS '物业类型2';
 
   COMMENT ON COLUMN "VOTE"."WY_SECT_TEMP"."JZMJ" IS '建筑面积';
 
   COMMENT ON COLUMN "VOTE"."WY_SECT_TEMP"."ZDMJ" IS '占地面积';
 
   COMMENT ON COLUMN "VOTE"."WY_SECT_TEMP"."ZDS" IS '总栋数';
 
   COMMENT ON COLUMN "VOTE"."WY_SECT_TEMP"."ZHS" IS '总户数';
 
   COMMENT ON COLUMN "VOTE"."WY_SECT_TEMP"."JGRQ" IS '竣工日期';
 
   COMMENT ON COLUMN "VOTE"."WY_SECT_TEMP"."WYGSID" IS '物业公司ID';
 
   COMMENT ON COLUMN "VOTE"."WY_SECT_TEMP"."WYGSMC" IS '物业公司名称';
 
   COMMENT ON COLUMN "VOTE"."WY_SECT_TEMP"."GLCID" IS '小区管理处ID';
 
   COMMENT ON COLUMN "VOTE"."WY_SECT_TEMP"."GLCMC" IS '小区管理处名称';
 
   COMMENT ON COLUMN "VOTE"."WY_SECT_TEMP"."GSRYID" IS '项目经理ID';
 
   COMMENT ON COLUMN "VOTE"."WY_SECT_TEMP"."XMJLXM" IS '项目经理姓名';
 
   COMMENT ON COLUMN "VOTE"."WY_SECT_TEMP"."YWHFLAG" IS '是否成立业委会';
 
   COMMENT ON COLUMN "VOTE"."WY_SECT_TEMP"."YWHID" IS '业委会ID';
 
   COMMENT ON COLUMN "VOTE"."WY_SECT_TEMP"."YWHMC" IS '业委会名称';
 
   COMMENT ON COLUMN "VOTE"."WY_SECT_TEMP"."XMMS" IS '项目描述';
 
   COMMENT ON COLUMN "VOTE"."WY_SECT_TEMP"."OLDXMID" IS '源系统数据ID';
 
   COMMENT ON TABLE "VOTE"."WY_SECT_TEMP"  IS '项目信息临时表';
--------------------------------------------------------
--  DDL for Table WY_SQ
--------------------------------------------------------

  CREATE TABLE "VOTE"."WY_SQ" 
   (	"SQID" VARCHAR2(36 BYTE), 
	"SQBM" VARCHAR2(80 BYTE), 
	"SQMC" VARCHAR2(80 BYTE), 
	"HPBID" VARCHAR2(36 BYTE), 
	"HPBMC" VARCHAR2(80 BYTE), 
	"JDID" VARCHAR2(36 BYTE), 
	"JDMC" VARCHAR2(80 BYTE), 
	"CJRQ" VARCHAR2(10 BYTE), 
	"BZ" VARCHAR2(512 BYTE)
   ) SEGMENT CREATION DEFERRED 
  PCTFREE 10 PCTUSED 40 INITRANS 1 MAXTRANS 255 NOCOMPRESS LOGGING
  TABLESPACE "VOTE_USER" ;
 

   COMMENT ON COLUMN "VOTE"."WY_SQ"."SQID" IS '社区ID';
 
   COMMENT ON COLUMN "VOTE"."WY_SQ"."SQBM" IS '社区编码';
 
   COMMENT ON COLUMN "VOTE"."WY_SQ"."SQMC" IS '社区名称';
 
   COMMENT ON COLUMN "VOTE"."WY_SQ"."HPBID" IS '区ID';
 
   COMMENT ON COLUMN "VOTE"."WY_SQ"."HPBMC" IS '区名称';
 
   COMMENT ON COLUMN "VOTE"."WY_SQ"."JDID" IS '街道ID';
 
   COMMENT ON COLUMN "VOTE"."WY_SQ"."JDMC" IS '街道名称';
 
   COMMENT ON COLUMN "VOTE"."WY_SQ"."CJRQ" IS '创建日期';
 
   COMMENT ON COLUMN "VOTE"."WY_SQ"."BZ" IS '备注';
 
   COMMENT ON TABLE "VOTE"."WY_SQ"  IS '街道下社区信息表';
--------------------------------------------------------
--  DDL for Table WY_WYGS
--------------------------------------------------------

  CREATE TABLE "VOTE"."WY_WYGS" 
   (	"WYGSID" NUMBER(16,0), 
	"LOCALFLAG" VARCHAR2(4 BYTE), 
	"WYGSMC" VARCHAR2(80 BYTE), 
	"WYGSDZ" VARCHAR2(80 BYTE), 
	"CERTFLAG" VARCHAR2(4 BYTE), 
	"SHXYDM" VARCHAR2(80 BYTE), 
	"YYZZBH" VARCHAR2(80 BYTE), 
	"ZCZZYXQ" VARCHAR2(10 BYTE), 
	"GSLX" VARCHAR2(20 BYTE), 
	"ZCZB" NUMBER(16,2), 
	"CLRQ" VARCHAR2(10 BYTE), 
	"WYGLSJ" VARCHAR2(80 BYTE), 
	"BGDZ" VARCHAR2(80 BYTE), 
	"ZCDZ" VARCHAR2(80 BYTE), 
	"ZZDJ" VARCHAR2(80 BYTE), 
	"ZZBH" VARCHAR2(80 BYTE), 
	"QYDH" VARCHAR2(20 BYTE), 
	"QYCZ" VARCHAR2(20 BYTE), 
	"QYYB" VARCHAR2(20 BYTE), 
	"FRDB" VARCHAR2(80 BYTE), 
	"FRSJ" VARCHAR2(20 BYTE), 
	"QYLXR" VARCHAR2(80 BYTE), 
	"LXRDH" VARCHAR2(20 BYTE), 
	"QYGK" VARCHAR2(512 BYTE), 
	"ZYFW" VARCHAR2(512 BYTE), 
	"BZ" VARCHAR2(512 BYTE), 
	"OLDWYGSID" VARCHAR2(80 BYTE)
   ) SEGMENT CREATION DEFERRED 
  PCTFREE 10 PCTUSED 40 INITRANS 1 MAXTRANS 255 NOCOMPRESS LOGGING
  TABLESPACE "VOTE_USER" ;
 

   COMMENT ON COLUMN "VOTE"."WY_WYGS"."WYGSID" IS '物业公司ID';
 
   COMMENT ON COLUMN "VOTE"."WY_WYGS"."LOCALFLAG" IS '是否本地注册';
 
   COMMENT ON COLUMN "VOTE"."WY_WYGS"."WYGSMC" IS '物业公司名称';
 
   COMMENT ON COLUMN "VOTE"."WY_WYGS"."WYGSDZ" IS '物业公司地址';
 
   COMMENT ON COLUMN "VOTE"."WY_WYGS"."CERTFLAG" IS '是否三证合一';
 
   COMMENT ON COLUMN "VOTE"."WY_WYGS"."SHXYDM" IS '社会信用代码';
 
   COMMENT ON COLUMN "VOTE"."WY_WYGS"."YYZZBH" IS '营业执照注册号';
 
   COMMENT ON COLUMN "VOTE"."WY_WYGS"."ZCZZYXQ" IS '注册证照有效期';
 
   COMMENT ON COLUMN "VOTE"."WY_WYGS"."GSLX" IS '公司类型';
 
   COMMENT ON COLUMN "VOTE"."WY_WYGS"."ZCZB" IS '注册资本';
 
   COMMENT ON COLUMN "VOTE"."WY_WYGS"."CLRQ" IS '成立日期';
 
   COMMENT ON COLUMN "VOTE"."WY_WYGS"."WYGLSJ" IS '从物业管理活动时间';
 
   COMMENT ON COLUMN "VOTE"."WY_WYGS"."BGDZ" IS '办公地址';
 
   COMMENT ON COLUMN "VOTE"."WY_WYGS"."ZCDZ" IS '注册地址';
 
   COMMENT ON COLUMN "VOTE"."WY_WYGS"."ZZDJ" IS '资质等级';
 
   COMMENT ON COLUMN "VOTE"."WY_WYGS"."ZZBH" IS '资质编号';
 
   COMMENT ON COLUMN "VOTE"."WY_WYGS"."QYDH" IS '企业电话';
 
   COMMENT ON COLUMN "VOTE"."WY_WYGS"."QYCZ" IS '企业传真';
 
   COMMENT ON COLUMN "VOTE"."WY_WYGS"."QYYB" IS '企业邮编';
 
   COMMENT ON COLUMN "VOTE"."WY_WYGS"."FRDB" IS '法人代表';
 
   COMMENT ON COLUMN "VOTE"."WY_WYGS"."FRSJ" IS '法人手机';
 
   COMMENT ON COLUMN "VOTE"."WY_WYGS"."QYLXR" IS '企业联系人';
 
   COMMENT ON COLUMN "VOTE"."WY_WYGS"."LXRDH" IS '联系人电话';
 
   COMMENT ON COLUMN "VOTE"."WY_WYGS"."QYGK" IS '企业概况';
 
   COMMENT ON COLUMN "VOTE"."WY_WYGS"."ZYFW" IS '经营范围';
 
   COMMENT ON COLUMN "VOTE"."WY_WYGS"."BZ" IS '备注';
 
   COMMENT ON COLUMN "VOTE"."WY_WYGS"."OLDWYGSID" IS '源系统数据ID';
 
   COMMENT ON TABLE "VOTE"."WY_WYGS"  IS '物业公司信息';
--------------------------------------------------------
--  DDL for Table WY_WYGS_STAFF
--------------------------------------------------------

  CREATE TABLE "VOTE"."WY_WYGS_STAFF" 
   (	"GSRYID" VARCHAR2(36 BYTE), 
	"WYGSID" NUMBER(16,0), 
	"RYLX" CHAR(2 BYTE), 
	"STATUS" CHAR(2 BYTE), 
	"ZJLX" VARCHAR2(2 BYTE), 
	"ZJHM" VARCHAR2(80 BYTE), 
	"RYXM" VARCHAR2(80 BYTE), 
	"RYXB" CHAR(1 BYTE), 
	"WHCD" CHAR(2 BYTE), 
	"DRZW" VARCHAR2(80 BYTE), 
	"LXSJ" VARCHAR2(80 BYTE), 
	"LXDH" VARCHAR2(32 BYTE), 
	"LXYX" VARCHAR2(32 BYTE), 
	"CSRQ" VARCHAR2(10 BYTE), 
	"YZBM" VARCHAR2(32 BYTE), 
	"HTKSRQ" VARCHAR2(10 BYTE), 
	"HTJZRQ" VARCHAR2(10 BYTE), 
	"WGNX" VARCHAR2(50 BYTE), 
	"LXDZ" VARCHAR2(521 BYTE), 
	"BZ" VARCHAR2(512 BYTE)
   ) SEGMENT CREATION DEFERRED 
  PCTFREE 10 PCTUSED 40 INITRANS 1 MAXTRANS 255 NOCOMPRESS LOGGING
  TABLESPACE "VOTE_USER" ;
 

   COMMENT ON COLUMN "VOTE"."WY_WYGS_STAFF"."GSRYID" IS '人员ID';
 
   COMMENT ON COLUMN "VOTE"."WY_WYGS_STAFF"."WYGSID" IS '物业公司ID';
 
   COMMENT ON COLUMN "VOTE"."WY_WYGS_STAFF"."RYLX" IS '人员类型';
 
   COMMENT ON COLUMN "VOTE"."WY_WYGS_STAFF"."STATUS" IS '数据状态';
 
   COMMENT ON COLUMN "VOTE"."WY_WYGS_STAFF"."ZJLX" IS '证件类型';
 
   COMMENT ON COLUMN "VOTE"."WY_WYGS_STAFF"."ZJHM" IS '证件号码';
 
   COMMENT ON COLUMN "VOTE"."WY_WYGS_STAFF"."RYXM" IS '人员姓名';
 
   COMMENT ON COLUMN "VOTE"."WY_WYGS_STAFF"."RYXB" IS '人员性别';
 
   COMMENT ON COLUMN "VOTE"."WY_WYGS_STAFF"."WHCD" IS '文化程度';
 
   COMMENT ON COLUMN "VOTE"."WY_WYGS_STAFF"."DRZW" IS '职务';
 
   COMMENT ON COLUMN "VOTE"."WY_WYGS_STAFF"."LXSJ" IS '手机';
 
   COMMENT ON COLUMN "VOTE"."WY_WYGS_STAFF"."LXDH" IS '电话';
 
   COMMENT ON COLUMN "VOTE"."WY_WYGS_STAFF"."LXYX" IS '邮箱';
 
   COMMENT ON COLUMN "VOTE"."WY_WYGS_STAFF"."CSRQ" IS '出生日期';
 
   COMMENT ON COLUMN "VOTE"."WY_WYGS_STAFF"."YZBM" IS '邮政编码';
 
   COMMENT ON COLUMN "VOTE"."WY_WYGS_STAFF"."HTKSRQ" IS '劳务合同开始日期';
 
   COMMENT ON COLUMN "VOTE"."WY_WYGS_STAFF"."HTJZRQ" IS '劳务合同截止日期';
 
   COMMENT ON COLUMN "VOTE"."WY_WYGS_STAFF"."WGNX" IS '从事物管年限';
 
   COMMENT ON COLUMN "VOTE"."WY_WYGS_STAFF"."LXDZ" IS '联系地址';
 
   COMMENT ON COLUMN "VOTE"."WY_WYGS_STAFF"."BZ" IS '备注';
 
   COMMENT ON TABLE "VOTE"."WY_WYGS_STAFF"  IS '物业服务企业人员信息表';
--------------------------------------------------------
--  DDL for Table WY_YWH
--------------------------------------------------------

  CREATE TABLE "VOTE"."WY_YWH" 
   (	"YWHID" VARCHAR2(36 BYTE), 
	"YWHMC" VARCHAR2(80 BYTE), 
	"YWHDZ" VARCHAR2(512 BYTE), 
	"YWHDM" VARCHAR2(40 BYTE), 
	"LXR" VARCHAR2(40 BYTE), 
	"LXRDH" VARCHAR2(11 BYTE), 
	"TERM" VARCHAR2(80 BYTE), 
	"RQ" VARCHAR2(80 BYTE), 
	"CLRQ" VARCHAR2(10 BYTE), 
	"BJKSRQ" VARCHAR2(10 BYTE), 
	"BJJZRQ" VARCHAR2(10 BYTE), 
	"BARQ" VARCHAR2(10 BYTE), 
	"SFKZ" VARCHAR2(4 BYTE), 
	"BZ" VARCHAR2(512 BYTE)
   ) SEGMENT CREATION DEFERRED 
  PCTFREE 10 PCTUSED 40 INITRANS 1 MAXTRANS 255 NOCOMPRESS LOGGING
  TABLESPACE "VOTE_USER" ;
 

   COMMENT ON COLUMN "VOTE"."WY_YWH"."YWHID" IS '业委会信息ID';
 
   COMMENT ON COLUMN "VOTE"."WY_YWH"."YWHMC" IS '业主大会名称';
 
   COMMENT ON COLUMN "VOTE"."WY_YWH"."YWHDZ" IS '业主大会地址';
 
   COMMENT ON COLUMN "VOTE"."WY_YWH"."YWHDM" IS '业委会代码';
 
   COMMENT ON COLUMN "VOTE"."WY_YWH"."LXR" IS '业委会联系人';
 
   COMMENT ON COLUMN "VOTE"."WY_YWH"."LXRDH" IS '业委会联系电话';
 
   COMMENT ON COLUMN "VOTE"."WY_YWH"."TERM" IS '第几届';
 
   COMMENT ON COLUMN "VOTE"."WY_YWH"."RQ" IS '任期';
 
   COMMENT ON COLUMN "VOTE"."WY_YWH"."CLRQ" IS '成立日期';
 
   COMMENT ON COLUMN "VOTE"."WY_YWH"."BJKSRQ" IS '本届任期开始日期';
 
   COMMENT ON COLUMN "VOTE"."WY_YWH"."BJJZRQ" IS '本届任期结束日期';
 
   COMMENT ON COLUMN "VOTE"."WY_YWH"."BARQ" IS '业主大会备案日期';
 
   COMMENT ON COLUMN "VOTE"."WY_YWH"."SFKZ" IS '是否刻有公章';
 
   COMMENT ON COLUMN "VOTE"."WY_YWH"."BZ" IS '备注';
 
   COMMENT ON TABLE "VOTE"."WY_YWH"  IS '业主委员会信息表';
REM INSERTING into VOTE.ACT_EVT_LOG
SET DEFINE OFF;
REM INSERTING into VOTE.ACT_GE_BYTEARRAY
SET DEFINE OFF;
REM INSERTING into VOTE.ACT_GE_PROPERTY
SET DEFINE OFF;
Insert into VOTE.ACT_GE_PROPERTY (NAME_,VALUE_,REV_) values ('schema.version','5.20.0.2',1);
Insert into VOTE.ACT_GE_PROPERTY (NAME_,VALUE_,REV_) values ('schema.history','create(5.20.0.2)',1);
Insert into VOTE.ACT_GE_PROPERTY (NAME_,VALUE_,REV_) values ('next.dbid','1',1);
REM INSERTING into VOTE.ACT_HI_ACTINST
SET DEFINE OFF;
REM INSERTING into VOTE.ACT_HI_ATTACHMENT
SET DEFINE OFF;
REM INSERTING into VOTE.ACT_HI_COMMENT
SET DEFINE OFF;
REM INSERTING into VOTE.ACT_HI_DETAIL
SET DEFINE OFF;
REM INSERTING into VOTE.ACT_HI_IDENTITYLINK
SET DEFINE OFF;
REM INSERTING into VOTE.ACT_HI_PROCINST
SET DEFINE OFF;
REM INSERTING into VOTE.ACT_HI_TASKINST
SET DEFINE OFF;
REM INSERTING into VOTE.ACT_HI_VARINST
SET DEFINE OFF;
REM INSERTING into VOTE.ACT_ID_GROUP
SET DEFINE OFF;
REM INSERTING into VOTE.ACT_ID_INFO
SET DEFINE OFF;
REM INSERTING into VOTE.ACT_ID_MEMBERSHIP
SET DEFINE OFF;
REM INSERTING into VOTE.ACT_ID_USER
SET DEFINE OFF;
REM INSERTING into VOTE.ACT_PROCDEF_INFO
SET DEFINE OFF;
REM INSERTING into VOTE.ACT_RE_DEPLOYMENT
SET DEFINE OFF;
REM INSERTING into VOTE.ACT_RE_MODEL
SET DEFINE OFF;
REM INSERTING into VOTE.ACT_RE_PROCDEF
SET DEFINE OFF;
REM INSERTING into VOTE.ACT_RU_EVENT_SUBSCR
SET DEFINE OFF;
REM INSERTING into VOTE.ACT_RU_EXECUTION
SET DEFINE OFF;
REM INSERTING into VOTE.ACT_RU_IDENTITYLINK
SET DEFINE OFF;
REM INSERTING into VOTE.ACT_RU_JOB
SET DEFINE OFF;
REM INSERTING into VOTE.ACT_RU_TASK
SET DEFINE OFF;
REM INSERTING into VOTE.ACT_RU_VARIABLE
SET DEFINE OFF;
REM INSERTING into VOTE.APPLICATION
SET DEFINE OFF;
REM INSERTING into VOTE.APPLICATION_IEDA
SET DEFINE OFF;
REM INSERTING into VOTE.BASE_ORG_REL
SET DEFINE OFF;
REM INSERTING into VOTE.BTN_INFO
SET DEFINE OFF;
Insert into VOTE.BTN_INFO (BTN_ID,BTN_NAME,BTN_RMK,BTN_PAGE,MENU_ID,TM_SMP) values (10001,'收入上报','收入上报','预算管理',1184,'20181122');
Insert into VOTE.BTN_INFO (BTN_ID,BTN_NAME,BTN_RMK,BTN_PAGE,MENU_ID,TM_SMP) values (10002,'导出',null,'预算管理',1184,'20181122');
Insert into VOTE.BTN_INFO (BTN_ID,BTN_NAME,BTN_RMK,BTN_PAGE,MENU_ID,TM_SMP) values (10101,'新增',null,'投标管理',1028,'20181122');
Insert into VOTE.BTN_INFO (BTN_ID,BTN_NAME,BTN_RMK,BTN_PAGE,MENU_ID,TM_SMP) values (88888,'编辑','i班级','成本中心',1204,'20181122');
Insert into VOTE.BTN_INFO (BTN_ID,BTN_NAME,BTN_RMK,BTN_PAGE,MENU_ID,TM_SMP) values (10000801,'新增','按钮新增','角色管理',100008,'20181118');
Insert into VOTE.BTN_INFO (BTN_ID,BTN_NAME,BTN_RMK,BTN_PAGE,MENU_ID,TM_SMP) values (10000802,'修改','角色修改','角色管理',100008,'20181118');
Insert into VOTE.BTN_INFO (BTN_ID,BTN_NAME,BTN_RMK,BTN_PAGE,MENU_ID,TM_SMP) values (10000803,'删除','角色删除','角色管理',100008,'20181118');
Insert into VOTE.BTN_INFO (BTN_ID,BTN_NAME,BTN_RMK,BTN_PAGE,MENU_ID,TM_SMP) values (10000804,'权限分配','角色权限分配','角色管理',100008,'20181118');
Insert into VOTE.BTN_INFO (BTN_ID,BTN_NAME,BTN_RMK,BTN_PAGE,MENU_ID,TM_SMP) values (10000805,'按钮分配','角色按钮分配','角色管理',100008,'20181118');
Insert into VOTE.BTN_INFO (BTN_ID,BTN_NAME,BTN_RMK,BTN_PAGE,MENU_ID,TM_SMP) values (10000901,'新增','按钮新增','按钮管理',100009,'20181118');
Insert into VOTE.BTN_INFO (BTN_ID,BTN_NAME,BTN_RMK,BTN_PAGE,MENU_ID,TM_SMP) values (10000902,'修改','按钮修改','按钮管理',100009,'20181118');
Insert into VOTE.BTN_INFO (BTN_ID,BTN_NAME,BTN_RMK,BTN_PAGE,MENU_ID,TM_SMP) values (10000903,'删除','按钮删除','按钮管理',100009,'20181118');
Insert into VOTE.BTN_INFO (BTN_ID,BTN_NAME,BTN_RMK,BTN_PAGE,MENU_ID,TM_SMP) values (10000201,'新增','用户新增','用户管理',100002,'20181118');
Insert into VOTE.BTN_INFO (BTN_ID,BTN_NAME,BTN_RMK,BTN_PAGE,MENU_ID,TM_SMP) values (10000202,'修改','用户修改','用户管理',100002,'20181118');
Insert into VOTE.BTN_INFO (BTN_ID,BTN_NAME,BTN_RMK,BTN_PAGE,MENU_ID,TM_SMP) values (10000203,'注销','用户注销','用户管理',100002,'20181118');
Insert into VOTE.BTN_INFO (BTN_ID,BTN_NAME,BTN_RMK,BTN_PAGE,MENU_ID,TM_SMP) values (10000204,'启用','用户启用','用户管理',100002,'20181118');
Insert into VOTE.BTN_INFO (BTN_ID,BTN_NAME,BTN_RMK,BTN_PAGE,MENU_ID,TM_SMP) values (10000205,'禁用','用户禁用','用户管理',100002,'20181118');
Insert into VOTE.BTN_INFO (BTN_ID,BTN_NAME,BTN_RMK,BTN_PAGE,MENU_ID,TM_SMP) values (10000206,'设置角色','用户设置角色','用户管理',100002,'20181118');
Insert into VOTE.BTN_INFO (BTN_ID,BTN_NAME,BTN_RMK,BTN_PAGE,MENU_ID,TM_SMP) values (10000301,'新增','参数新增','参数管理',100003,'20181118');
Insert into VOTE.BTN_INFO (BTN_ID,BTN_NAME,BTN_RMK,BTN_PAGE,MENU_ID,TM_SMP) values (10000302,'修改','参数修改','参数管理',100003,'20181118');
Insert into VOTE.BTN_INFO (BTN_ID,BTN_NAME,BTN_RMK,BTN_PAGE,MENU_ID,TM_SMP) values (10000303,'注销','参数注销','参数管理',100003,'20181118');
Insert into VOTE.BTN_INFO (BTN_ID,BTN_NAME,BTN_RMK,BTN_PAGE,MENU_ID,TM_SMP) values (10000701,'新增','机构新增','机构管理',100007,'20181118');
Insert into VOTE.BTN_INFO (BTN_ID,BTN_NAME,BTN_RMK,BTN_PAGE,MENU_ID,TM_SMP) values (10000702,'修改','机构修改','机构管理',100007,'20181118');
Insert into VOTE.BTN_INFO (BTN_ID,BTN_NAME,BTN_RMK,BTN_PAGE,MENU_ID,TM_SMP) values (10000703,'注销','机构注销','机构管理',100007,'20181118');
Insert into VOTE.BTN_INFO (BTN_ID,BTN_NAME,BTN_RMK,BTN_PAGE,MENU_ID,TM_SMP) values (10000704,'启用','机构启用','机构管理',100007,'20181118');
Insert into VOTE.BTN_INFO (BTN_ID,BTN_NAME,BTN_RMK,BTN_PAGE,MENU_ID,TM_SMP) values (10000705,'关闭','机构关闭','机构管理',100007,'20181118');
Insert into VOTE.BTN_INFO (BTN_ID,BTN_NAME,BTN_RMK,BTN_PAGE,MENU_ID,TM_SMP) values (10000401,'新增','菜单新增','菜单管理',100004,'20181118');
Insert into VOTE.BTN_INFO (BTN_ID,BTN_NAME,BTN_RMK,BTN_PAGE,MENU_ID,TM_SMP) values (10000402,'修改','菜单修改','菜单管理',100004,'20181118');
Insert into VOTE.BTN_INFO (BTN_ID,BTN_NAME,BTN_RMK,BTN_PAGE,MENU_ID,TM_SMP) values (10000403,'注销','菜单注销','菜单管理',100004,'20181118');
Insert into VOTE.BTN_INFO (BTN_ID,BTN_NAME,BTN_RMK,BTN_PAGE,MENU_ID,TM_SMP) values (10000501,'新增','数据字典新增','数据字典管理',100005,'20181118');
Insert into VOTE.BTN_INFO (BTN_ID,BTN_NAME,BTN_RMK,BTN_PAGE,MENU_ID,TM_SMP) values (10000502,'修改','数据字典修改','数据字典管理',100005,'20181118');
Insert into VOTE.BTN_INFO (BTN_ID,BTN_NAME,BTN_RMK,BTN_PAGE,MENU_ID,TM_SMP) values (10000502,'注销','数据字典注销','数据字典管理',100005,'20181118');
REM INSERTING into VOTE.BTN_ROLE
SET DEFINE OFF;
Insert into VOTE.BTN_ROLE (BTN_ID,ROLE_ID,TM_SMP) values (88888,999,'20181122');
Insert into VOTE.BTN_ROLE (BTN_ID,ROLE_ID,TM_SMP) values (10101,52,'20181122');
Insert into VOTE.BTN_ROLE (BTN_ID,ROLE_ID,TM_SMP) values (10001,52,'20181122');
Insert into VOTE.BTN_ROLE (BTN_ID,ROLE_ID,TM_SMP) values (88888,52,'20181122');
Insert into VOTE.BTN_ROLE (BTN_ID,ROLE_ID,TM_SMP) values (10002,52,'20181122');
REM INSERTING into VOTE.BTN_USR
SET DEFINE OFF;
REM INSERTING into VOTE.CODE_DATA
SET DEFINE OFF;
Insert into VOTE.CODE_DATA (FIELD_NAME,CODE_NO,CODE_NAME,CODE_KEY,CODE_VAL,TM_SMP) values ('PROJECT_STATUS','PROJECT_STATUS','项目状态','00','进行中',null);
Insert into VOTE.CODE_DATA (FIELD_NAME,CODE_NO,CODE_NAME,CODE_KEY,CODE_VAL,TM_SMP) values ('PROJECT_TYPE','PROJECT_TYPE','项目类型','00','整包项目',null);
Insert into VOTE.CODE_DATA (FIELD_NAME,CODE_NO,CODE_NAME,CODE_KEY,CODE_VAL,TM_SMP) values ('CreditInfoFrom','CreditInfoFrom','不良信息来源','07','其他渠道','2018-03-14');
Insert into VOTE.CODE_DATA (FIELD_NAME,CODE_NO,CODE_NAME,CODE_KEY,CODE_VAL,TM_SMP) values ('CreditInfoFrom','CreditInfoFrom','不良信息来源','06','街道办事处提出的记分建议','2018-03-14');
Insert into VOTE.CODE_DATA (FIELD_NAME,CODE_NO,CODE_NAME,CODE_KEY,CODE_VAL,TM_SMP) values ('APP_TYPE','APP_TYPE','流程类型','CREDITRECORDBL','不良信息建档流程','2018-03-27');
Insert into VOTE.CODE_DATA (FIELD_NAME,CODE_NO,CODE_NAME,CODE_KEY,CODE_VAL,TM_SMP) values ('EXPERT_TYPE','EXPERT_TYPE','评标专家类型','03','执业律师','2018-03-29');
Insert into VOTE.CODE_DATA (FIELD_NAME,CODE_NO,CODE_NAME,CODE_KEY,CODE_VAL,TM_SMP) values ('EXPERT_TYPE','EXPERT_TYPE','评标专家类型','01','管理类','2018-03-29');
Insert into VOTE.CODE_DATA (FIELD_NAME,CODE_NO,CODE_NAME,CODE_KEY,CODE_VAL,TM_SMP) values ('EXPERT_TYPE','EXPERT_TYPE','评标专家类型','02','技术类','2018-03-29');
Insert into VOTE.CODE_DATA (FIELD_NAME,CODE_NO,CODE_NAME,CODE_KEY,CODE_VAL,TM_SMP) values ('EXPERT_TYPE','EXPERT_TYPE','评标专家类型','04','招标人代表','2018-03-29');
Insert into VOTE.CODE_DATA (FIELD_NAME,CODE_NO,CODE_NAME,CODE_KEY,CODE_VAL,TM_SMP) values ('EXPERT_TYPE','EXPERT_TYPE','评标专家类型','05','物业管理专家学者','2018-03-29');
Insert into VOTE.CODE_DATA (FIELD_NAME,CODE_NO,CODE_NAME,CODE_KEY,CODE_VAL,TM_SMP) values ('EXPERT_TYPE','EXPERT_TYPE','评标专家类型','06','业主委员会委员','2018-03-29');
Insert into VOTE.CODE_DATA (FIELD_NAME,CODE_NO,CODE_NAME,CODE_KEY,CODE_VAL,TM_SMP) values ('EXPERT_TYPE','EXPERT_TYPE','评标专家类型','07','物业管理行业优秀企业家','2018-03-29');
Insert into VOTE.CODE_DATA (FIELD_NAME,CODE_NO,CODE_NAME,CODE_KEY,CODE_VAL,TM_SMP) values ('EXPERT_TYPE','EXPERT_TYPE','评标专家类型','08','其它','2018-03-29');
Insert into VOTE.CODE_DATA (FIELD_NAME,CODE_NO,CODE_NAME,CODE_KEY,CODE_VAL,TM_SMP) values ('USER_STATUS','USER_STATUS','用户状态','1','正在使用','2018-01-31');
Insert into VOTE.CODE_DATA (FIELD_NAME,CODE_NO,CODE_NAME,CODE_KEY,CODE_VAL,TM_SMP) values ('CreditQuotaKind','CreditQuotaKind','诚信指标类型','01','良好信用指标','2018-03-05');
Insert into VOTE.CODE_DATA (FIELD_NAME,CODE_NO,CODE_NAME,CODE_KEY,CODE_VAL,TM_SMP) values ('CreditQuotaKind','CreditQuotaKind','诚信指标类型','02','不良信用指标','2018-03-05');
Insert into VOTE.CODE_DATA (FIELD_NAME,CODE_NO,CODE_NAME,CODE_KEY,CODE_VAL,TM_SMP) values ('WAS_USEFUL','WAS_USEFUL','是否有效','无效','无效','2018-03-12');
Insert into VOTE.CODE_DATA (FIELD_NAME,CODE_NO,CODE_NAME,CODE_KEY,CODE_VAL,TM_SMP) values ('CreditInfoFrom','CreditInfoFrom','不良信息来源','05','相关行政机关下达的行政处罚决定书','2018-03-12');
Insert into VOTE.CODE_DATA (FIELD_NAME,CODE_NO,CODE_NAME,CODE_KEY,CODE_VAL,TM_SMP) values ('CreditBadRecordKind','CreditBadRecordKind','不良信息类型','03','违反物业服务合同约定，经查证属实的','2018-03-14');
Insert into VOTE.CODE_DATA (FIELD_NAME,CODE_NO,CODE_NAME,CODE_KEY,CODE_VAL,TM_SMP) values ('CreditBadRecordKind','CreditBadRecordKind','不良信息类型','04','社会公众和媒体曝光，造成恶劣影响的或业主合理投诉得不到有效解决的信息','2018-03-14');
Insert into VOTE.CODE_DATA (FIELD_NAME,CODE_NO,CODE_NAME,CODE_KEY,CODE_VAL,TM_SMP) values ('CreditBadRecordKind','CreditBadRecordKind','不良信息类型','05','房屋主管部门认定可记录的其他信息','2018-03-14');
Insert into VOTE.CODE_DATA (FIELD_NAME,CODE_NO,CODE_NAME,CODE_KEY,CODE_VAL,TM_SMP) values ('APP_TYPE','APP_TYPE','流程类型','CSPADDFLOW','物业公司信息采集','2018-02-11');
Insert into VOTE.CODE_DATA (FIELD_NAME,CODE_NO,CODE_NAME,CODE_KEY,CODE_VAL,TM_SMP) values ('PRODUCT_TYPE','PRODUCT_TYPE','产品类型','01','大数据','2018-03-12');
Insert into VOTE.CODE_DATA (FIELD_NAME,CODE_NO,CODE_NAME,CODE_KEY,CODE_VAL,TM_SMP) values ('IS_USEFUL','IS_USEFUL','是否有效','01','无效','2018-03-12');
Insert into VOTE.CODE_DATA (FIELD_NAME,CODE_NO,CODE_NAME,CODE_KEY,CODE_VAL,TM_SMP) values ('WAS_USEFUL','WAS_USEFUL','是否有效','有效','有效','2018-03-12');
Insert into VOTE.CODE_DATA (FIELD_NAME,CODE_NO,CODE_NAME,CODE_KEY,CODE_VAL,TM_SMP) values ('ORG_TYPE','ORG_TYPE','机构类型','07','6级组织','2018-03-12');
Insert into VOTE.CODE_DATA (FIELD_NAME,CODE_NO,CODE_NAME,CODE_KEY,CODE_VAL,TM_SMP) values ('ORG_TYPE','ORG_TYPE','机构类型','08','7级组织','2018-03-12');
Insert into VOTE.CODE_DATA (FIELD_NAME,CODE_NO,CODE_NAME,CODE_KEY,CODE_VAL,TM_SMP) values ('ORG_TYPE','ORG_TYPE','机构类型','06','5级组织','2018-11-03');
Insert into VOTE.CODE_DATA (FIELD_NAME,CODE_NO,CODE_NAME,CODE_KEY,CODE_VAL,TM_SMP) values ('APP_TYPE','APP_TYPE','流程类型','CSPXGFLOW','物业公司信息变更','2018-02-24');
Insert into VOTE.CODE_DATA (FIELD_NAME,CODE_NO,CODE_NAME,CODE_KEY,CODE_VAL,TM_SMP) values ('APP_TYPE','APP_TYPE','流程类型','CSPDELFLOW','物业公司信息删除','2018-03-01');
Insert into VOTE.CODE_DATA (FIELD_NAME,CODE_NO,CODE_NAME,CODE_KEY,CODE_VAL,TM_SMP) values ('INFO_STATUS','INFO_STATUS','数据状态','00','正常','2018-02-08');
Insert into VOTE.CODE_DATA (FIELD_NAME,CODE_NO,CODE_NAME,CODE_KEY,CODE_VAL,TM_SMP) values ('INFO_STATUS','INFO_STATUS','数据状态','01','暂存','2018-02-08');
Insert into VOTE.CODE_DATA (FIELD_NAME,CODE_NO,CODE_NAME,CODE_KEY,CODE_VAL,TM_SMP) values ('INFO_STATUS','INFO_STATUS','数据状态','02','修改中','2018-02-08');
Insert into VOTE.CODE_DATA (FIELD_NAME,CODE_NO,CODE_NAME,CODE_KEY,CODE_VAL,TM_SMP) values ('INFO_STATUS','INFO_STATUS','数据状态','03','删除中','2018-02-08');
Insert into VOTE.CODE_DATA (FIELD_NAME,CODE_NO,CODE_NAME,CODE_KEY,CODE_VAL,TM_SMP) values ('INFO_STATUS','INFO_STATUS','数据状态','04','已注销','2018-02-08');
Insert into VOTE.CODE_DATA (FIELD_NAME,CODE_NO,CODE_NAME,CODE_KEY,CODE_VAL,TM_SMP) values ('APP_TYPE','APP_TYPE','流程类型','SECTEDITFLOW','项目信息修改流程','2018-02-26');
Insert into VOTE.CODE_DATA (FIELD_NAME,CODE_NO,CODE_NAME,CODE_KEY,CODE_VAL,TM_SMP) values ('NORM_TYPE','NORM_TYPE','指标类型','01','星级小区创建','2018-02-27');
Insert into VOTE.CODE_DATA (FIELD_NAME,CODE_NO,CODE_NAME,CODE_KEY,CODE_VAL,TM_SMP) values ('NORM_TYPE','NORM_TYPE','指标类型','02','社会信誉','2018-02-27');
Insert into VOTE.CODE_DATA (FIELD_NAME,CODE_NO,CODE_NAME,CODE_KEY,CODE_VAL,TM_SMP) values ('NORM_LEVEL','NORM_LEVEL','指标层级','1','一级指标','2018-02-27');
Insert into VOTE.CODE_DATA (FIELD_NAME,CODE_NO,CODE_NAME,CODE_KEY,CODE_VAL,TM_SMP) values ('NORM_LEVEL','NORM_LEVEL','指标层级','2','二级指标','2018-02-27');
Insert into VOTE.CODE_DATA (FIELD_NAME,CODE_NO,CODE_NAME,CODE_KEY,CODE_VAL,TM_SMP) values ('NORM_RECORD','NORM_RECORD','指标记分标志','0','减分','2018-02-27');
Insert into VOTE.CODE_DATA (FIELD_NAME,CODE_NO,CODE_NAME,CODE_KEY,CODE_VAL,TM_SMP) values ('NORM_RECORD','NORM_RECORD','指标记分标志','1','加分','2018-02-27');
Insert into VOTE.CODE_DATA (FIELD_NAME,CODE_NO,CODE_NAME,CODE_KEY,CODE_VAL,TM_SMP) values ('APP_TYPE1','APP_TYPE','流程类型','CREDITAPPEAL','不良信用异议申请流程','2018-10-19');
Insert into VOTE.CODE_DATA (FIELD_NAME,CODE_NO,CODE_NAME,CODE_KEY,CODE_VAL,TM_SMP) values ('CUST_TYPE','CUST_TYPE','客户类型','Blank','Blank','2018-10-28');
Insert into VOTE.CODE_DATA (FIELD_NAME,CODE_NO,CODE_NAME,CODE_KEY,CODE_VAL,TM_SMP) values ('CUST_TYPE','CUST_TYPE','客户类型','Paper','Paper','2018-10-28');
Insert into VOTE.CODE_DATA (FIELD_NAME,CODE_NO,CODE_NAME,CODE_KEY,CODE_VAL,TM_SMP) values ('CUST_TYPE','CUST_TYPE','客户类型','Copper','Copper','2018-10-28');
Insert into VOTE.CODE_DATA (FIELD_NAME,CODE_NO,CODE_NAME,CODE_KEY,CODE_VAL,TM_SMP) values ('CUST_TYPE','CUST_TYPE','客户类型','Diamond','Diamond','2018-10-28');
Insert into VOTE.CODE_DATA (FIELD_NAME,CODE_NO,CODE_NAME,CODE_KEY,CODE_VAL,TM_SMP) values ('CUST_TYPE','CUST_TYPE','客户类型','Silver','Silver','2018-10-28');
Insert into VOTE.CODE_DATA (FIELD_NAME,CODE_NO,CODE_NAME,CODE_KEY,CODE_VAL,TM_SMP) values ('CUST_TYPE','CUST_TYPE','客户类型','06',null,'2018-10-28');
Insert into VOTE.CODE_DATA (FIELD_NAME,CODE_NO,CODE_NAME,CODE_KEY,CODE_VAL,TM_SMP) values ('CUST_TRADE','CUST_TRADE','客户行业','金融','金融','2018-10-28');
Insert into VOTE.CODE_DATA (FIELD_NAME,CODE_NO,CODE_NAME,CODE_KEY,CODE_VAL,TM_SMP) values ('PAY_CYCLE','PAY_CYCLE','结算周期','01','季结（90天）结算周期','2018-10-28');
Insert into VOTE.CODE_DATA (FIELD_NAME,CODE_NO,CODE_NAME,CODE_KEY,CODE_VAL,TM_SMP) values ('BG_VISIABLE','BG_VISIABLE','BG隐藏','金融解决方案业务部','金融解决方案业务部','2018-10-28');
Insert into VOTE.CODE_DATA (FIELD_NAME,CODE_NO,CODE_NAME,CODE_KEY,CODE_VAL,TM_SMP) values ('IS_USEFUL','IS_USEFUL','是否有效','00','有效','2018-10-28');
Insert into VOTE.CODE_DATA (FIELD_NAME,CODE_NO,CODE_NAME,CODE_KEY,CODE_VAL,TM_SMP) values ('COUNTRY','COUNTRY','国家/地区','中国','中国','2018-10-29');
Insert into VOTE.CODE_DATA (FIELD_NAME,CODE_NO,CODE_NAME,CODE_KEY,CODE_VAL,TM_SMP) values ('COUNTRY','COUNTRY','国家/地区','中国/香港','中国/香港','2018-10-29');
Insert into VOTE.CODE_DATA (FIELD_NAME,CODE_NO,CODE_NAME,CODE_KEY,CODE_VAL,TM_SMP) values ('menu_list','MENU_LIST','菜单级别','2','二级菜单','20170504');
Insert into VOTE.CODE_DATA (FIELD_NAME,CODE_NO,CODE_NAME,CODE_KEY,CODE_VAL,TM_SMP) values ('menu_list','MENU_LIST','菜单级别','1','一级菜单','20170504');
Insert into VOTE.CODE_DATA (FIELD_NAME,CODE_NO,CODE_NAME,CODE_KEY,CODE_VAL,TM_SMP) values ('PARAMS_TYPE','PARAMS_TYPE','参数类型','01','系统参数','20180125');
Insert into VOTE.CODE_DATA (FIELD_NAME,CODE_NO,CODE_NAME,CODE_KEY,CODE_VAL,TM_SMP) values ('PARAMS_TYPE','PARAMS_TYPE','参数类型','02','业务参数','20180125');
Insert into VOTE.CODE_DATA (FIELD_NAME,CODE_NO,CODE_NAME,CODE_KEY,CODE_VAL,TM_SMP) values ('CURR_STATUS','CURR_STATUS','流程状态','04','已驳回','20180109');
Insert into VOTE.CODE_DATA (FIELD_NAME,CODE_NO,CODE_NAME,CODE_KEY,CODE_VAL,TM_SMP) values ('CURR_STATUS','CURR_STATUS','流程状态','03','已结束','20180109');
Insert into VOTE.CODE_DATA (FIELD_NAME,CODE_NO,CODE_NAME,CODE_KEY,CODE_VAL,TM_SMP) values ('CURR_STATUS','CURR_STATUS','流程状态','02','审核中','20180109');
Insert into VOTE.CODE_DATA (FIELD_NAME,CODE_NO,CODE_NAME,CODE_KEY,CODE_VAL,TM_SMP) values ('CURR_STATUS','CURR_STATUS','流程状态','05','会签','20180123');
Insert into VOTE.CODE_DATA (FIELD_NAME,CODE_NO,CODE_NAME,CODE_KEY,CODE_VAL,TM_SMP) values ('CURR_STATUS','CURR_STATUS','流程状态','01','已启动','20180109');
Insert into VOTE.CODE_DATA (FIELD_NAME,CODE_NO,CODE_NAME,CODE_KEY,CODE_VAL,TM_SMP) values ('CURR_STATUS','CURR_STATUS','流程状态','00','待启动','20180109');
Insert into VOTE.CODE_DATA (FIELD_NAME,CODE_NO,CODE_NAME,CODE_KEY,CODE_VAL,TM_SMP) values ('TASK_TYPE','TASK_TYPE','任务类型','00','启动','2018-02-02');
Insert into VOTE.CODE_DATA (FIELD_NAME,CODE_NO,CODE_NAME,CODE_KEY,CODE_VAL,TM_SMP) values ('TASK_TYPE','TASK_TYPE','任务类型','01','提交下一步','2018-02-02');
Insert into VOTE.CODE_DATA (FIELD_NAME,CODE_NO,CODE_NAME,CODE_KEY,CODE_VAL,TM_SMP) values ('TASK_TYPE','TASK_TYPE','任务类型','02','驳回','2018-02-02');
Insert into VOTE.CODE_DATA (FIELD_NAME,CODE_NO,CODE_NAME,CODE_KEY,CODE_VAL,TM_SMP) values ('TASK_TYPE','TASK_TYPE','任务类型','03','提交会签','2018-02-02');
Insert into VOTE.CODE_DATA (FIELD_NAME,CODE_NO,CODE_NAME,CODE_KEY,CODE_VAL,TM_SMP) values ('TASK_TYPE','TASK_TYPE','任务类型','05','结束','2018-02-02');
Insert into VOTE.CODE_DATA (FIELD_NAME,CODE_NO,CODE_NAME,CODE_KEY,CODE_VAL,TM_SMP) values ('FILE_TYPE','FILE_TYPE','附件类型','00','鉴定申请表','20180125');
Insert into VOTE.CODE_DATA (FIELD_NAME,CODE_NO,CODE_NAME,CODE_KEY,CODE_VAL,TM_SMP) values ('FILE_TYPE','FILE_TYPE','附件类型','01','房屋所有权证材料复印件','20180125');
Insert into VOTE.CODE_DATA (FIELD_NAME,CODE_NO,CODE_NAME,CODE_KEY,CODE_VAL,TM_SMP) values ('FILE_TYPE','FILE_TYPE','附件类型','99','其他','20171219');
Insert into VOTE.CODE_DATA (FIELD_NAME,CODE_NO,CODE_NAME,CODE_KEY,CODE_VAL,TM_SMP) values ('FILE_TYPE','FILE_TYPE','附件类型','05','连云港市危房和老旧房屋鉴定申请表','20180125');
Insert into VOTE.CODE_DATA (FIELD_NAME,CODE_NO,CODE_NAME,CODE_KEY,CODE_VAL,TM_SMP) values ('FILE_TYPE','FILE_TYPE','附件类型','04','法律法规规定应当提供的其他资料','20180125');
Insert into VOTE.CODE_DATA (FIELD_NAME,CODE_NO,CODE_NAME,CODE_KEY,CODE_VAL,TM_SMP) values ('FILE_TYPE','FILE_TYPE','附件类型','02','房屋建筑施工图、结构施工图、历经改造的施工技术资料','20180125');
Insert into VOTE.CODE_DATA (FIELD_NAME,CODE_NO,CODE_NAME,CODE_KEY,CODE_VAL,TM_SMP) values ('FILE_TYPE','FILE_TYPE','附件类型','03','房屋所有权人的身份证复印件','20180125');
Insert into VOTE.CODE_DATA (FIELD_NAME,CODE_NO,CODE_NAME,CODE_KEY,CODE_VAL,TM_SMP) values ('REGION_TYPE','REGION_TYPE','区域级别','02','县','20170523');
Insert into VOTE.CODE_DATA (FIELD_NAME,CODE_NO,CODE_NAME,CODE_KEY,CODE_VAL,TM_SMP) values ('REGION_TYPE','REGION_TYPE','区域级别','01','区','20170523');
Insert into VOTE.CODE_DATA (FIELD_NAME,CODE_NO,CODE_NAME,CODE_KEY,CODE_VAL,TM_SMP) values ('ORG_TYPE','ORG_TYPE','机构类型','05','4级组织','2018-11-03');
Insert into VOTE.CODE_DATA (FIELD_NAME,CODE_NO,CODE_NAME,CODE_KEY,CODE_VAL,TM_SMP) values ('ORG_TYPE','ORG_TYPE','机构类型','04','3级组织','2018-11-03');
Insert into VOTE.CODE_DATA (FIELD_NAME,CODE_NO,CODE_NAME,CODE_KEY,CODE_VAL,TM_SMP) values ('ORG_TYPE','ORG_TYPE','机构类型','03','2级组织','2018-11-03');
Insert into VOTE.CODE_DATA (FIELD_NAME,CODE_NO,CODE_NAME,CODE_KEY,CODE_VAL,TM_SMP) values ('ORG_TYPE','ORG_TYPE','机构类型','02','1级组织','2018-11-03');
Insert into VOTE.CODE_DATA (FIELD_NAME,CODE_NO,CODE_NAME,CODE_KEY,CODE_VAL,TM_SMP) values ('ORG_TYPE','ORG_TYPE','机构类型','01','0级组织','2018-11-03');
Insert into VOTE.CODE_DATA (FIELD_NAME,CODE_NO,CODE_NAME,CODE_KEY,CODE_VAL,TM_SMP) values ('ORG_NATURE','ORG_NATURE','企业性质','01','全民所有制','2018-01-31');
Insert into VOTE.CODE_DATA (FIELD_NAME,CODE_NO,CODE_NAME,CODE_KEY,CODE_VAL,TM_SMP) values ('ORG_NATURE','ORG_NATURE','企业性质','02','有限责任公司','2018-01-31');
Insert into VOTE.CODE_DATA (FIELD_NAME,CODE_NO,CODE_NAME,CODE_KEY,CODE_VAL,TM_SMP) values ('ORG_NATURE','ORG_NATURE','企业性质','03','股份有限公司','2018-01-31');
Insert into VOTE.CODE_DATA (FIELD_NAME,CODE_NO,CODE_NAME,CODE_KEY,CODE_VAL,TM_SMP) values ('CSP_LEVEL','CSP_LEVEL','资质等级','1','一级资质','2018-02-01');
Insert into VOTE.CODE_DATA (FIELD_NAME,CODE_NO,CODE_NAME,CODE_KEY,CODE_VAL,TM_SMP) values ('CSP_LEVEL','CSP_LEVEL','资质等级','2','二级资质','2018-02-01');
Insert into VOTE.CODE_DATA (FIELD_NAME,CODE_NO,CODE_NAME,CODE_KEY,CODE_VAL,TM_SMP) values ('CSP_LEVEL','CSP_LEVEL','资质等级','3','三级资质','2018-02-01');
Insert into VOTE.CODE_DATA (FIELD_NAME,CODE_NO,CODE_NAME,CODE_KEY,CODE_VAL,TM_SMP) values ('CSP_LEVEL','CSP_LEVEL','资质等级','4','三级暂定','2018-02-01');
Insert into VOTE.CODE_DATA (FIELD_NAME,CODE_NO,CODE_NAME,CODE_KEY,CODE_VAL,TM_SMP) values ('IS_FLAG','IS_FLAG','是否状态','01','是','20170515');
Insert into VOTE.CODE_DATA (FIELD_NAME,CODE_NO,CODE_NAME,CODE_KEY,CODE_VAL,TM_SMP) values ('IS_FLAG','IS_FLAG','是否状态','02','否','20170515');
Insert into VOTE.CODE_DATA (FIELD_NAME,CODE_NO,CODE_NAME,CODE_KEY,CODE_VAL,TM_SMP) values ('SECTTYPE','SECTTYPE','物业类型','01','住宅','2018-02-06');
Insert into VOTE.CODE_DATA (FIELD_NAME,CODE_NO,CODE_NAME,CODE_KEY,CODE_VAL,TM_SMP) values ('SECTTYPE','SECTTYPE','物业类型','02','非住宅','2018-02-06');
Insert into VOTE.CODE_DATA (FIELD_NAME,CODE_NO,CODE_NAME,CODE_KEY,CODE_VAL,TM_SMP) values ('SECTTYPESUB1','SECTTYPESUB1','物业类型子项','01','多层住宅','2018-02-06');
Insert into VOTE.CODE_DATA (FIELD_NAME,CODE_NO,CODE_NAME,CODE_KEY,CODE_VAL,TM_SMP) values ('SECTTYPESUB1','SECTTYPESUB1','物业类型子项','02','高层住宅','2018-02-06');
Insert into VOTE.CODE_DATA (FIELD_NAME,CODE_NO,CODE_NAME,CODE_KEY,CODE_VAL,TM_SMP) values ('SECTTYPESUB1','SECTTYPESUB1','物业类型子项','03','联体别墅','2018-02-06');
Insert into VOTE.CODE_DATA (FIELD_NAME,CODE_NO,CODE_NAME,CODE_KEY,CODE_VAL,TM_SMP) values ('SECTTYPESUB1','SECTTYPESUB1','物业类型子项','04','单体别墅','2018-02-06');
Insert into VOTE.CODE_DATA (FIELD_NAME,CODE_NO,CODE_NAME,CODE_KEY,CODE_VAL,TM_SMP) values ('SECTTYPESUB2','SECTTYPESUB2','物业类型子项','05','商业用房','2018-02-06');
Insert into VOTE.CODE_DATA (FIELD_NAME,CODE_NO,CODE_NAME,CODE_KEY,CODE_VAL,TM_SMP) values ('SECTTYPESUB2','SECTTYPESUB2','物业类型子项','06','工业厂房','2018-02-06');
Insert into VOTE.CODE_DATA (FIELD_NAME,CODE_NO,CODE_NAME,CODE_KEY,CODE_VAL,TM_SMP) values ('SECTTYPESUB2','SECTTYPESUB2','物业类型子项','07','写字楼','2018-02-06');
Insert into VOTE.CODE_DATA (FIELD_NAME,CODE_NO,CODE_NAME,CODE_KEY,CODE_VAL,TM_SMP) values ('SECTTYPESUB2','SECTTYPESUB2','物业类型子项','08','其他','2018-02-06');
Insert into VOTE.CODE_DATA (FIELD_NAME,CODE_NO,CODE_NAME,CODE_KEY,CODE_VAL,TM_SMP) values ('USER_STATUS','USER_STATUS','用户状态','0','正常使用','2018-01-31');
Insert into VOTE.CODE_DATA (FIELD_NAME,CODE_NO,CODE_NAME,CODE_KEY,CODE_VAL,TM_SMP) values ('USER_STATUS','USER_STATUS','用户状态','2','禁用','2018-01-31');
Insert into VOTE.CODE_DATA (FIELD_NAME,CODE_NO,CODE_NAME,CODE_KEY,CODE_VAL,TM_SMP) values ('USER_STATUS','USER_STATUS','用户状态','3','已注销','2018-01-31');
Insert into VOTE.CODE_DATA (FIELD_NAME,CODE_NO,CODE_NAME,CODE_KEY,CODE_VAL,TM_SMP) values ('APP_TYPE','APP_TYPE','流程类型','SECTADDFLOW','项目信息采集流程','2018-02-07');
Insert into VOTE.CODE_DATA (FIELD_NAME,CODE_NO,CODE_NAME,CODE_KEY,CODE_VAL,TM_SMP) values ('APP_TYPE','APP_TYPE','流程类型','LEAVE_PROCESS','部门请假流程','20180105');
Insert into VOTE.CODE_DATA (FIELD_NAME,CODE_NO,CODE_NAME,CODE_KEY,CODE_VAL,TM_SMP) values ('ORG_STATUS','ORG_STATUS','机构状态','0','正常使用','2018-01-31');
Insert into VOTE.CODE_DATA (FIELD_NAME,CODE_NO,CODE_NAME,CODE_KEY,CODE_VAL,TM_SMP) values ('ORG_STATUS','ORG_STATUS','机构状态','1','禁用','2018-01-31');
Insert into VOTE.CODE_DATA (FIELD_NAME,CODE_NO,CODE_NAME,CODE_KEY,CODE_VAL,TM_SMP) values ('ORG_STATUS','ORG_STATUS','机构状态','2','已注销','2018-01-31');
Insert into VOTE.CODE_DATA (FIELD_NAME,CODE_NO,CODE_NAME,CODE_KEY,CODE_VAL,TM_SMP) values ('EDUCATION','EDUCATION','文化程度','1','初中','2018-02-07');
Insert into VOTE.CODE_DATA (FIELD_NAME,CODE_NO,CODE_NAME,CODE_KEY,CODE_VAL,TM_SMP) values ('EDUCATION','EDUCATION','文化程度','2','高中','2018-02-07');
Insert into VOTE.CODE_DATA (FIELD_NAME,CODE_NO,CODE_NAME,CODE_KEY,CODE_VAL,TM_SMP) values ('EDUCATION','EDUCATION','文化程度','3','大专','2018-02-07');
Insert into VOTE.CODE_DATA (FIELD_NAME,CODE_NO,CODE_NAME,CODE_KEY,CODE_VAL,TM_SMP) values ('EDUCATION','EDUCATION','文化程度','4','本科','2018-02-07');
Insert into VOTE.CODE_DATA (FIELD_NAME,CODE_NO,CODE_NAME,CODE_KEY,CODE_VAL,TM_SMP) values ('EDUCATION','EDUCATION','文化程度','5','硕士研究生','2018-02-07');
Insert into VOTE.CODE_DATA (FIELD_NAME,CODE_NO,CODE_NAME,CODE_KEY,CODE_VAL,TM_SMP) values ('EDUCATION','EDUCATION','文化程度','6','博士研究生','2018-02-07');
Insert into VOTE.CODE_DATA (FIELD_NAME,CODE_NO,CODE_NAME,CODE_KEY,CODE_VAL,TM_SMP) values ('SEXTYPE','SEXTYPE','性别','1','男','2018-02-07');
Insert into VOTE.CODE_DATA (FIELD_NAME,CODE_NO,CODE_NAME,CODE_KEY,CODE_VAL,TM_SMP) values ('SEXTYPE','SEXTYPE','性别','2','女','2018-02-07');
Insert into VOTE.CODE_DATA (FIELD_NAME,CODE_NO,CODE_NAME,CODE_KEY,CODE_VAL,TM_SMP) values ('CERTTYPE','CERTTYPE','证件类型','1','身份证','2018-02-07');
Insert into VOTE.CODE_DATA (FIELD_NAME,CODE_NO,CODE_NAME,CODE_KEY,CODE_VAL,TM_SMP) values ('USER_TYPE','USER_TYPE','人员类型','01','项目经理','2018-02-09');
Insert into VOTE.CODE_DATA (FIELD_NAME,CODE_NO,CODE_NAME,CODE_KEY,CODE_VAL,TM_SMP) values ('NORM_STATUS','NORM_STATUS','指标状态','0','待启用','2018-02-27');
Insert into VOTE.CODE_DATA (FIELD_NAME,CODE_NO,CODE_NAME,CODE_KEY,CODE_VAL,TM_SMP) values ('NORM_STATUS','NORM_STATUS','指标状态','1','正常','2018-02-27');
Insert into VOTE.CODE_DATA (FIELD_NAME,CODE_NO,CODE_NAME,CODE_KEY,CODE_VAL,TM_SMP) values ('NORM_STATUS','NORM_STATUS','指标状态','2','已注销','2018-02-27');
Insert into VOTE.CODE_DATA (FIELD_NAME,CODE_NO,CODE_NAME,CODE_KEY,CODE_VAL,TM_SMP) values ('APP_TYPE','APP_TYPE','流程类型','SECTDELEFLOW','项目信息删除流程','2018-02-28');
Insert into VOTE.CODE_DATA (FIELD_NAME,CODE_NO,CODE_NAME,CODE_KEY,CODE_VAL,TM_SMP) values ('CreditQuotaObject','CreditQuotaObject','诚信指标适用主体类型','01','物业公司','2018-03-09');
Insert into VOTE.CODE_DATA (FIELD_NAME,CODE_NO,CODE_NAME,CODE_KEY,CODE_VAL,TM_SMP) values ('CreditQuotaObject','CreditQuotaObject','诚信指标适用主体类型','02','项目经理','2018-03-09');
Insert into VOTE.CODE_DATA (FIELD_NAME,CODE_NO,CODE_NAME,CODE_KEY,CODE_VAL,TM_SMP) values ('CreditQuotaObject','CreditQuotaObject','诚信指标适用主体类型','03','物业公司和项目经理','2018-03-09');
Insert into VOTE.CODE_DATA (FIELD_NAME,CODE_NO,CODE_NAME,CODE_KEY,CODE_VAL,TM_SMP) values ('CreditInfoFrom','CreditInfoFrom','不良信息来源','01','违法违规','2018-03-12');
Insert into VOTE.CODE_DATA (FIELD_NAME,CODE_NO,CODE_NAME,CODE_KEY,CODE_VAL,TM_SMP) values ('CreditInfoFrom','CreditInfoFrom','不良信息来源','02','日常巡查及监督检查','2018-03-14');
Insert into VOTE.CODE_DATA (FIELD_NAME,CODE_NO,CODE_NAME,CODE_KEY,CODE_VAL,TM_SMP) values ('CreditInfoFrom','CreditInfoFrom','不良信息来源','03','投诉信访','2018-03-12');
Insert into VOTE.CODE_DATA (FIELD_NAME,CODE_NO,CODE_NAME,CODE_KEY,CODE_VAL,TM_SMP) values ('CreditInfoFrom','CreditInfoFrom','不良信息来源','04','媒体曝光','2018-03-12');
Insert into VOTE.CODE_DATA (FIELD_NAME,CODE_NO,CODE_NAME,CODE_KEY,CODE_VAL,TM_SMP) values ('BID_STATUS','BID_STATUS','投标状态','00','待发起评审',null);
Insert into VOTE.CODE_DATA (FIELD_NAME,CODE_NO,CODE_NAME,CODE_KEY,CODE_VAL,TM_SMP) values ('PROJECT_TYPE','PROJECT_TYPE','项目类型','01','人力项目',null);
Insert into VOTE.CODE_DATA (FIELD_NAME,CODE_NO,CODE_NAME,CODE_KEY,CODE_VAL,TM_SMP) values ('PROJECT_TYPE','PROJECT_TYPE','项目类型','02','订单项目',null);
Insert into VOTE.CODE_DATA (FIELD_NAME,CODE_NO,CODE_NAME,CODE_KEY,CODE_VAL,TM_SMP) values ('PROJECT_TYPE','PROJECT_TYPE','项目类型','03','内部研发项目',null);
Insert into VOTE.CODE_DATA (FIELD_NAME,CODE_NO,CODE_NAME,CODE_KEY,CODE_VAL,TM_SMP) values ('PROJECT_STATUS','PROJECT_STATUS','项目状态','01','结项',null);
Insert into VOTE.CODE_DATA (FIELD_NAME,CODE_NO,CODE_NAME,CODE_KEY,CODE_VAL,TM_SMP) values ('PROJECT_STATUS','PROJECT_STATUS','项目状态','02','待验收',null);
Insert into VOTE.CODE_DATA (FIELD_NAME,CODE_NO,CODE_NAME,CODE_KEY,CODE_VAL,TM_SMP) values ('PROJECT_STATUS','PROJECT_STATUS','项目状态','03','关闭',null);
Insert into VOTE.CODE_DATA (FIELD_NAME,CODE_NO,CODE_NAME,CODE_KEY,CODE_VAL,TM_SMP) values ('IS_IMPORTANT','IS_IMPORTANT','是否重点项目','00','是',null);
Insert into VOTE.CODE_DATA (FIELD_NAME,CODE_NO,CODE_NAME,CODE_KEY,CODE_VAL,TM_SMP) values ('IS_IMPORTANT','IS_IMPORTANT','是否重点项目','01','否',null);
Insert into VOTE.CODE_DATA (FIELD_NAME,CODE_NO,CODE_NAME,CODE_KEY,CODE_VAL,TM_SMP) values ('APPROVE_STATUS','APPROVE_STATUS','审批状态','00','待申请',null);
Insert into VOTE.CODE_DATA (FIELD_NAME,CODE_NO,CODE_NAME,CODE_KEY,CODE_VAL,TM_SMP) values ('APPROVE_STATUS','APPROVE_STATUS','审批状态','01','待实施审批',null);
Insert into VOTE.CODE_DATA (FIELD_NAME,CODE_NO,CODE_NAME,CODE_KEY,CODE_VAL,TM_SMP) values ('APPROVE_STATUS','APPROVE_STATUS','审批状态','02','实施审批退回',null);
Insert into VOTE.CODE_DATA (FIELD_NAME,CODE_NO,CODE_NAME,CODE_KEY,CODE_VAL,TM_SMP) values ('APPROVE_STATUS','APPROVE_STATUS','审批状态','03','待销售审批',null);
Insert into VOTE.CODE_DATA (FIELD_NAME,CODE_NO,CODE_NAME,CODE_KEY,CODE_VAL,TM_SMP) values ('APPROVE_STATUS','APPROVE_STATUS','审批状态','04','销售审批退回',null);
Insert into VOTE.CODE_DATA (FIELD_NAME,CODE_NO,CODE_NAME,CODE_KEY,CODE_VAL,TM_SMP) values ('APPROVE_STATUS','APPROVE_STATUS','审批状态','05','待技术总监审批',null);
Insert into VOTE.CODE_DATA (FIELD_NAME,CODE_NO,CODE_NAME,CODE_KEY,CODE_VAL,TM_SMP) values ('APPROVE_STATUS','APPROVE_STATUS','审批状态','06','技术总监退回',null);
Insert into VOTE.CODE_DATA (FIELD_NAME,CODE_NO,CODE_NAME,CODE_KEY,CODE_VAL,TM_SMP) values ('APPROVE_STATUS','APPROVE_STATUS','审批状态','07','审批通过',null);
Insert into VOTE.CODE_DATA (FIELD_NAME,CODE_NO,CODE_NAME,CODE_KEY,CODE_VAL,TM_SMP) values ('FILE_BUSINESS_TYPE','FILE_BUSINESS_TYPE','文件业务类型','00','招标文件',null);
Insert into VOTE.CODE_DATA (FIELD_NAME,CODE_NO,CODE_NAME,CODE_KEY,CODE_VAL,TM_SMP) values ('FILE_BUSINESS_TYPE','FILE_BUSINESS_TYPE','文件业务类型','01','客户需求文件',null);
Insert into VOTE.CODE_DATA (FIELD_NAME,CODE_NO,CODE_NAME,CODE_KEY,CODE_VAL,TM_SMP) values ('FILE_BUSINESS_TYPE','FILE_BUSINESS_TYPE','文件业务类型','02','内部评审文件',null);
Insert into VOTE.CODE_DATA (FIELD_NAME,CODE_NO,CODE_NAME,CODE_KEY,CODE_VAL,TM_SMP) values ('TRADE_CODE','TRADE_CODE','行业代码','00','金融',null);
Insert into VOTE.CODE_DATA (FIELD_NAME,CODE_NO,CODE_NAME,CODE_KEY,CODE_VAL,TM_SMP) values ('REGIONAL_MARKET','REGIONAL_MARKET','地区市场','00','中国',null);
REM INSERTING into VOTE.COST_INFO
SET DEFINE OFF;
Insert into VOTE.COST_INFO (COST_ID,ORG_ID,IS_DELETE) values ('001',2,'0');
Insert into VOTE.COST_INFO (COST_ID,ORG_ID,IS_DELETE) values ('002',2,'1');
REM INSERTING into VOTE.EXCEL_CELL
SET DEFINE OFF;
Insert into VOTE.EXCEL_CELL (EXCEL_CELL_ID,EXCEL_SHEET_ID,EXCEL_CELL_CN_NAME,EXCEL_CELL_EN_NAME,EXCEL_CELL_COL_NUM,EXCEL_CELL_ROW_NUM,EXCEL_CELL_TYPE,EXCEL_DATA_TYPE,EXCEL_DEFAULT_VALUE,IS_DELETE) values (2,1,'客户名称','custCnName',15,2,'00','string',null,null);
Insert into VOTE.EXCEL_CELL (EXCEL_CELL_ID,EXCEL_SHEET_ID,EXCEL_CELL_CN_NAME,EXCEL_CELL_EN_NAME,EXCEL_CELL_COL_NUM,EXCEL_CELL_ROW_NUM,EXCEL_CELL_TYPE,EXCEL_DATA_TYPE,EXCEL_DEFAULT_VALUE,IS_DELETE) values (4,1,'国家/地区','country',0,2,'00','string',null,null);
Insert into VOTE.EXCEL_CELL (EXCEL_CELL_ID,EXCEL_SHEET_ID,EXCEL_CELL_CN_NAME,EXCEL_CELL_EN_NAME,EXCEL_CELL_COL_NUM,EXCEL_CELL_ROW_NUM,EXCEL_CELL_TYPE,EXCEL_DATA_TYPE,EXCEL_DEFAULT_VALUE,IS_DELETE) values (5,1,'SAP编码','sapCode',1,2,'00','string',null,null);
Insert into VOTE.EXCEL_CELL (EXCEL_CELL_ID,EXCEL_SHEET_ID,EXCEL_CELL_CN_NAME,EXCEL_CELL_EN_NAME,EXCEL_CELL_COL_NUM,EXCEL_CELL_ROW_NUM,EXCEL_CELL_TYPE,EXCEL_DATA_TYPE,EXCEL_DEFAULT_VALUE,IS_DELETE) values (6,1,'英文名称','enName',2,2,'00','string',null,null);
Insert into VOTE.EXCEL_CELL (EXCEL_CELL_ID,EXCEL_SHEET_ID,EXCEL_CELL_CN_NAME,EXCEL_CELL_EN_NAME,EXCEL_CELL_COL_NUM,EXCEL_CELL_ROW_NUM,EXCEL_CELL_TYPE,EXCEL_DATA_TYPE,EXCEL_DEFAULT_VALUE,IS_DELETE) values (7,1,'客户纳税识别码','custPatTaxesCode',3,2,'00','string',null,null);
Insert into VOTE.EXCEL_CELL (EXCEL_CELL_ID,EXCEL_SHEET_ID,EXCEL_CELL_CN_NAME,EXCEL_CELL_EN_NAME,EXCEL_CELL_COL_NUM,EXCEL_CELL_ROW_NUM,EXCEL_CELL_TYPE,EXCEL_DATA_TYPE,EXCEL_DEFAULT_VALUE,IS_DELETE) values (8,1,'客户类型','custType',4,2,'00','string',null,null);
Insert into VOTE.EXCEL_CELL (EXCEL_CELL_ID,EXCEL_SHEET_ID,EXCEL_CELL_CN_NAME,EXCEL_CELL_EN_NAME,EXCEL_CELL_COL_NUM,EXCEL_CELL_ROW_NUM,EXCEL_CELL_TYPE,EXCEL_DATA_TYPE,EXCEL_DEFAULT_VALUE,IS_DELETE) values (9,1,'地址','address',5,2,'00','string',null,null);
Insert into VOTE.EXCEL_CELL (EXCEL_CELL_ID,EXCEL_SHEET_ID,EXCEL_CELL_CN_NAME,EXCEL_CELL_EN_NAME,EXCEL_CELL_COL_NUM,EXCEL_CELL_ROW_NUM,EXCEL_CELL_TYPE,EXCEL_DATA_TYPE,EXCEL_DEFAULT_VALUE,IS_DELETE) values (10,1,'现金管理组','cashManagementGroup',6,2,'00','string',null,null);
Insert into VOTE.EXCEL_CELL (EXCEL_CELL_ID,EXCEL_SHEET_ID,EXCEL_CELL_CN_NAME,EXCEL_CELL_EN_NAME,EXCEL_CELL_COL_NUM,EXCEL_CELL_ROW_NUM,EXCEL_CELL_TYPE,EXCEL_DATA_TYPE,EXCEL_DEFAULT_VALUE,IS_DELETE) values (11,1,'付款条件','payCondition',7,2,'00','string',null,null);
Insert into VOTE.EXCEL_CELL (EXCEL_CELL_ID,EXCEL_SHEET_ID,EXCEL_CELL_CN_NAME,EXCEL_CELL_EN_NAME,EXCEL_CELL_COL_NUM,EXCEL_CELL_ROW_NUM,EXCEL_CELL_TYPE,EXCEL_DATA_TYPE,EXCEL_DEFAULT_VALUE,IS_DELETE) values (12,1,'行业代码','tradeCode',8,2,'00','string',null,null);
Insert into VOTE.EXCEL_CELL (EXCEL_CELL_ID,EXCEL_SHEET_ID,EXCEL_CELL_CN_NAME,EXCEL_CELL_EN_NAME,EXCEL_CELL_COL_NUM,EXCEL_CELL_ROW_NUM,EXCEL_CELL_TYPE,EXCEL_DATA_TYPE,EXCEL_DEFAULT_VALUE,IS_DELETE) values (13,1,'地区市场','regionalMarket',9,2,'00','string',null,null);
Insert into VOTE.EXCEL_CELL (EXCEL_CELL_ID,EXCEL_SHEET_ID,EXCEL_CELL_CN_NAME,EXCEL_CELL_EN_NAME,EXCEL_CELL_COL_NUM,EXCEL_CELL_ROW_NUM,EXCEL_CELL_TYPE,EXCEL_DATA_TYPE,EXCEL_DEFAULT_VALUE,IS_DELETE) values (14,1,'主营业务','mainBusiness',10,2,'00','string',null,null);
Insert into VOTE.EXCEL_CELL (EXCEL_CELL_ID,EXCEL_SHEET_ID,EXCEL_CELL_CN_NAME,EXCEL_CELL_EN_NAME,EXCEL_CELL_COL_NUM,EXCEL_CELL_ROW_NUM,EXCEL_CELL_TYPE,EXCEL_DATA_TYPE,EXCEL_DEFAULT_VALUE,IS_DELETE) values (15,1,'地区','area',11,2,'00','string',null,null);
Insert into VOTE.EXCEL_CELL (EXCEL_CELL_ID,EXCEL_SHEET_ID,EXCEL_CELL_CN_NAME,EXCEL_CELL_EN_NAME,EXCEL_CELL_COL_NUM,EXCEL_CELL_ROW_NUM,EXCEL_CELL_TYPE,EXCEL_DATA_TYPE,EXCEL_DEFAULT_VALUE,IS_DELETE) values (16,1,'客户行业','custTrade',12,2,'00','string',null,null);
Insert into VOTE.EXCEL_CELL (EXCEL_CELL_ID,EXCEL_SHEET_ID,EXCEL_CELL_CN_NAME,EXCEL_CELL_EN_NAME,EXCEL_CELL_COL_NUM,EXCEL_CELL_ROW_NUM,EXCEL_CELL_TYPE,EXCEL_DATA_TYPE,EXCEL_DEFAULT_VALUE,IS_DELETE) values (17,1,'结算周期','payCycle',13,2,'00','string',null,null);
Insert into VOTE.EXCEL_CELL (EXCEL_CELL_ID,EXCEL_SHEET_ID,EXCEL_CELL_CN_NAME,EXCEL_CELL_EN_NAME,EXCEL_CELL_COL_NUM,EXCEL_CELL_ROW_NUM,EXCEL_CELL_TYPE,EXCEL_DATA_TYPE,EXCEL_DEFAULT_VALUE,IS_DELETE) values (18,1,'是否有效','isUseful',14,2,'00','string',null,null);
Insert into VOTE.EXCEL_CELL (EXCEL_CELL_ID,EXCEL_SHEET_ID,EXCEL_CELL_CN_NAME,EXCEL_CELL_EN_NAME,EXCEL_CELL_COL_NUM,EXCEL_CELL_ROW_NUM,EXCEL_CELL_TYPE,EXCEL_DATA_TYPE,EXCEL_DEFAULT_VALUE,IS_DELETE) values (19,1,'集团公司','groupCompany',16,2,'00','string',null,null);
Insert into VOTE.EXCEL_CELL (EXCEL_CELL_ID,EXCEL_SHEET_ID,EXCEL_CELL_CN_NAME,EXCEL_CELL_EN_NAME,EXCEL_CELL_COL_NUM,EXCEL_CELL_ROW_NUM,EXCEL_CELL_TYPE,EXCEL_DATA_TYPE,EXCEL_DEFAULT_VALUE,IS_DELETE) values (20,1,'BG隐藏','bgVisiable',17,2,'00','string',null,null);
Insert into VOTE.EXCEL_CELL (EXCEL_CELL_ID,EXCEL_SHEET_ID,EXCEL_CELL_CN_NAME,EXCEL_CELL_EN_NAME,EXCEL_CELL_COL_NUM,EXCEL_CELL_ROW_NUM,EXCEL_CELL_TYPE,EXCEL_DATA_TYPE,EXCEL_DEFAULT_VALUE,IS_DELETE) values (21,1,'公司代码','companyCode',18,2,'00','string',null,null);
Insert into VOTE.EXCEL_CELL (EXCEL_CELL_ID,EXCEL_SHEET_ID,EXCEL_CELL_CN_NAME,EXCEL_CELL_EN_NAME,EXCEL_CELL_COL_NUM,EXCEL_CELL_ROW_NUM,EXCEL_CELL_TYPE,EXCEL_DATA_TYPE,EXCEL_DEFAULT_VALUE,IS_DELETE) values (22,1,'公司代码（职能）','companyFuncCode',19,2,'00','string',null,null);
Insert into VOTE.EXCEL_CELL (EXCEL_CELL_ID,EXCEL_SHEET_ID,EXCEL_CELL_CN_NAME,EXCEL_CELL_EN_NAME,EXCEL_CELL_COL_NUM,EXCEL_CELL_ROW_NUM,EXCEL_CELL_TYPE,EXCEL_DATA_TYPE,EXCEL_DEFAULT_VALUE,IS_DELETE) values (23,1,'创建日期','createTime',20,2,'00','string',null,null);
Insert into VOTE.EXCEL_CELL (EXCEL_CELL_ID,EXCEL_SHEET_ID,EXCEL_CELL_CN_NAME,EXCEL_CELL_EN_NAME,EXCEL_CELL_COL_NUM,EXCEL_CELL_ROW_NUM,EXCEL_CELL_TYPE,EXCEL_DATA_TYPE,EXCEL_DEFAULT_VALUE,IS_DELETE) values (40,2,'预算编号','yearBudgetCode',1,1,'01','string','预算编号',null);
Insert into VOTE.EXCEL_CELL (EXCEL_CELL_ID,EXCEL_SHEET_ID,EXCEL_CELL_CN_NAME,EXCEL_CELL_EN_NAME,EXCEL_CELL_COL_NUM,EXCEL_CELL_ROW_NUM,EXCEL_CELL_TYPE,EXCEL_DATA_TYPE,EXCEL_DEFAULT_VALUE,IS_DELETE) values (41,2,'是否新客户','isNewCust',2,1,'01','string','是否新客户',null);
Insert into VOTE.EXCEL_CELL (EXCEL_CELL_ID,EXCEL_SHEET_ID,EXCEL_CELL_CN_NAME,EXCEL_CELL_EN_NAME,EXCEL_CELL_COL_NUM,EXCEL_CELL_ROW_NUM,EXCEL_CELL_TYPE,EXCEL_DATA_TYPE,EXCEL_DEFAULT_VALUE,IS_DELETE) values (42,2,'客户名称','custName',3,1,'01','string','客户名称',null);
Insert into VOTE.EXCEL_CELL (EXCEL_CELL_ID,EXCEL_SHEET_ID,EXCEL_CELL_CN_NAME,EXCEL_CELL_EN_NAME,EXCEL_CELL_COL_NUM,EXCEL_CELL_ROW_NUM,EXCEL_CELL_TYPE,EXCEL_DATA_TYPE,EXCEL_DEFAULT_VALUE,IS_DELETE) values (43,2,'客户SAPCode','sapCode',4,1,'01','string','客户SAPCode',null);
Insert into VOTE.EXCEL_CELL (EXCEL_CELL_ID,EXCEL_SHEET_ID,EXCEL_CELL_CN_NAME,EXCEL_CELL_EN_NAME,EXCEL_CELL_COL_NUM,EXCEL_CELL_ROW_NUM,EXCEL_CELL_TYPE,EXCEL_DATA_TYPE,EXCEL_DEFAULT_VALUE,IS_DELETE) values (44,2,'项目名称','projectName',5,1,'01','string','项目名称',null);
Insert into VOTE.EXCEL_CELL (EXCEL_CELL_ID,EXCEL_SHEET_ID,EXCEL_CELL_CN_NAME,EXCEL_CELL_EN_NAME,EXCEL_CELL_COL_NUM,EXCEL_CELL_ROW_NUM,EXCEL_CELL_TYPE,EXCEL_DATA_TYPE,EXCEL_DEFAULT_VALUE,IS_DELETE) values (45,2,'项目WBS编号','wbs',6,1,'01','string','项目WBS编号',null);
Insert into VOTE.EXCEL_CELL (EXCEL_CELL_ID,EXCEL_SHEET_ID,EXCEL_CELL_CN_NAME,EXCEL_CELL_EN_NAME,EXCEL_CELL_COL_NUM,EXCEL_CELL_ROW_NUM,EXCEL_CELL_TYPE,EXCEL_DATA_TYPE,EXCEL_DEFAULT_VALUE,IS_DELETE) values (46,2,'项目类型','projectType',7,1,'01','string','项目类型',null);
Insert into VOTE.EXCEL_CELL (EXCEL_CELL_ID,EXCEL_SHEET_ID,EXCEL_CELL_CN_NAME,EXCEL_CELL_EN_NAME,EXCEL_CELL_COL_NUM,EXCEL_CELL_ROW_NUM,EXCEL_CELL_TYPE,EXCEL_DATA_TYPE,EXCEL_DEFAULT_VALUE,IS_DELETE) values (47,2,'收入来源','revebueSource',8,1,'01','string','收入来源',null);
Insert into VOTE.EXCEL_CELL (EXCEL_CELL_ID,EXCEL_SHEET_ID,EXCEL_CELL_CN_NAME,EXCEL_CELL_EN_NAME,EXCEL_CELL_COL_NUM,EXCEL_CELL_ROW_NUM,EXCEL_CELL_TYPE,EXCEL_DATA_TYPE,EXCEL_DEFAULT_VALUE,IS_DELETE) values (48,2,'公司实体名称','companyEntityName',9,1,'01','string','公司实体名称',null);
Insert into VOTE.EXCEL_CELL (EXCEL_CELL_ID,EXCEL_SHEET_ID,EXCEL_CELL_CN_NAME,EXCEL_CELL_EN_NAME,EXCEL_CELL_COL_NUM,EXCEL_CELL_ROW_NUM,EXCEL_CELL_TYPE,EXCEL_DATA_TYPE,EXCEL_DEFAULT_VALUE,IS_DELETE) values (49,2,'公司实体编号','companyCode',10,1,'01','string','公司实体编号',null);
Insert into VOTE.EXCEL_CELL (EXCEL_CELL_ID,EXCEL_SHEET_ID,EXCEL_CELL_CN_NAME,EXCEL_CELL_EN_NAME,EXCEL_CELL_COL_NUM,EXCEL_CELL_ROW_NUM,EXCEL_CELL_TYPE,EXCEL_DATA_TYPE,EXCEL_DEFAULT_VALUE,IS_DELETE) values (50,2,'合同ID','contractId',11,1,'01','string','合同ID',null);
Insert into VOTE.EXCEL_CELL (EXCEL_CELL_ID,EXCEL_SHEET_ID,EXCEL_CELL_CN_NAME,EXCEL_CELL_EN_NAME,EXCEL_CELL_COL_NUM,EXCEL_CELL_ROW_NUM,EXCEL_CELL_TYPE,EXCEL_DATA_TYPE,EXCEL_DEFAULT_VALUE,IS_DELETE) values (51,2,'合同编号','contractCode',12,1,'01','string','合同编号',null);
Insert into VOTE.EXCEL_CELL (EXCEL_CELL_ID,EXCEL_SHEET_ID,EXCEL_CELL_CN_NAME,EXCEL_CELL_EN_NAME,EXCEL_CELL_COL_NUM,EXCEL_CELL_ROW_NUM,EXCEL_CELL_TYPE,EXCEL_DATA_TYPE,EXCEL_DEFAULT_VALUE,IS_DELETE) values (52,2,'合同名称','contractName',13,1,'01','string','合同名称',null);
Insert into VOTE.EXCEL_CELL (EXCEL_CELL_ID,EXCEL_SHEET_ID,EXCEL_CELL_CN_NAME,EXCEL_CELL_EN_NAME,EXCEL_CELL_COL_NUM,EXCEL_CELL_ROW_NUM,EXCEL_CELL_TYPE,EXCEL_DATA_TYPE,EXCEL_DEFAULT_VALUE,IS_DELETE) values (53,2,'采购单','revenueSource',14,1,'01','string','采购单',null);
Insert into VOTE.EXCEL_CELL (EXCEL_CELL_ID,EXCEL_SHEET_ID,EXCEL_CELL_CN_NAME,EXCEL_CELL_EN_NAME,EXCEL_CELL_COL_NUM,EXCEL_CELL_ROW_NUM,EXCEL_CELL_TYPE,EXCEL_DATA_TYPE,EXCEL_DEFAULT_VALUE,IS_DELETE) values (54,2,'客户经理编号','custManagerId',15,1,'01','string','客户经理编号',null);
Insert into VOTE.EXCEL_CELL (EXCEL_CELL_ID,EXCEL_SHEET_ID,EXCEL_CELL_CN_NAME,EXCEL_CELL_EN_NAME,EXCEL_CELL_COL_NUM,EXCEL_CELL_ROW_NUM,EXCEL_CELL_TYPE,EXCEL_DATA_TYPE,EXCEL_DEFAULT_VALUE,IS_DELETE) values (55,2,'客户经理名称','custManagerName',16,1,'01','string','客户经理名称',null);
Insert into VOTE.EXCEL_CELL (EXCEL_CELL_ID,EXCEL_SHEET_ID,EXCEL_CELL_CN_NAME,EXCEL_CELL_EN_NAME,EXCEL_CELL_COL_NUM,EXCEL_CELL_ROW_NUM,EXCEL_CELL_TYPE,EXCEL_DATA_TYPE,EXCEL_DEFAULT_VALUE,IS_DELETE) values (56,2,'税种','taxType',17,1,'01','string','税种',null);
Insert into VOTE.EXCEL_CELL (EXCEL_CELL_ID,EXCEL_SHEET_ID,EXCEL_CELL_CN_NAME,EXCEL_CELL_EN_NAME,EXCEL_CELL_COL_NUM,EXCEL_CELL_ROW_NUM,EXCEL_CELL_TYPE,EXCEL_DATA_TYPE,EXCEL_DEFAULT_VALUE,IS_DELETE) values (57,2,'收入类型','incommingType',18,1,'01','string','收入类型',null);
Insert into VOTE.EXCEL_CELL (EXCEL_CELL_ID,EXCEL_SHEET_ID,EXCEL_CELL_CN_NAME,EXCEL_CELL_EN_NAME,EXCEL_CELL_COL_NUM,EXCEL_CELL_ROW_NUM,EXCEL_CELL_TYPE,EXCEL_DATA_TYPE,EXCEL_DEFAULT_VALUE,IS_DELETE) values (58,2,'国家','region',19,1,'01','string','国家',null);
Insert into VOTE.EXCEL_CELL (EXCEL_CELL_ID,EXCEL_SHEET_ID,EXCEL_CELL_CN_NAME,EXCEL_CELL_EN_NAME,EXCEL_CELL_COL_NUM,EXCEL_CELL_ROW_NUM,EXCEL_CELL_TYPE,EXCEL_DATA_TYPE,EXCEL_DEFAULT_VALUE,IS_DELETE) values (59,2,'币种','curency',20,1,'01','string','币种',null);
Insert into VOTE.EXCEL_CELL (EXCEL_CELL_ID,EXCEL_SHEET_ID,EXCEL_CELL_CN_NAME,EXCEL_CELL_EN_NAME,EXCEL_CELL_COL_NUM,EXCEL_CELL_ROW_NUM,EXCEL_CELL_TYPE,EXCEL_DATA_TYPE,EXCEL_DEFAULT_VALUE,IS_DELETE) values (60,2,'毛利率','grossProfitRate',21,1,'01','string','毛利率',null);
Insert into VOTE.EXCEL_CELL (EXCEL_CELL_ID,EXCEL_SHEET_ID,EXCEL_CELL_CN_NAME,EXCEL_CELL_EN_NAME,EXCEL_CELL_COL_NUM,EXCEL_CELL_ROW_NUM,EXCEL_CELL_TYPE,EXCEL_DATA_TYPE,EXCEL_DEFAULT_VALUE,IS_DELETE) values (61,2,'预计一月收入','budgetJan',22,1,'01','string','预计一月收入',null);
Insert into VOTE.EXCEL_CELL (EXCEL_CELL_ID,EXCEL_SHEET_ID,EXCEL_CELL_CN_NAME,EXCEL_CELL_EN_NAME,EXCEL_CELL_COL_NUM,EXCEL_CELL_ROW_NUM,EXCEL_CELL_TYPE,EXCEL_DATA_TYPE,EXCEL_DEFAULT_VALUE,IS_DELETE) values (62,2,'预计二月收入','budgetFeb',23,1,'01','string','预计二月收入',null);
Insert into VOTE.EXCEL_CELL (EXCEL_CELL_ID,EXCEL_SHEET_ID,EXCEL_CELL_CN_NAME,EXCEL_CELL_EN_NAME,EXCEL_CELL_COL_NUM,EXCEL_CELL_ROW_NUM,EXCEL_CELL_TYPE,EXCEL_DATA_TYPE,EXCEL_DEFAULT_VALUE,IS_DELETE) values (63,2,'预计三月收入','budgetMar',24,1,'01','string','预计三月收入',null);
Insert into VOTE.EXCEL_CELL (EXCEL_CELL_ID,EXCEL_SHEET_ID,EXCEL_CELL_CN_NAME,EXCEL_CELL_EN_NAME,EXCEL_CELL_COL_NUM,EXCEL_CELL_ROW_NUM,EXCEL_CELL_TYPE,EXCEL_DATA_TYPE,EXCEL_DEFAULT_VALUE,IS_DELETE) values (64,2,'预计四月收入','budgetApr',25,1,'01','string','预计四月收入',null);
Insert into VOTE.EXCEL_CELL (EXCEL_CELL_ID,EXCEL_SHEET_ID,EXCEL_CELL_CN_NAME,EXCEL_CELL_EN_NAME,EXCEL_CELL_COL_NUM,EXCEL_CELL_ROW_NUM,EXCEL_CELL_TYPE,EXCEL_DATA_TYPE,EXCEL_DEFAULT_VALUE,IS_DELETE) values (65,2,'预计五月收入','budgetMay',26,1,'01','string','预计五月收入',null);
Insert into VOTE.EXCEL_CELL (EXCEL_CELL_ID,EXCEL_SHEET_ID,EXCEL_CELL_CN_NAME,EXCEL_CELL_EN_NAME,EXCEL_CELL_COL_NUM,EXCEL_CELL_ROW_NUM,EXCEL_CELL_TYPE,EXCEL_DATA_TYPE,EXCEL_DEFAULT_VALUE,IS_DELETE) values (66,2,'预计六月收入','budgetJun',27,1,'01','string','预计六月收入',null);
Insert into VOTE.EXCEL_CELL (EXCEL_CELL_ID,EXCEL_SHEET_ID,EXCEL_CELL_CN_NAME,EXCEL_CELL_EN_NAME,EXCEL_CELL_COL_NUM,EXCEL_CELL_ROW_NUM,EXCEL_CELL_TYPE,EXCEL_DATA_TYPE,EXCEL_DEFAULT_VALUE,IS_DELETE) values (67,2,'预计七月收入','budgetJul',28,1,'01','string','预计七月收入',null);
Insert into VOTE.EXCEL_CELL (EXCEL_CELL_ID,EXCEL_SHEET_ID,EXCEL_CELL_CN_NAME,EXCEL_CELL_EN_NAME,EXCEL_CELL_COL_NUM,EXCEL_CELL_ROW_NUM,EXCEL_CELL_TYPE,EXCEL_DATA_TYPE,EXCEL_DEFAULT_VALUE,IS_DELETE) values (68,2,'预计八月收入','budgetAug',29,1,'01','string','预计八月收入',null);
Insert into VOTE.EXCEL_CELL (EXCEL_CELL_ID,EXCEL_SHEET_ID,EXCEL_CELL_CN_NAME,EXCEL_CELL_EN_NAME,EXCEL_CELL_COL_NUM,EXCEL_CELL_ROW_NUM,EXCEL_CELL_TYPE,EXCEL_DATA_TYPE,EXCEL_DEFAULT_VALUE,IS_DELETE) values (69,2,'预计九月收入','budgetSep',30,1,'01','string','预计九月收入',null);
Insert into VOTE.EXCEL_CELL (EXCEL_CELL_ID,EXCEL_SHEET_ID,EXCEL_CELL_CN_NAME,EXCEL_CELL_EN_NAME,EXCEL_CELL_COL_NUM,EXCEL_CELL_ROW_NUM,EXCEL_CELL_TYPE,EXCEL_DATA_TYPE,EXCEL_DEFAULT_VALUE,IS_DELETE) values (70,2,'预计十月收入','budgetOct',31,1,'01','string','预计十月收入',null);
Insert into VOTE.EXCEL_CELL (EXCEL_CELL_ID,EXCEL_SHEET_ID,EXCEL_CELL_CN_NAME,EXCEL_CELL_EN_NAME,EXCEL_CELL_COL_NUM,EXCEL_CELL_ROW_NUM,EXCEL_CELL_TYPE,EXCEL_DATA_TYPE,EXCEL_DEFAULT_VALUE,IS_DELETE) values (71,2,'预计十一月收入','budgetNov',32,1,'01','string','预计十一月收入',null);
Insert into VOTE.EXCEL_CELL (EXCEL_CELL_ID,EXCEL_SHEET_ID,EXCEL_CELL_CN_NAME,EXCEL_CELL_EN_NAME,EXCEL_CELL_COL_NUM,EXCEL_CELL_ROW_NUM,EXCEL_CELL_TYPE,EXCEL_DATA_TYPE,EXCEL_DEFAULT_VALUE,IS_DELETE) values (72,2,'预计十二月收入','budgetDec',33,1,'01','string','预计十二月收入',null);
Insert into VOTE.EXCEL_CELL (EXCEL_CELL_ID,EXCEL_SHEET_ID,EXCEL_CELL_CN_NAME,EXCEL_CELL_EN_NAME,EXCEL_CELL_COL_NUM,EXCEL_CELL_ROW_NUM,EXCEL_CELL_TYPE,EXCEL_DATA_TYPE,EXCEL_DEFAULT_VALUE,IS_DELETE) values (73,2,'收入合计','budgetSum',34,1,'01','string','收入合计',null);
Insert into VOTE.EXCEL_CELL (EXCEL_CELL_ID,EXCEL_SHEET_ID,EXCEL_CELL_CN_NAME,EXCEL_CELL_EN_NAME,EXCEL_CELL_COL_NUM,EXCEL_CELL_ROW_NUM,EXCEL_CELL_TYPE,EXCEL_DATA_TYPE,EXCEL_DEFAULT_VALUE,IS_DELETE) values (74,2,'添加人编号','creatorId',35,1,'01','string','添加人编号',null);
Insert into VOTE.EXCEL_CELL (EXCEL_CELL_ID,EXCEL_SHEET_ID,EXCEL_CELL_CN_NAME,EXCEL_CELL_EN_NAME,EXCEL_CELL_COL_NUM,EXCEL_CELL_ROW_NUM,EXCEL_CELL_TYPE,EXCEL_DATA_TYPE,EXCEL_DEFAULT_VALUE,IS_DELETE) values (75,2,'添加时间','createTime',36,1,'01','string','添加时间',null);
Insert into VOTE.EXCEL_CELL (EXCEL_CELL_ID,EXCEL_SHEET_ID,EXCEL_CELL_CN_NAME,EXCEL_CELL_EN_NAME,EXCEL_CELL_COL_NUM,EXCEL_CELL_ROW_NUM,EXCEL_CELL_TYPE,EXCEL_DATA_TYPE,EXCEL_DEFAULT_VALUE,IS_DELETE) values (76,2,'修改人','modifier',37,1,'01','string','修改人',null);
Insert into VOTE.EXCEL_CELL (EXCEL_CELL_ID,EXCEL_SHEET_ID,EXCEL_CELL_CN_NAME,EXCEL_CELL_EN_NAME,EXCEL_CELL_COL_NUM,EXCEL_CELL_ROW_NUM,EXCEL_CELL_TYPE,EXCEL_DATA_TYPE,EXCEL_DEFAULT_VALUE,IS_DELETE) values (77,2,'修改时间','modifyTime',38,1,'01','string','修改时间',null);
Insert into VOTE.EXCEL_CELL (EXCEL_CELL_ID,EXCEL_SHEET_ID,EXCEL_CELL_CN_NAME,EXCEL_CELL_EN_NAME,EXCEL_CELL_COL_NUM,EXCEL_CELL_ROW_NUM,EXCEL_CELL_TYPE,EXCEL_DATA_TYPE,EXCEL_DEFAULT_VALUE,IS_DELETE) values (79,2,'备注','remark',39,1,'01','string','备注',null);
Insert into VOTE.EXCEL_CELL (EXCEL_CELL_ID,EXCEL_SHEET_ID,EXCEL_CELL_CN_NAME,EXCEL_CELL_EN_NAME,EXCEL_CELL_COL_NUM,EXCEL_CELL_ROW_NUM,EXCEL_CELL_TYPE,EXCEL_DATA_TYPE,EXCEL_DEFAULT_VALUE,IS_DELETE) values (80,2,'预算评审状态','reviewStatus',40,1,'01','string','预算评审状态',null);
Insert into VOTE.EXCEL_CELL (EXCEL_CELL_ID,EXCEL_SHEET_ID,EXCEL_CELL_CN_NAME,EXCEL_CELL_EN_NAME,EXCEL_CELL_COL_NUM,EXCEL_CELL_ROW_NUM,EXCEL_CELL_TYPE,EXCEL_DATA_TYPE,EXCEL_DEFAULT_VALUE,IS_DELETE) values (81,2,'预算年份','budgetYear',41,1,'01','string','预算年份',null);
REM INSERTING into VOTE.EXCEL_FILE
SET DEFINE OFF;
Insert into VOTE.EXCEL_FILE (EXCEL_FILE_ID,EXCEL_FILE_CN_NAME,EXCEL_FILE_EN_NAME,EXCEL_DESCRIPTE,REMARK) values (1,'客户表','cust',null,null);
Insert into VOTE.EXCEL_FILE (EXCEL_FILE_ID,EXCEL_FILE_CN_NAME,EXCEL_FILE_EN_NAME,EXCEL_DESCRIPTE,REMARK) values (2,'年度预算表','yearBudget',null,null);
REM INSERTING into VOTE.EXCEL_SHEET
SET DEFINE OFF;
Insert into VOTE.EXCEL_SHEET (EXCEL_SHEET_ID,EXCEL_FILE_ID,EXCEL_SHEET_CN_NAME,EXCEL_SHEET_EN_NAME,REMARK,IS_VALID) values (1,1,'客户表','cust',null,'0 ');
Insert into VOTE.EXCEL_SHEET (EXCEL_SHEET_ID,EXCEL_FILE_ID,EXCEL_SHEET_CN_NAME,EXCEL_SHEET_EN_NAME,REMARK,IS_VALID) values (2,2,'年度预算','budget',null,'0 ');
REM INSERTING into VOTE.FILE_TYPE_CFG
SET DEFINE OFF;
REM INSERTING into VOTE.FILE_UPLOAD
SET DEFINE OFF;
REM INSERTING into VOTE.MENU_INFO
SET DEFINE OFF;
Insert into VOTE.MENU_INFO (MENU_ID,MENU_NAME,PARENT_ID,MENU_URL,OPER_USER,MENU_LEVEL,TM_SMP,CSS_ICON,SORT_NUM,IS_HOME,HOME_ICON) values (1085,'销售团队管理',1185,'/project/sellTeam/index',1000,'2','20181117','icon-list',30,null,null);
Insert into VOTE.MENU_INFO (MENU_ID,MENU_NAME,PARENT_ID,MENU_URL,OPER_USER,MENU_LEVEL,TM_SMP,CSS_ICON,SORT_NUM,IS_HOME,HOME_ICON) values (1064,'测试上传',1185,'/excel/uploadFileView',1000,'2','20181117','icon-list',null,null,null);
Insert into VOTE.MENU_INFO (MENU_ID,MENU_NAME,PARENT_ID,MENU_URL,OPER_USER,MENU_LEVEL,TM_SMP,CSS_ICON,SORT_NUM,IS_HOME,HOME_ICON) values (1084,'公司实体管理',1185,'/project/company/index',22,'2','20181118','icon-list',40,null,null);
Insert into VOTE.MENU_INFO (MENU_ID,MENU_NAME,PARENT_ID,MENU_URL,OPER_USER,MENU_LEVEL,TM_SMP,CSS_ICON,SORT_NUM,IS_HOME,HOME_ICON) values (1066,'客户群管理',1185,'/project/customerGroup/index',1000,'2','20181117','icon-list',21,null,null);
Insert into VOTE.MENU_INFO (MENU_ID,MENU_NAME,PARENT_ID,MENU_URL,OPER_USER,MENU_LEVEL,TM_SMP,CSS_ICON,SORT_NUM,IS_HOME,HOME_ICON) values (1044,'客户管理',1185,'/project/customer/index',1000,'2','20181117','icon-list',20,null,null);
Insert into VOTE.MENU_INFO (MENU_ID,MENU_NAME,PARENT_ID,MENU_URL,OPER_USER,MENU_LEVEL,TM_SMP,CSS_ICON,SORT_NUM,IS_HOME,HOME_ICON) values (1087,'产品管理',1185,'/project/product/index',1000,'2','20181117','icon-list',10,null,null);
Insert into VOTE.MENU_INFO (MENU_ID,MENU_NAME,PARENT_ID,MENU_URL,OPER_USER,MENU_LEVEL,TM_SMP,CSS_ICON,SORT_NUM,IS_HOME,HOME_ICON) values (100001,'系统管理',0,null,1000,'1','20181117','icon-list',99,null,null);
Insert into VOTE.MENU_INFO (MENU_ID,MENU_NAME,PARENT_ID,MENU_URL,OPER_USER,MENU_LEVEL,TM_SMP,CSS_ICON,SORT_NUM,IS_HOME,HOME_ICON) values (100002,'用户管理',100001,'/usr/qryUsrInfo',1,'2','20170227',null,null,null,null);
Insert into VOTE.MENU_INFO (MENU_ID,MENU_NAME,PARENT_ID,MENU_URL,OPER_USER,MENU_LEVEL,TM_SMP,CSS_ICON,SORT_NUM,IS_HOME,HOME_ICON) values (100004,'菜单管理',100001,'/menu/qryViewInfo',10171,'2','20170227',null,null,null,null);
Insert into VOTE.MENU_INFO (MENU_ID,MENU_NAME,PARENT_ID,MENU_URL,OPER_USER,MENU_LEVEL,TM_SMP,CSS_ICON,SORT_NUM,IS_HOME,HOME_ICON) values (100008,'角色管理',100001,'/role/qryRoleInfo',1,'2','20170227',null,null,null,null);
Insert into VOTE.MENU_INFO (MENU_ID,MENU_NAME,PARENT_ID,MENU_URL,OPER_USER,MENU_LEVEL,TM_SMP,CSS_ICON,SORT_NUM,IS_HOME,HOME_ICON) values (100007,'机构管理',100001,'/org/qryOrgInfo',1,'2','20170227',null,null,null,null);
Insert into VOTE.MENU_INFO (MENU_ID,MENU_NAME,PARENT_ID,MENU_URL,OPER_USER,MENU_LEVEL,TM_SMP,CSS_ICON,SORT_NUM,IS_HOME,HOME_ICON) values (100003,'参数管理',100001,'/para/qryParamsInfo',1,'2','20170227',null,null,null,null);
Insert into VOTE.MENU_INFO (MENU_ID,MENU_NAME,PARENT_ID,MENU_URL,OPER_USER,MENU_LEVEL,TM_SMP,CSS_ICON,SORT_NUM,IS_HOME,HOME_ICON) values (100005,'数据字典',100001,'/code/qryCodeData',1,'2','20170227',null,null,null,null);
Insert into VOTE.MENU_INFO (MENU_ID,MENU_NAME,PARENT_ID,MENU_URL,OPER_USER,MENU_LEVEL,TM_SMP,CSS_ICON,SORT_NUM,IS_HOME,HOME_ICON) values (1026,'实施管理',0,null,1000,'1','20181117','icon-list',1,null,null);
Insert into VOTE.MENU_INFO (MENU_ID,MENU_NAME,PARENT_ID,MENU_URL,OPER_USER,MENU_LEVEL,TM_SMP,CSS_ICON,SORT_NUM,IS_HOME,HOME_ICON) values (1020,'房屋信息',1000,'/house/index',1000,'9','20180821','icon-list',91,'Y','wyyfpz.png');
Insert into VOTE.MENU_INFO (MENU_ID,MENU_NAME,PARENT_ID,MENU_URL,OPER_USER,MENU_LEVEL,TM_SMP,CSS_ICON,SORT_NUM,IS_HOME,HOME_ICON) values (1021,'小区信息',1000,'/sect/index',1000,'9','20180821','icon-list',92,'Y','sect.png');
Insert into VOTE.MENU_INFO (MENU_ID,MENU_NAME,PARENT_ID,MENU_URL,OPER_USER,MENU_LEVEL,TM_SMP,CSS_ICON,SORT_NUM,IS_HOME,HOME_ICON) values (1022,'议题管理',1000,'/apply/index',1000,'9','20180821','icon-list',93,'Y','pbzxm.png');
Insert into VOTE.MENU_INFO (MENU_ID,MENU_NAME,PARENT_ID,MENU_URL,OPER_USER,MENU_LEVEL,TM_SMP,CSS_ICON,SORT_NUM,IS_HOME,HOME_ICON) values (1023,'投票管理',1000,'/result/index',1000,'9','20180821','icon-list',94,'Y','qrzbhxr.png');
Insert into VOTE.MENU_INFO (MENU_ID,MENU_NAME,PARENT_ID,MENU_URL,OPER_USER,MENU_LEVEL,TM_SMP,CSS_ICON,SORT_NUM,IS_HOME,HOME_ICON) values (1028,'投标管理',1026,'/project/tender/index',1000,'2','20181117','icon-list',10,null,null);
Insert into VOTE.MENU_INFO (MENU_ID,MENU_NAME,PARENT_ID,MENU_URL,OPER_USER,MENU_LEVEL,TM_SMP,CSS_ICON,SORT_NUM,IS_HOME,HOME_ICON) values (1124,'投标评审',1026,'/project/tenderReview/index',1000,'2','20181117','icon-list',11,null,null);
Insert into VOTE.MENU_INFO (MENU_ID,MENU_NAME,PARENT_ID,MENU_URL,OPER_USER,MENU_LEVEL,TM_SMP,CSS_ICON,SORT_NUM,IS_HOME,HOME_ICON) values (1164,'项目管理',1026,'/project/project/index',1000,'2','20181117','icon-list',20,null,null);
Insert into VOTE.MENU_INFO (MENU_ID,MENU_NAME,PARENT_ID,MENU_URL,OPER_USER,MENU_LEVEL,TM_SMP,CSS_ICON,SORT_NUM,IS_HOME,HOME_ICON) values (1165,'项目群管理',1026,'/project/projectGroup/index',1000,'2','20181117','icon-list',21,null,null);
Insert into VOTE.MENU_INFO (MENU_ID,MENU_NAME,PARENT_ID,MENU_URL,OPER_USER,MENU_LEVEL,TM_SMP,CSS_ICON,SORT_NUM,IS_HOME,HOME_ICON) values (1184,'预算管理',1026,'/project/yearBudget/index',1000,'2','20181117','icon-list',1,null,null);
Insert into VOTE.MENU_INFO (MENU_ID,MENU_NAME,PARENT_ID,MENU_URL,OPER_USER,MENU_LEVEL,TM_SMP,CSS_ICON,SORT_NUM,IS_HOME,HOME_ICON) values (1185,'公共管理',0,null,1000,'1','20181117','icon-list',2,null,null);
Insert into VOTE.MENU_INFO (MENU_ID,MENU_NAME,PARENT_ID,MENU_URL,OPER_USER,MENU_LEVEL,TM_SMP,CSS_ICON,SORT_NUM,IS_HOME,HOME_ICON) values (1204,'成本中心',1026,'/project/cost/index',1000,'2','20181122','icon-list',null,null,null);
Insert into VOTE.MENU_INFO (MENU_ID,MENU_NAME,PARENT_ID,MENU_URL,OPER_USER,MENU_LEVEL,TM_SMP,CSS_ICON,SORT_NUM,IS_HOME,HOME_ICON) values (1205,'利润中心',1026,'/project/profit/index',1000,'2','20181122','icon-list',null,null,null);
Insert into VOTE.MENU_INFO (MENU_ID,MENU_NAME,PARENT_ID,MENU_URL,OPER_USER,MENU_LEVEL,TM_SMP,CSS_ICON,SORT_NUM,IS_HOME,HOME_ICON) values (1206,'按钮管理',100001,'/btn/qryBtnInfo.do',1000,'2','20181122','icon-list',null,null,null);
REM INSERTING into VOTE.ORG_INFO
SET DEFINE OFF;
Insert into VOTE.ORG_INFO (PARENT_ORG_NO,PARENT_ORG_NAME,ORG_NO,ORG_NAME,ORG_TYPE,ADDRES,TEL_NO,OPER_USR,TM_SMP,ORG_STATUS,LINK_MAN,EMAIL,POST_CODE,REMARK) values (1000,null,1,'交付中心','02','上海市长宁区天山路8号','13711111111','username','20181103','2','PMS_管理员（娄）','mailwork_sh@163.com','201201','交付中心');
Insert into VOTE.ORG_INFO (PARENT_ORG_NO,PARENT_ORG_NAME,ORG_NO,ORG_NAME,ORG_TYPE,ADDRES,TEL_NO,OPER_USR,TM_SMP,ORG_STATUS,LINK_MAN,EMAIL,POST_CODE,REMARK) values (0,null,1000,'金融政府事业群','01','上海市长宁区天山路8号','13711111111','username','20181103','0','PMS_管理员（娄）','mailwork_sh@163.com','201201','金融政府服务部');
Insert into VOTE.ORG_INFO (PARENT_ORG_NO,PARENT_ORG_NAME,ORG_NO,ORG_NAME,ORG_TYPE,ADDRES,TEL_NO,OPER_USR,TM_SMP,ORG_STATUS,LINK_MAN,EMAIL,POST_CODE,REMARK) values (1000,null,2,'销售中心','02','上海市长宁区天山路8号','13711111111','username','20181103','0','PMS_管理员（娄）','mailwork_sh@163.com','201201','销售中心');
Insert into VOTE.ORG_INFO (PARENT_ORG_NO,PARENT_ORG_NAME,ORG_NO,ORG_NAME,ORG_TYPE,ADDRES,TEL_NO,OPER_USR,TM_SMP,ORG_STATUS,LINK_MAN,EMAIL,POST_CODE,REMARK) values (1000,null,5,'实施管理部','02','上海市长宁区天山路8号','13711111111','系统管理员_TEST2','20181117','0','PMS_管理员（娄）','mailwork_sh@163.com','201201','交付中心');
Insert into VOTE.ORG_INFO (PARENT_ORG_NO,PARENT_ORG_NAME,ORG_NO,ORG_NAME,ORG_TYPE,ADDRES,TEL_NO,OPER_USR,TM_SMP,ORG_STATUS,LINK_MAN,EMAIL,POST_CODE,REMARK) values (1,null,9,'第一事业部','03','1','13711111111','系统管理员','20181117','0','1','1','1','1');
Insert into VOTE.ORG_INFO (PARENT_ORG_NO,PARENT_ORG_NAME,ORG_NO,ORG_NAME,ORG_TYPE,ADDRES,TEL_NO,OPER_USR,TM_SMP,ORG_STATUS,LINK_MAN,EMAIL,POST_CODE,REMARK) values (9,null,10,'开发一部','04','1','13711111111','系统管理员','20181117','0','11','1','11','1');
Insert into VOTE.ORG_INFO (PARENT_ORG_NO,PARENT_ORG_NAME,ORG_NO,ORG_NAME,ORG_TYPE,ADDRES,TEL_NO,OPER_USR,TM_SMP,ORG_STATUS,LINK_MAN,EMAIL,POST_CODE,REMARK) values (2,null,6,'第二销售事业部','03','测试中心','13711111111','系统管理员','20181117','0','1','1','11','1');
Insert into VOTE.ORG_INFO (PARENT_ORG_NO,PARENT_ORG_NAME,ORG_NO,ORG_NAME,ORG_TYPE,ADDRES,TEL_NO,OPER_USR,TM_SMP,ORG_STATUS,LINK_MAN,EMAIL,POST_CODE,REMARK) values (2,null,7,'第一销售事业部','03','1','13711111111','系统管理员','20181117','0','1','1','1','1');
Insert into VOTE.ORG_INFO (PARENT_ORG_NO,PARENT_ORG_NAME,ORG_NO,ORG_NAME,ORG_TYPE,ADDRES,TEL_NO,OPER_USR,TM_SMP,ORG_STATUS,LINK_MAN,EMAIL,POST_CODE,REMARK) values (7,null,8,'销售一部','04','1','13711111111','系统管理员','20181117','0','1','1','1','1');
Insert into VOTE.ORG_INFO (PARENT_ORG_NO,PARENT_ORG_NAME,ORG_NO,ORG_NAME,ORG_TYPE,ADDRES,TEL_NO,OPER_USR,TM_SMP,ORG_STATUS,LINK_MAN,EMAIL,POST_CODE,REMARK) values (9,null,21,'开发二部','04','1','13711111111','系统管理员','20181117','0','1','1','1','1');
Insert into VOTE.ORG_INFO (PARENT_ORG_NO,PARENT_ORG_NAME,ORG_NO,ORG_NAME,ORG_TYPE,ADDRES,TEL_NO,OPER_USR,TM_SMP,ORG_STATUS,LINK_MAN,EMAIL,POST_CODE,REMARK) values (9,null,22,'开发三部','04','1','13711111111','系统管理员','20181117','0','1','1','1','1');
Insert into VOTE.ORG_INFO (PARENT_ORG_NO,PARENT_ORG_NAME,ORG_NO,ORG_NAME,ORG_TYPE,ADDRES,TEL_NO,OPER_USR,TM_SMP,ORG_STATUS,LINK_MAN,EMAIL,POST_CODE,REMARK) values (6,null,23,'销售一部','04','上海市长宁区天山路8号','13711111111','系统管理员','20181117','0','1','sssing@163.com','1','1');
REM INSERTING into VOTE.PARAMS_INFO
SET DEFINE OFF;
Insert into VOTE.PARAMS_INFO (PARAMS_NO,PARAMS_NAME,PARAMS_VAL,PARAMS_TYPE,TM_SMP,REMARK) values ('APPID','公众号测试APPID','wx0faa55f1a53f29c5','02','20180814',null);
Insert into VOTE.PARAMS_INFO (PARAMS_NO,PARAMS_NAME,PARAMS_VAL,PARAMS_TYPE,TM_SMP,REMARK) values ('CodeFormat','编码格式','GBK','01','20180207',null);
Insert into VOTE.PARAMS_INFO (PARAMS_NO,PARAMS_NAME,PARAMS_VAL,PARAMS_TYPE,TM_SMP,REMARK) values ('TOKEN','公众号测试token','11111111','02','20180814',null);
Insert into VOTE.PARAMS_INFO (PARAMS_NO,PARAMS_NAME,PARAMS_VAL,PARAMS_TYPE,TM_SMP,REMARK) values ('SECRET','公众号测试SECRET','a9a586b82bfb51e89a35a51a443d517f','02','20180814',null);
Insert into VOTE.PARAMS_INFO (PARAMS_NO,PARAMS_NAME,PARAMS_VAL,PARAMS_TYPE,TM_SMP,REMARK) values ('TOKEN_p','公众号TOKEN','11111111','02','20180814',null);
Insert into VOTE.PARAMS_INFO (PARAMS_NO,PARAMS_NAME,PARAMS_VAL,PARAMS_TYPE,TM_SMP,REMARK) values ('APPID_p','公众号APPID','wxa9609c08ed16b241','02','20180814',null);
Insert into VOTE.PARAMS_INFO (PARAMS_NO,PARAMS_NAME,PARAMS_VAL,PARAMS_TYPE,TM_SMP,REMARK) values ('SECRET_p','公众号SECRET','2001c26e9235d66353bcc554d51eca1a','02','20180814',null);
REM INSERTING into VOTE.PM_COMPANY_INFO
SET DEFINE OFF;
Insert into VOTE.PM_COMPANY_INFO (COMPANY_CODE,COMPANY_NAME,COMPANY_ADDRESS,REMARK,CREATOR_ID,CREATE_TIME,MODIFIER,MODIFY_TIME,IS_DELETE) values ('asdasd','公司名称','大苏打','备注',null,null,22,null,null);
Insert into VOTE.PM_COMPANY_INFO (COMPANY_CODE,COMPANY_NAME,COMPANY_ADDRESS,REMARK,CREATOR_ID,CREATE_TIME,MODIFIER,MODIFY_TIME,IS_DELETE) values ('100000','测试公司','地址','备注',22,null,null,null,'00');
REM INSERTING into VOTE.PM_CONFIRM_BID
SET DEFINE OFF;
Insert into VOTE.PM_CONFIRM_BID (BID_ID,BID_NAME,FIRST_BID_AMOUNT,PREDICT_AMOUNT,PREDICT_COST,PREDICT_PROFIT_RATE,PREDICT_PERIOD_END,CUST_ID,CUST_CN_NAME,CUST_SAP_CODE,CONSTRUCTION_DEPT_ID,CONSTRUCTION_DEPT_NAME,SELL_DEPT_ID,SELL_DEPT_NAME,CUST_MANAGER_ID,CUST_MANAGER_NAME,TECHNICAL_DIRECTOR_ID,TECHNICAL_DIRECTOR_NAME,SELL_DEPT_MANAGER_NAME,SELL_DEPT_MANAGER_ID,CONSTRUCTION_DEPT_MANAGER_NAME,CONSTRUCTION_DEPT_MANAGER_ID,STATUS,IS_WORK_AREA_EXPLICIT,IS_CHECKED,REMARK,PAYMENT_POINT,CREATOR_ID,CREATE_TIME,MODIFIER,MODIFY_TIME,IS_DELETE,PREDICT_PERIOD_START,TAX_RATE,BID_CODE,PROJECT_MANAGER_NAME,PROJECT_MANAGER_ID,PREDICT_WORK_LOAD,PREDICT_PROFIT) values (3,'asd',1,2,3,4,null,null,null,null,null,null,null,null,null,null,1000,'系统管理员','系统管理员',1000,'系统管理员',1000,null,'00',null,'asdasda','dasd',22,'20181108230353',1000,'20181113151622','00',null,null,null,null,null,null,null);
Insert into VOTE.PM_CONFIRM_BID (BID_ID,BID_NAME,FIRST_BID_AMOUNT,PREDICT_AMOUNT,PREDICT_COST,PREDICT_PROFIT_RATE,PREDICT_PERIOD_END,CUST_ID,CUST_CN_NAME,CUST_SAP_CODE,CONSTRUCTION_DEPT_ID,CONSTRUCTION_DEPT_NAME,SELL_DEPT_ID,SELL_DEPT_NAME,CUST_MANAGER_ID,CUST_MANAGER_NAME,TECHNICAL_DIRECTOR_ID,TECHNICAL_DIRECTOR_NAME,SELL_DEPT_MANAGER_NAME,SELL_DEPT_MANAGER_ID,CONSTRUCTION_DEPT_MANAGER_NAME,CONSTRUCTION_DEPT_MANAGER_ID,STATUS,IS_WORK_AREA_EXPLICIT,IS_CHECKED,REMARK,PAYMENT_POINT,CREATOR_ID,CREATE_TIME,MODIFIER,MODIFY_TIME,IS_DELETE,PREDICT_PERIOD_START,TAX_RATE,BID_CODE,PROJECT_MANAGER_NAME,PROJECT_MANAGER_ID,PREDICT_WORK_LOAD,PREDICT_PROFIT) values (1,'名称',1,1,2,3,null,390,'中广核新能源投资（深圳）有限公司北京分公司','1000001264',2,'销售中心',5,'管理中心',1000,'系统管理员',1000,'系统管理员','系统管理员',1000,'系统管理员',1000,'02','00',null,null,'ddddddddd',1000,'20181108220614',1000,'20181113153342','00',null,null,null,null,null,null,null);
Insert into VOTE.PM_CONFIRM_BID (BID_ID,BID_NAME,FIRST_BID_AMOUNT,PREDICT_AMOUNT,PREDICT_COST,PREDICT_PROFIT_RATE,PREDICT_PERIOD_END,CUST_ID,CUST_CN_NAME,CUST_SAP_CODE,CONSTRUCTION_DEPT_ID,CONSTRUCTION_DEPT_NAME,SELL_DEPT_ID,SELL_DEPT_NAME,CUST_MANAGER_ID,CUST_MANAGER_NAME,TECHNICAL_DIRECTOR_ID,TECHNICAL_DIRECTOR_NAME,SELL_DEPT_MANAGER_NAME,SELL_DEPT_MANAGER_ID,CONSTRUCTION_DEPT_MANAGER_NAME,CONSTRUCTION_DEPT_MANAGER_ID,STATUS,IS_WORK_AREA_EXPLICIT,IS_CHECKED,REMARK,PAYMENT_POINT,CREATOR_ID,CREATE_TIME,MODIFIER,MODIFY_TIME,IS_DELETE,PREDICT_PERIOD_START,TAX_RATE,BID_CODE,PROJECT_MANAGER_NAME,PROJECT_MANAGER_ID,PREDICT_WORK_LOAD,PREDICT_PROFIT) values (6,'asda',null,null,null,null,null,null,null,null,null,null,null,null,null,null,null,null,null,null,null,null,null,null,null,'das',null,1000,'20181108232325',null,null,'00',null,null,null,null,null,null,null);
Insert into VOTE.PM_CONFIRM_BID (BID_ID,BID_NAME,FIRST_BID_AMOUNT,PREDICT_AMOUNT,PREDICT_COST,PREDICT_PROFIT_RATE,PREDICT_PERIOD_END,CUST_ID,CUST_CN_NAME,CUST_SAP_CODE,CONSTRUCTION_DEPT_ID,CONSTRUCTION_DEPT_NAME,SELL_DEPT_ID,SELL_DEPT_NAME,CUST_MANAGER_ID,CUST_MANAGER_NAME,TECHNICAL_DIRECTOR_ID,TECHNICAL_DIRECTOR_NAME,SELL_DEPT_MANAGER_NAME,SELL_DEPT_MANAGER_ID,CONSTRUCTION_DEPT_MANAGER_NAME,CONSTRUCTION_DEPT_MANAGER_ID,STATUS,IS_WORK_AREA_EXPLICIT,IS_CHECKED,REMARK,PAYMENT_POINT,CREATOR_ID,CREATE_TIME,MODIFIER,MODIFY_TIME,IS_DELETE,PREDICT_PERIOD_START,TAX_RATE,BID_CODE,PROJECT_MANAGER_NAME,PROJECT_MANAGER_ID,PREDICT_WORK_LOAD,PREDICT_PROFIT) values (7,'asdas',null,null,null,null,null,null,null,null,null,null,null,null,null,null,null,null,null,null,null,null,null,null,null,null,null,1000,'20181108232456',null,null,'00',null,null,null,null,null,null,null);
Insert into VOTE.PM_CONFIRM_BID (BID_ID,BID_NAME,FIRST_BID_AMOUNT,PREDICT_AMOUNT,PREDICT_COST,PREDICT_PROFIT_RATE,PREDICT_PERIOD_END,CUST_ID,CUST_CN_NAME,CUST_SAP_CODE,CONSTRUCTION_DEPT_ID,CONSTRUCTION_DEPT_NAME,SELL_DEPT_ID,SELL_DEPT_NAME,CUST_MANAGER_ID,CUST_MANAGER_NAME,TECHNICAL_DIRECTOR_ID,TECHNICAL_DIRECTOR_NAME,SELL_DEPT_MANAGER_NAME,SELL_DEPT_MANAGER_ID,CONSTRUCTION_DEPT_MANAGER_NAME,CONSTRUCTION_DEPT_MANAGER_ID,STATUS,IS_WORK_AREA_EXPLICIT,IS_CHECKED,REMARK,PAYMENT_POINT,CREATOR_ID,CREATE_TIME,MODIFIER,MODIFY_TIME,IS_DELETE,PREDICT_PERIOD_START,TAX_RATE,BID_CODE,PROJECT_MANAGER_NAME,PROJECT_MANAGER_ID,PREDICT_WORK_LOAD,PREDICT_PROFIT) values (8,'asdasd',null,null,null,null,null,null,null,null,null,null,null,null,null,null,null,null,null,null,null,null,null,null,null,null,null,1000,'20181108232557',null,null,'00',null,null,null,null,null,null,null);
Insert into VOTE.PM_CONFIRM_BID (BID_ID,BID_NAME,FIRST_BID_AMOUNT,PREDICT_AMOUNT,PREDICT_COST,PREDICT_PROFIT_RATE,PREDICT_PERIOD_END,CUST_ID,CUST_CN_NAME,CUST_SAP_CODE,CONSTRUCTION_DEPT_ID,CONSTRUCTION_DEPT_NAME,SELL_DEPT_ID,SELL_DEPT_NAME,CUST_MANAGER_ID,CUST_MANAGER_NAME,TECHNICAL_DIRECTOR_ID,TECHNICAL_DIRECTOR_NAME,SELL_DEPT_MANAGER_NAME,SELL_DEPT_MANAGER_ID,CONSTRUCTION_DEPT_MANAGER_NAME,CONSTRUCTION_DEPT_MANAGER_ID,STATUS,IS_WORK_AREA_EXPLICIT,IS_CHECKED,REMARK,PAYMENT_POINT,CREATOR_ID,CREATE_TIME,MODIFIER,MODIFY_TIME,IS_DELETE,PREDICT_PERIOD_START,TAX_RATE,BID_CODE,PROJECT_MANAGER_NAME,PROJECT_MANAGER_ID,PREDICT_WORK_LOAD,PREDICT_PROFIT) values (2,'asda',1,3,2,4,null,null,null,null,5,'管理中心',2,'销售中心',41,'PMS_管理员（娄）',22,'系统管理员_TEST2','系统管理员',1000,'系统管理员',1000,null,null,null,'ddd','dasdasda',1000,'20181108230208',null,null,'00',null,null,null,null,null,null,null);
Insert into VOTE.PM_CONFIRM_BID (BID_ID,BID_NAME,FIRST_BID_AMOUNT,PREDICT_AMOUNT,PREDICT_COST,PREDICT_PROFIT_RATE,PREDICT_PERIOD_END,CUST_ID,CUST_CN_NAME,CUST_SAP_CODE,CONSTRUCTION_DEPT_ID,CONSTRUCTION_DEPT_NAME,SELL_DEPT_ID,SELL_DEPT_NAME,CUST_MANAGER_ID,CUST_MANAGER_NAME,TECHNICAL_DIRECTOR_ID,TECHNICAL_DIRECTOR_NAME,SELL_DEPT_MANAGER_NAME,SELL_DEPT_MANAGER_ID,CONSTRUCTION_DEPT_MANAGER_NAME,CONSTRUCTION_DEPT_MANAGER_ID,STATUS,IS_WORK_AREA_EXPLICIT,IS_CHECKED,REMARK,PAYMENT_POINT,CREATOR_ID,CREATE_TIME,MODIFIER,MODIFY_TIME,IS_DELETE,PREDICT_PERIOD_START,TAX_RATE,BID_CODE,PROJECT_MANAGER_NAME,PROJECT_MANAGER_ID,PREDICT_WORK_LOAD,PREDICT_PROFIT) values (9,'asdasda',null,null,null,null,null,null,null,null,null,null,null,null,null,null,null,null,null,null,null,null,null,null,null,null,null,22,'20181108232839',null,null,'00',null,null,null,null,null,null,null);
Insert into VOTE.PM_CONFIRM_BID (BID_ID,BID_NAME,FIRST_BID_AMOUNT,PREDICT_AMOUNT,PREDICT_COST,PREDICT_PROFIT_RATE,PREDICT_PERIOD_END,CUST_ID,CUST_CN_NAME,CUST_SAP_CODE,CONSTRUCTION_DEPT_ID,CONSTRUCTION_DEPT_NAME,SELL_DEPT_ID,SELL_DEPT_NAME,CUST_MANAGER_ID,CUST_MANAGER_NAME,TECHNICAL_DIRECTOR_ID,TECHNICAL_DIRECTOR_NAME,SELL_DEPT_MANAGER_NAME,SELL_DEPT_MANAGER_ID,CONSTRUCTION_DEPT_MANAGER_NAME,CONSTRUCTION_DEPT_MANAGER_ID,STATUS,IS_WORK_AREA_EXPLICIT,IS_CHECKED,REMARK,PAYMENT_POINT,CREATOR_ID,CREATE_TIME,MODIFIER,MODIFY_TIME,IS_DELETE,PREDICT_PERIOD_START,TAX_RATE,BID_CODE,PROJECT_MANAGER_NAME,PROJECT_MANAGER_ID,PREDICT_WORK_LOAD,PREDICT_PROFIT) values (10,'asda',null,null,null,null,null,null,null,null,null,null,null,null,null,null,null,null,null,null,null,null,null,null,null,null,null,22,'20181108233633',null,null,'00',null,null,null,null,null,null,null);
Insert into VOTE.PM_CONFIRM_BID (BID_ID,BID_NAME,FIRST_BID_AMOUNT,PREDICT_AMOUNT,PREDICT_COST,PREDICT_PROFIT_RATE,PREDICT_PERIOD_END,CUST_ID,CUST_CN_NAME,CUST_SAP_CODE,CONSTRUCTION_DEPT_ID,CONSTRUCTION_DEPT_NAME,SELL_DEPT_ID,SELL_DEPT_NAME,CUST_MANAGER_ID,CUST_MANAGER_NAME,TECHNICAL_DIRECTOR_ID,TECHNICAL_DIRECTOR_NAME,SELL_DEPT_MANAGER_NAME,SELL_DEPT_MANAGER_ID,CONSTRUCTION_DEPT_MANAGER_NAME,CONSTRUCTION_DEPT_MANAGER_ID,STATUS,IS_WORK_AREA_EXPLICIT,IS_CHECKED,REMARK,PAYMENT_POINT,CREATOR_ID,CREATE_TIME,MODIFIER,MODIFY_TIME,IS_DELETE,PREDICT_PERIOD_START,TAX_RATE,BID_CODE,PROJECT_MANAGER_NAME,PROJECT_MANAGER_ID,PREDICT_WORK_LOAD,PREDICT_PROFIT) values (23,'dddd',12,23,34,56,'2018-11-30 00:00:00',360,'中远集装箱运输有限公司/中远海运集装箱运输有限公司','1000000275',1000,'金融政府事业群',1000,'金融政府事业群',22,'系统管理员_TEST2',22,'系统管理员_TEST2','系统管理员',1000,'系统管理员',1000,'01','01',null,'dsada','dasdasdasa',1000,'20181116210309',1000,'20181116211504','00','2018-11-16 00:00:00',67,'TB201811163734',null,null,null,null);
Insert into VOTE.PM_CONFIRM_BID (BID_ID,BID_NAME,FIRST_BID_AMOUNT,PREDICT_AMOUNT,PREDICT_COST,PREDICT_PROFIT_RATE,PREDICT_PERIOD_END,CUST_ID,CUST_CN_NAME,CUST_SAP_CODE,CONSTRUCTION_DEPT_ID,CONSTRUCTION_DEPT_NAME,SELL_DEPT_ID,SELL_DEPT_NAME,CUST_MANAGER_ID,CUST_MANAGER_NAME,TECHNICAL_DIRECTOR_ID,TECHNICAL_DIRECTOR_NAME,SELL_DEPT_MANAGER_NAME,SELL_DEPT_MANAGER_ID,CONSTRUCTION_DEPT_MANAGER_NAME,CONSTRUCTION_DEPT_MANAGER_ID,STATUS,IS_WORK_AREA_EXPLICIT,IS_CHECKED,REMARK,PAYMENT_POINT,CREATOR_ID,CREATE_TIME,MODIFIER,MODIFY_TIME,IS_DELETE,PREDICT_PERIOD_START,TAX_RATE,BID_CODE,PROJECT_MANAGER_NAME,PROJECT_MANAGER_ID,PREDICT_WORK_LOAD,PREDICT_PROFIT) values (24,'ddsssss',12,34,56,78,'2018-11-30 00:00:00',361,'河南省伟信招标管理咨询有限公司','1000001635',1000,'金融政府事业群',1000,'金融政府事业群',41,'PMS_管理员（娄）',1000,'系统管理员','系统管理员',1000,'系统管理员',1000,'01','01',null,'dasdas','dsadasd',1000,'20181116210801',1000,'20181116211516','00','2018-11-16 00:00:00',910,'TB201811168426',null,null,null,null);
Insert into VOTE.PM_CONFIRM_BID (BID_ID,BID_NAME,FIRST_BID_AMOUNT,PREDICT_AMOUNT,PREDICT_COST,PREDICT_PROFIT_RATE,PREDICT_PERIOD_END,CUST_ID,CUST_CN_NAME,CUST_SAP_CODE,CONSTRUCTION_DEPT_ID,CONSTRUCTION_DEPT_NAME,SELL_DEPT_ID,SELL_DEPT_NAME,CUST_MANAGER_ID,CUST_MANAGER_NAME,TECHNICAL_DIRECTOR_ID,TECHNICAL_DIRECTOR_NAME,SELL_DEPT_MANAGER_NAME,SELL_DEPT_MANAGER_ID,CONSTRUCTION_DEPT_MANAGER_NAME,CONSTRUCTION_DEPT_MANAGER_ID,STATUS,IS_WORK_AREA_EXPLICIT,IS_CHECKED,REMARK,PAYMENT_POINT,CREATOR_ID,CREATE_TIME,MODIFIER,MODIFY_TIME,IS_DELETE,PREDICT_PERIOD_START,TAX_RATE,BID_CODE,PROJECT_MANAGER_NAME,PROJECT_MANAGER_ID,PREDICT_WORK_LOAD,PREDICT_PROFIT) values (25,'萨达',null,null,null,null,null,359,'上海润之信息科技有限公司','1000000777',1000,'金融政府事业群',1000,'金融政府事业群',1000,'系统管理员',41,'PMS_管理员（娄）','系统管理员',1000,'系统管理员',1000,'00','01',null,'大苏打撒旦',null,1000,'20181116211647',1000,'20181116211840','00',null,null,'TB201811169630',null,null,null,null);
Insert into VOTE.PM_CONFIRM_BID (BID_ID,BID_NAME,FIRST_BID_AMOUNT,PREDICT_AMOUNT,PREDICT_COST,PREDICT_PROFIT_RATE,PREDICT_PERIOD_END,CUST_ID,CUST_CN_NAME,CUST_SAP_CODE,CONSTRUCTION_DEPT_ID,CONSTRUCTION_DEPT_NAME,SELL_DEPT_ID,SELL_DEPT_NAME,CUST_MANAGER_ID,CUST_MANAGER_NAME,TECHNICAL_DIRECTOR_ID,TECHNICAL_DIRECTOR_NAME,SELL_DEPT_MANAGER_NAME,SELL_DEPT_MANAGER_ID,CONSTRUCTION_DEPT_MANAGER_NAME,CONSTRUCTION_DEPT_MANAGER_ID,STATUS,IS_WORK_AREA_EXPLICIT,IS_CHECKED,REMARK,PAYMENT_POINT,CREATOR_ID,CREATE_TIME,MODIFIER,MODIFY_TIME,IS_DELETE,PREDICT_PERIOD_START,TAX_RATE,BID_CODE,PROJECT_MANAGER_NAME,PROJECT_MANAGER_ID,PREDICT_WORK_LOAD,PREDICT_PROFIT) values (26,'ddd',null,null,null,null,null,null,null,null,null,null,null,null,null,null,null,null,null,null,null,null,'00','01',null,'dsad','dasda',1000,'20181116213215',null,null,'00',null,null,'TB201811167436',null,null,null,null);
Insert into VOTE.PM_CONFIRM_BID (BID_ID,BID_NAME,FIRST_BID_AMOUNT,PREDICT_AMOUNT,PREDICT_COST,PREDICT_PROFIT_RATE,PREDICT_PERIOD_END,CUST_ID,CUST_CN_NAME,CUST_SAP_CODE,CONSTRUCTION_DEPT_ID,CONSTRUCTION_DEPT_NAME,SELL_DEPT_ID,SELL_DEPT_NAME,CUST_MANAGER_ID,CUST_MANAGER_NAME,TECHNICAL_DIRECTOR_ID,TECHNICAL_DIRECTOR_NAME,SELL_DEPT_MANAGER_NAME,SELL_DEPT_MANAGER_ID,CONSTRUCTION_DEPT_MANAGER_NAME,CONSTRUCTION_DEPT_MANAGER_ID,STATUS,IS_WORK_AREA_EXPLICIT,IS_CHECKED,REMARK,PAYMENT_POINT,CREATOR_ID,CREATE_TIME,MODIFIER,MODIFY_TIME,IS_DELETE,PREDICT_PERIOD_START,TAX_RATE,BID_CODE,PROJECT_MANAGER_NAME,PROJECT_MANAGER_ID,PREDICT_WORK_LOAD,PREDICT_PROFIT) values (27,'aaaddd',12,2,32,12,'2018-11-16',358,'博易数通（徐州）信息技术有限公司','1000001229',9,'第一事业部',1000,'金融政府事业群',1000,'系统管理员',1000,'系统管理员','系统管理员_TEST2',22,'事业部负责人',62,'01','01',null,'asdas2313ddsss','dsadas',1000,'20181116214248',1000,'20181118185355','00','2018-11-06',null,'TB201811160833','系统管理员',1000,null,null);
Insert into VOTE.PM_CONFIRM_BID (BID_ID,BID_NAME,FIRST_BID_AMOUNT,PREDICT_AMOUNT,PREDICT_COST,PREDICT_PROFIT_RATE,PREDICT_PERIOD_END,CUST_ID,CUST_CN_NAME,CUST_SAP_CODE,CONSTRUCTION_DEPT_ID,CONSTRUCTION_DEPT_NAME,SELL_DEPT_ID,SELL_DEPT_NAME,CUST_MANAGER_ID,CUST_MANAGER_NAME,TECHNICAL_DIRECTOR_ID,TECHNICAL_DIRECTOR_NAME,SELL_DEPT_MANAGER_NAME,SELL_DEPT_MANAGER_ID,CONSTRUCTION_DEPT_MANAGER_NAME,CONSTRUCTION_DEPT_MANAGER_ID,STATUS,IS_WORK_AREA_EXPLICIT,IS_CHECKED,REMARK,PAYMENT_POINT,CREATOR_ID,CREATE_TIME,MODIFIER,MODIFY_TIME,IS_DELETE,PREDICT_PERIOD_START,TAX_RATE,BID_CODE,PROJECT_MANAGER_NAME,PROJECT_MANAGER_ID,PREDICT_WORK_LOAD,PREDICT_PROFIT) values (42,'adsddddd',null,null,null,null,null,null,null,null,null,null,null,null,null,null,null,null,null,null,null,null,'00','01',null,null,null,1000,'20181117101157',22,'20181118183837','01',null,null,'TB201811174353',null,null,null,null);
Insert into VOTE.PM_CONFIRM_BID (BID_ID,BID_NAME,FIRST_BID_AMOUNT,PREDICT_AMOUNT,PREDICT_COST,PREDICT_PROFIT_RATE,PREDICT_PERIOD_END,CUST_ID,CUST_CN_NAME,CUST_SAP_CODE,CONSTRUCTION_DEPT_ID,CONSTRUCTION_DEPT_NAME,SELL_DEPT_ID,SELL_DEPT_NAME,CUST_MANAGER_ID,CUST_MANAGER_NAME,TECHNICAL_DIRECTOR_ID,TECHNICAL_DIRECTOR_NAME,SELL_DEPT_MANAGER_NAME,SELL_DEPT_MANAGER_ID,CONSTRUCTION_DEPT_MANAGER_NAME,CONSTRUCTION_DEPT_MANAGER_ID,STATUS,IS_WORK_AREA_EXPLICIT,IS_CHECKED,REMARK,PAYMENT_POINT,CREATOR_ID,CREATE_TIME,MODIFIER,MODIFY_TIME,IS_DELETE,PREDICT_PERIOD_START,TAX_RATE,BID_CODE,PROJECT_MANAGER_NAME,PROJECT_MANAGER_ID,PREDICT_WORK_LOAD,PREDICT_PROFIT) values (41,'asd',12,123,123,32131,'2018-11-15',null,null,null,1000,'金融政府事业群',1000,'金融政府事业群',1000,'系统管理员',41,'PMS_管理员（娄）','系统管理员_TEST2',22,'系统管理员',1000,'01','01',null,'1231231','asdasd',1000,'20181117100909',1000,'20181118145025','00','2018-11-29',231,'TB201811172173','系统管理员',1000,null,null);
Insert into VOTE.PM_CONFIRM_BID (BID_ID,BID_NAME,FIRST_BID_AMOUNT,PREDICT_AMOUNT,PREDICT_COST,PREDICT_PROFIT_RATE,PREDICT_PERIOD_END,CUST_ID,CUST_CN_NAME,CUST_SAP_CODE,CONSTRUCTION_DEPT_ID,CONSTRUCTION_DEPT_NAME,SELL_DEPT_ID,SELL_DEPT_NAME,CUST_MANAGER_ID,CUST_MANAGER_NAME,TECHNICAL_DIRECTOR_ID,TECHNICAL_DIRECTOR_NAME,SELL_DEPT_MANAGER_NAME,SELL_DEPT_MANAGER_ID,CONSTRUCTION_DEPT_MANAGER_NAME,CONSTRUCTION_DEPT_MANAGER_ID,STATUS,IS_WORK_AREA_EXPLICIT,IS_CHECKED,REMARK,PAYMENT_POINT,CREATOR_ID,CREATE_TIME,MODIFIER,MODIFY_TIME,IS_DELETE,PREDICT_PERIOD_START,TAX_RATE,BID_CODE,PROJECT_MANAGER_NAME,PROJECT_MANAGER_ID,PREDICT_WORK_LOAD,PREDICT_PROFIT) values (61,'asdasaaa123',null,null,null,null,null,null,null,null,1000,'金融政府事业群',1000,'金融政府事业群',1000,'系统管理员',62,'事业部负责人','系统管理员_TEST2',22,'系统管理员',1000,'02','01',null,null,'dsadas',1000,'20181117232520',22,'20181118191548','00',null,null,'TB201811173339','系统管理员',1000,null,null);
Insert into VOTE.PM_CONFIRM_BID (BID_ID,BID_NAME,FIRST_BID_AMOUNT,PREDICT_AMOUNT,PREDICT_COST,PREDICT_PROFIT_RATE,PREDICT_PERIOD_END,CUST_ID,CUST_CN_NAME,CUST_SAP_CODE,CONSTRUCTION_DEPT_ID,CONSTRUCTION_DEPT_NAME,SELL_DEPT_ID,SELL_DEPT_NAME,CUST_MANAGER_ID,CUST_MANAGER_NAME,TECHNICAL_DIRECTOR_ID,TECHNICAL_DIRECTOR_NAME,SELL_DEPT_MANAGER_NAME,SELL_DEPT_MANAGER_ID,CONSTRUCTION_DEPT_MANAGER_NAME,CONSTRUCTION_DEPT_MANAGER_ID,STATUS,IS_WORK_AREA_EXPLICIT,IS_CHECKED,REMARK,PAYMENT_POINT,CREATOR_ID,CREATE_TIME,MODIFIER,MODIFY_TIME,IS_DELETE,PREDICT_PERIOD_START,TAX_RATE,BID_CODE,PROJECT_MANAGER_NAME,PROJECT_MANAGER_ID,PREDICT_WORK_LOAD,PREDICT_PROFIT) values (62,'testTB20181118-01',11,12,13,14,'2018-11-19',359,'上海润之信息科技有限公司','1000000777',1000,'金融政府事业群',1000,'金融政府事业群',41,'PMS_管理员（娄）',62,'事业部负责人','系统管理员_TEST2',22,'系统管理员',1000,'03','01',null,'17','16',22,'20181118184157',22,'20181118190736','00','2018-11-18',15,'TB201811182920','交付部门经理',61,null,null);
REM INSERTING into VOTE.PM_CUSTOMER_GROUP
SET DEFINE OFF;
Insert into VOTE.PM_CUSTOMER_GROUP (CUST_GROUP_ID,CUST_GROUP_NAME,CREATOR,CREATOR_ID,CREATE_TIME,MODIFIER,MODIFY_TIME,IS_DELETE) values ('201811039615','asdas','系统管理员',1000,null,1000,null,'01');
Insert into VOTE.PM_CUSTOMER_GROUP (CUST_GROUP_ID,CUST_GROUP_NAME,CREATOR,CREATOR_ID,CREATE_TIME,MODIFIER,MODIFY_TIME,IS_DELETE) values ('201811039721','testGrouptttt','系统管理员',1000,null,1000,null,'01');
Insert into VOTE.PM_CUSTOMER_GROUP (CUST_GROUP_ID,CUST_GROUP_NAME,CREATOR,CREATOR_ID,CREATE_TIME,MODIFIER,MODIFY_TIME,IS_DELETE) values ('201811034593','敖德萨','系统管理员',1000,null,1000,null,'01');
Insert into VOTE.PM_CUSTOMER_GROUP (CUST_GROUP_ID,CUST_GROUP_NAME,CREATOR,CREATOR_ID,CREATE_TIME,MODIFIER,MODIFY_TIME,IS_DELETE) values ('201811036859','2313','系统管理员',1000,null,1000,null,'00');
Insert into VOTE.PM_CUSTOMER_GROUP (CUST_GROUP_ID,CUST_GROUP_NAME,CREATOR,CREATOR_ID,CREATE_TIME,MODIFIER,MODIFY_TIME,IS_DELETE) values ('201811033643','123-----;"','系统管理员',1000,null,1000,null,'01');
Insert into VOTE.PM_CUSTOMER_GROUP (CUST_GROUP_ID,CUST_GROUP_NAME,CREATOR,CREATOR_ID,CREATE_TIME,MODIFIER,MODIFY_TIME,IS_DELETE) values ('KH201811050204','客户群','系统管理员_TEST2',22,null,null,null,'00');
Insert into VOTE.PM_CUSTOMER_GROUP (CUST_GROUP_ID,CUST_GROUP_NAME,CREATOR,CREATOR_ID,CREATE_TIME,MODIFIER,MODIFY_TIME,IS_DELETE) values ('201811034512','ssss','系统管理员',1000,null,22,null,'01');
Insert into VOTE.PM_CUSTOMER_GROUP (CUST_GROUP_ID,CUST_GROUP_NAME,CREATOR,CREATOR_ID,CREATE_TIME,MODIFIER,MODIFY_TIME,IS_DELETE) values ('201811038225','aasda','系统管理员',1000,null,1000,null,'00');
Insert into VOTE.PM_CUSTOMER_GROUP (CUST_GROUP_ID,CUST_GROUP_NAME,CREATOR,CREATOR_ID,CREATE_TIME,MODIFIER,MODIFY_TIME,IS_DELETE) values ('201811032744','客户群名称','系统管理员_TEST2',22,null,22,null,'00');
Insert into VOTE.PM_CUSTOMER_GROUP (CUST_GROUP_ID,CUST_GROUP_NAME,CREATOR,CREATOR_ID,CREATE_TIME,MODIFIER,MODIFY_TIME,IS_DELETE) values ('KHQ201811136750','q','系统管理员',1000,null,null,null,'00');
REM INSERTING into VOTE.PM_CUSTOMER_GROUP_RELATION
SET DEFINE OFF;
Insert into VOTE.PM_CUSTOMER_GROUP_RELATION (CUST_GROUP_RELATION_ID,CUST_GROUP_ID,CUST_ID,CUST_CN_NAME,SAP_CODE) values (1,'201811039615',44,'撒大K打','aaa');
Insert into VOTE.PM_CUSTOMER_GROUP_RELATION (CUST_GROUP_RELATION_ID,CUST_GROUP_ID,CUST_ID,CUST_CN_NAME,SAP_CODE) values (27,'201811039721',61,'中国工商银行股份有限公司南通分行','10000022072');
Insert into VOTE.PM_CUSTOMER_GROUP_RELATION (CUST_GROUP_RELATION_ID,CUST_GROUP_ID,CUST_ID,CUST_CN_NAME,SAP_CODE) values (51,'201811034593',61,'中国工商银行股份有限公司南通分行','10000022072');
Insert into VOTE.PM_CUSTOMER_GROUP_RELATION (CUST_GROUP_RELATION_ID,CUST_GROUP_ID,CUST_ID,CUST_CN_NAME,SAP_CODE) values (66,'201811033643',44,'撒大K打','aaa');
Insert into VOTE.PM_CUSTOMER_GROUP_RELATION (CUST_GROUP_RELATION_ID,CUST_GROUP_ID,CUST_ID,CUST_CN_NAME,SAP_CODE) values (55,'201811036859',44,'撒大K打','aaa');
Insert into VOTE.PM_CUSTOMER_GROUP_RELATION (CUST_GROUP_RELATION_ID,CUST_GROUP_ID,CUST_ID,CUST_CN_NAME,SAP_CODE) values (60,'201811034512',44,'撒大K打','aaa');
Insert into VOTE.PM_CUSTOMER_GROUP_RELATION (CUST_GROUP_RELATION_ID,CUST_GROUP_ID,CUST_ID,CUST_CN_NAME,SAP_CODE) values (54,'201811036859',61,'中国工商银行股份有限公司南通分行','10000022072');
Insert into VOTE.PM_CUSTOMER_GROUP_RELATION (CUST_GROUP_RELATION_ID,CUST_GROUP_ID,CUST_ID,CUST_CN_NAME,SAP_CODE) values (61,'201811034512',61,'中国工商银行股份有限公司南通分行','10000022072');
Insert into VOTE.PM_CUSTOMER_GROUP_RELATION (CUST_GROUP_RELATION_ID,CUST_GROUP_ID,CUST_ID,CUST_CN_NAME,SAP_CODE) values (67,'201811033643',61,'中国工商银行股份有限公司南通分行','10000022072');
Insert into VOTE.PM_CUSTOMER_GROUP_RELATION (CUST_GROUP_RELATION_ID,CUST_GROUP_ID,CUST_ID,CUST_CN_NAME,SAP_CODE) values (164,'201811032744',390,'中广核新能源投资（深圳）有限公司北京分公司','1000001264');
Insert into VOTE.PM_CUSTOMER_GROUP_RELATION (CUST_GROUP_RELATION_ID,CUST_GROUP_ID,CUST_ID,CUST_CN_NAME,SAP_CODE) values (85,'KH201811050204',390,'中广核新能源投资（深圳）有限公司北京分公司','1000001264');
Insert into VOTE.PM_CUSTOMER_GROUP_RELATION (CUST_GROUP_RELATION_ID,CUST_GROUP_ID,CUST_ID,CUST_CN_NAME,SAP_CODE) values (165,'201811032744',393,'北京鑫运联合科技有限公司','1000001230');
Insert into VOTE.PM_CUSTOMER_GROUP_RELATION (CUST_GROUP_RELATION_ID,CUST_GROUP_ID,CUST_ID,CUST_CN_NAME,SAP_CODE) values (86,'KH201811050204',391,'长城（天津）股权投资基金管理有限责任公司','1000001257');
Insert into VOTE.PM_CUSTOMER_GROUP_RELATION (CUST_GROUP_RELATION_ID,CUST_GROUP_ID,CUST_ID,CUST_CN_NAME,SAP_CODE) values (166,'201811032744',394,'众邦金控投资有限公司','1000001218');
Insert into VOTE.PM_CUSTOMER_GROUP_RELATION (CUST_GROUP_RELATION_ID,CUST_GROUP_ID,CUST_ID,CUST_CN_NAME,SAP_CODE) values (167,'201811032744',430,'中广核服务集团有限公司','1000000253');
Insert into VOTE.PM_CUSTOMER_GROUP_RELATION (CUST_GROUP_RELATION_ID,CUST_GROUP_ID,CUST_ID,CUST_CN_NAME,SAP_CODE) values (168,'201811032744',320,'南通双阳软件科技有限公司','1000001912');
Insert into VOTE.PM_CUSTOMER_GROUP_RELATION (CUST_GROUP_RELATION_ID,CUST_GROUP_ID,CUST_ID,CUST_CN_NAME,SAP_CODE) values (169,'201811032744',321,'南京亚软信息技术有限公司','1000001911');
Insert into VOTE.PM_CUSTOMER_GROUP_RELATION (CUST_GROUP_RELATION_ID,CUST_GROUP_ID,CUST_ID,CUST_CN_NAME,SAP_CODE) values (170,'201811032744',322,'嘉兴市住房保障局','1000001910');
Insert into VOTE.PM_CUSTOMER_GROUP_RELATION (CUST_GROUP_RELATION_ID,CUST_GROUP_ID,CUST_ID,CUST_CN_NAME,SAP_CODE) values (171,'201811032744',323,'天安财产保险股份有限公司','1000001904');
Insert into VOTE.PM_CUSTOMER_GROUP_RELATION (CUST_GROUP_RELATION_ID,CUST_GROUP_ID,CUST_ID,CUST_CN_NAME,SAP_CODE) values (172,'201811032744',324,'中国再保险（集团）股份有限公司','1000001899');
Insert into VOTE.PM_CUSTOMER_GROUP_RELATION (CUST_GROUP_RELATION_ID,CUST_GROUP_ID,CUST_ID,CUST_CN_NAME,SAP_CODE) values (173,'201811032744',325,'中国广核能源国际控股有限公司','1000001892');
Insert into VOTE.PM_CUSTOMER_GROUP_RELATION (CUST_GROUP_RELATION_ID,CUST_GROUP_ID,CUST_ID,CUST_CN_NAME,SAP_CODE) values (174,'201811032744',331,'全国水产技术推广总站','1000001838');
Insert into VOTE.PM_CUSTOMER_GROUP_RELATION (CUST_GROUP_RELATION_ID,CUST_GROUP_ID,CUST_ID,CUST_CN_NAME,SAP_CODE) values (175,'201811032744',335,'国义招标股份有限公司','1000001823');
Insert into VOTE.PM_CUSTOMER_GROUP_RELATION (CUST_GROUP_RELATION_ID,CUST_GROUP_ID,CUST_ID,CUST_CN_NAME,SAP_CODE) values (176,'201811032744',336,'中国建设银行股份有限公司上海普陀支行','1000001818');
Insert into VOTE.PM_CUSTOMER_GROUP_RELATION (CUST_GROUP_RELATION_ID,CUST_GROUP_ID,CUST_ID,CUST_CN_NAME,SAP_CODE) values (177,'201811032744',337,'山西炬飞科贸有限公司','1000001814');
Insert into VOTE.PM_CUSTOMER_GROUP_RELATION (CUST_GROUP_RELATION_ID,CUST_GROUP_ID,CUST_ID,CUST_CN_NAME,SAP_CODE) values (178,'201811032744',338,'北京兴融信息技术有限公司','1000001802');
Insert into VOTE.PM_CUSTOMER_GROUP_RELATION (CUST_GROUP_RELATION_ID,CUST_GROUP_ID,CUST_ID,CUST_CN_NAME,SAP_CODE) values (179,'201811032744',339,'中国远东国际招标有限公司','1000001797');
Insert into VOTE.PM_CUSTOMER_GROUP_RELATION (CUST_GROUP_RELATION_ID,CUST_GROUP_ID,CUST_ID,CUST_CN_NAME,SAP_CODE) values (180,'201811032744',340,'深圳市星河智善互联网技术有限公司','1000001796');
Insert into VOTE.PM_CUSTOMER_GROUP_RELATION (CUST_GROUP_RELATION_ID,CUST_GROUP_ID,CUST_ID,CUST_CN_NAME,SAP_CODE) values (181,'201811032744',341,'广东有德招标采购有限公司东莞分公司','1000001795');
Insert into VOTE.PM_CUSTOMER_GROUP_RELATION (CUST_GROUP_RELATION_ID,CUST_GROUP_ID,CUST_ID,CUST_CN_NAME,SAP_CODE) values (182,'201811032744',342,'宁波合创智能科技有限公司','1000001787');
Insert into VOTE.PM_CUSTOMER_GROUP_RELATION (CUST_GROUP_RELATION_ID,CUST_GROUP_ID,CUST_ID,CUST_CN_NAME,SAP_CODE) values (183,'201811032744',343,'广东新禾道信息科技有限公司','1000001779');
Insert into VOTE.PM_CUSTOMER_GROUP_RELATION (CUST_GROUP_RELATION_ID,CUST_GROUP_ID,CUST_ID,CUST_CN_NAME,SAP_CODE) values (184,'201811032744',344,'浙江奥维数据技术有限公司','1000001775');
Insert into VOTE.PM_CUSTOMER_GROUP_RELATION (CUST_GROUP_RELATION_ID,CUST_GROUP_ID,CUST_ID,CUST_CN_NAME,SAP_CODE) values (185,'201811032744',345,'深圳市雷鸟信息科技有限公司','1000001766');
Insert into VOTE.PM_CUSTOMER_GROUP_RELATION (CUST_GROUP_RELATION_ID,CUST_GROUP_ID,CUST_ID,CUST_CN_NAME,SAP_CODE) values (186,'201811032744',346,'广州银行股份有限公司','1000001757');
Insert into VOTE.PM_CUSTOMER_GROUP_RELATION (CUST_GROUP_RELATION_ID,CUST_GROUP_ID,CUST_ID,CUST_CN_NAME,SAP_CODE) values (187,'201811032744',347,'国信招标集团股份有限公司湖北分公司','1000001738');
Insert into VOTE.PM_CUSTOMER_GROUP_RELATION (CUST_GROUP_RELATION_ID,CUST_GROUP_ID,CUST_ID,CUST_CN_NAME,SAP_CODE) values (188,'201811032744',348,'华西证券股份有限公司','1000001734');
Insert into VOTE.PM_CUSTOMER_GROUP_RELATION (CUST_GROUP_RELATION_ID,CUST_GROUP_ID,CUST_ID,CUST_CN_NAME,SAP_CODE) values (189,'201811032744',349,'南通市房地产交易服务中心有限公司','1000001719');
Insert into VOTE.PM_CUSTOMER_GROUP_RELATION (CUST_GROUP_RELATION_ID,CUST_GROUP_ID,CUST_ID,CUST_CN_NAME,SAP_CODE) values (190,'201811032744',350,'宜昌市智慧城市建设办公室','1000001703');
Insert into VOTE.PM_CUSTOMER_GROUP_RELATION (CUST_GROUP_RELATION_ID,CUST_GROUP_ID,CUST_ID,CUST_CN_NAME,SAP_CODE) values (191,'201811032744',351,'湖北恒基建设工程项目管理有限公司宜昌分公司','1000001699');
Insert into VOTE.PM_CUSTOMER_GROUP_RELATION (CUST_GROUP_RELATION_ID,CUST_GROUP_ID,CUST_ID,CUST_CN_NAME,SAP_CODE) values (192,'201811032744',352,'湖北恒基建设工程项目管理有限公司','1000001697');
Insert into VOTE.PM_CUSTOMER_GROUP_RELATION (CUST_GROUP_RELATION_ID,CUST_GROUP_ID,CUST_ID,CUST_CN_NAME,SAP_CODE) values (193,'201811032744',353,'江苏省渔业技术推广中心','1000001693');
Insert into VOTE.PM_CUSTOMER_GROUP_RELATION (CUST_GROUP_RELATION_ID,CUST_GROUP_ID,CUST_ID,CUST_CN_NAME,SAP_CODE) values (194,'201811032744',354,'深圳数位传媒科技有限公司','1000001682');
Insert into VOTE.PM_CUSTOMER_GROUP_RELATION (CUST_GROUP_RELATION_ID,CUST_GROUP_ID,CUST_ID,CUST_CN_NAME,SAP_CODE) values (195,'201811032744',355,'嘉善县住房和城乡规划建设局','1000001674');
Insert into VOTE.PM_CUSTOMER_GROUP_RELATION (CUST_GROUP_RELATION_ID,CUST_GROUP_ID,CUST_ID,CUST_CN_NAME,SAP_CODE) values (196,'201811032744',356,'江苏华凌科技咨询有限公司','1000001657');
Insert into VOTE.PM_CUSTOMER_GROUP_RELATION (CUST_GROUP_RELATION_ID,CUST_GROUP_ID,CUST_ID,CUST_CN_NAME,SAP_CODE) values (197,'201811032744',357,'上海东方投资监理有限公司','1000001647');
Insert into VOTE.PM_CUSTOMER_GROUP_RELATION (CUST_GROUP_RELATION_ID,CUST_GROUP_ID,CUST_ID,CUST_CN_NAME,SAP_CODE) values (198,'201811032744',358,'博易数通（徐州）信息技术有限公司','1000001229');
Insert into VOTE.PM_CUSTOMER_GROUP_RELATION (CUST_GROUP_RELATION_ID,CUST_GROUP_ID,CUST_ID,CUST_CN_NAME,SAP_CODE) values (199,'201811032744',359,'上海润之信息科技有限公司','1000000777');
Insert into VOTE.PM_CUSTOMER_GROUP_RELATION (CUST_GROUP_RELATION_ID,CUST_GROUP_ID,CUST_ID,CUST_CN_NAME,SAP_CODE) values (200,'201811032744',360,'中远集装箱运输有限公司/中远海运集装箱运输有限公司','1000000275');
Insert into VOTE.PM_CUSTOMER_GROUP_RELATION (CUST_GROUP_RELATION_ID,CUST_GROUP_ID,CUST_ID,CUST_CN_NAME,SAP_CODE) values (201,'201811032744',361,'河南省伟信招标管理咨询有限公司','1000001635');
Insert into VOTE.PM_CUSTOMER_GROUP_RELATION (CUST_GROUP_RELATION_ID,CUST_GROUP_ID,CUST_ID,CUST_CN_NAME,SAP_CODE) values (202,'201811032744',362,'天津港保税区世纪龙科技发展有限公司','1000001625');
Insert into VOTE.PM_CUSTOMER_GROUP_RELATION (CUST_GROUP_RELATION_ID,CUST_GROUP_ID,CUST_ID,CUST_CN_NAME,SAP_CODE) values (203,'201811032744',363,'水利部新疆维吾尔自治区水利水电勘测设计研究院伊犁招标代理中心','1000001618');
Insert into VOTE.PM_CUSTOMER_GROUP_RELATION (CUST_GROUP_RELATION_ID,CUST_GROUP_ID,CUST_ID,CUST_CN_NAME,SAP_CODE) values (204,'201811032744',364,'兴业银行股份有限公司信用卡中心','1000001612');
Insert into VOTE.PM_CUSTOMER_GROUP_RELATION (CUST_GROUP_RELATION_ID,CUST_GROUP_ID,CUST_ID,CUST_CN_NAME,SAP_CODE) values (205,'201811032744',365,'中国工商银行股份有限公司嘉善支行','1000001585');
Insert into VOTE.PM_CUSTOMER_GROUP_RELATION (CUST_GROUP_RELATION_ID,CUST_GROUP_ID,CUST_ID,CUST_CN_NAME,SAP_CODE) values (206,'201811032744',366,'中科军信股份有限公司','1000001569');
Insert into VOTE.PM_CUSTOMER_GROUP_RELATION (CUST_GROUP_RELATION_ID,CUST_GROUP_ID,CUST_ID,CUST_CN_NAME,SAP_CODE) values (207,'201811032744',367,'中国建设银行股份有限公司南通分行','1000001565');
Insert into VOTE.PM_CUSTOMER_GROUP_RELATION (CUST_GROUP_RELATION_ID,CUST_GROUP_ID,CUST_ID,CUST_CN_NAME,SAP_CODE) values (208,'201811032744',368,'上海临泰企业服务有限公司','1000001536');
Insert into VOTE.PM_CUSTOMER_GROUP_RELATION (CUST_GROUP_RELATION_ID,CUST_GROUP_ID,CUST_ID,CUST_CN_NAME,SAP_CODE) values (209,'201811032744',369,'中国工商银行股份有限公司青岛市南第四支行','1000001530');
Insert into VOTE.PM_CUSTOMER_GROUP_RELATION (CUST_GROUP_RELATION_ID,CUST_GROUP_ID,CUST_ID,CUST_CN_NAME,SAP_CODE) values (210,'201811032744',370,'苏州太湖国家旅游度假区房产管理中心','1000001520');
Insert into VOTE.PM_CUSTOMER_GROUP_RELATION (CUST_GROUP_RELATION_ID,CUST_GROUP_ID,CUST_ID,CUST_CN_NAME,SAP_CODE) values (211,'201811032744',371,'上海浦东发展银行股份有限公司苏州分行','1000001519');
Insert into VOTE.PM_CUSTOMER_GROUP_RELATION (CUST_GROUP_RELATION_ID,CUST_GROUP_ID,CUST_ID,CUST_CN_NAME,SAP_CODE) values (212,'201811032744',372,'中国银行股份有限公司常州分行','1000001514');
Insert into VOTE.PM_CUSTOMER_GROUP_RELATION (CUST_GROUP_RELATION_ID,CUST_GROUP_ID,CUST_ID,CUST_CN_NAME,SAP_CODE) values (213,'201811032744',373,'北京星际安讯科技有限公司','1000001501');
Insert into VOTE.PM_CUSTOMER_GROUP_RELATION (CUST_GROUP_RELATION_ID,CUST_GROUP_ID,CUST_ID,CUST_CN_NAME,SAP_CODE) values (214,'201811032744',374,'山东超越数控电子股份有限公司','1000001483');
Insert into VOTE.PM_CUSTOMER_GROUP_RELATION (CUST_GROUP_RELATION_ID,CUST_GROUP_ID,CUST_ID,CUST_CN_NAME,SAP_CODE) values (215,'201811032744',375,'江苏银行股份有限公司南通开发区支行','1000001479');
Insert into VOTE.PM_CUSTOMER_GROUP_RELATION (CUST_GROUP_RELATION_ID,CUST_GROUP_ID,CUST_ID,CUST_CN_NAME,SAP_CODE) values (216,'201811032744',376,'中国农业银行股份有限公司','1000001467');
Insert into VOTE.PM_CUSTOMER_GROUP_RELATION (CUST_GROUP_RELATION_ID,CUST_GROUP_ID,CUST_ID,CUST_CN_NAME,SAP_CODE) values (217,'201811032744',377,'国家邮政局邮政业安全中心','1000001451');
Insert into VOTE.PM_CUSTOMER_GROUP_RELATION (CUST_GROUP_RELATION_ID,CUST_GROUP_ID,CUST_ID,CUST_CN_NAME,SAP_CODE) values (218,'201811032744',378,'常熟市信息化发展有限公司','1000001448');
Insert into VOTE.PM_CUSTOMER_GROUP_RELATION (CUST_GROUP_RELATION_ID,CUST_GROUP_ID,CUST_ID,CUST_CN_NAME,SAP_CODE) values (219,'201811032744',379,'上海林享信息科技有限公司','1000001441');
Insert into VOTE.PM_CUSTOMER_GROUP_RELATION (CUST_GROUP_RELATION_ID,CUST_GROUP_ID,CUST_ID,CUST_CN_NAME,SAP_CODE) values (220,'201811032744',380,'华夏银行股份有限公司苏州分行','1000001439');
Insert into VOTE.PM_CUSTOMER_GROUP_RELATION (CUST_GROUP_RELATION_ID,CUST_GROUP_ID,CUST_ID,CUST_CN_NAME,SAP_CODE) values (221,'201811032744',381,'雪松控股集团有限公司','1000001429');
Insert into VOTE.PM_CUSTOMER_GROUP_RELATION (CUST_GROUP_RELATION_ID,CUST_GROUP_ID,CUST_ID,CUST_CN_NAME,SAP_CODE) values (222,'201811032744',382,'青岛市国土资源和房屋管理局','1000001428');
Insert into VOTE.PM_CUSTOMER_GROUP_RELATION (CUST_GROUP_RELATION_ID,CUST_GROUP_ID,CUST_ID,CUST_CN_NAME,SAP_CODE) values (223,'201811032744',383,'青岛市房地产资源信息服务有限公司','1000001421');
Insert into VOTE.PM_CUSTOMER_GROUP_RELATION (CUST_GROUP_RELATION_ID,CUST_GROUP_ID,CUST_ID,CUST_CN_NAME,SAP_CODE) values (224,'201811032744',384,'大丰银行股份有限公司','1000001414');
Insert into VOTE.PM_CUSTOMER_GROUP_RELATION (CUST_GROUP_RELATION_ID,CUST_GROUP_ID,CUST_ID,CUST_CN_NAME,SAP_CODE) values (225,'201811032744',385,'江苏银行股份有限公司南通分行','1000001366');
Insert into VOTE.PM_CUSTOMER_GROUP_RELATION (CUST_GROUP_RELATION_ID,CUST_GROUP_ID,CUST_ID,CUST_CN_NAME,SAP_CODE) values (226,'201811032744',386,'天津银行股份有限公司第一中心支行','1000001332');
Insert into VOTE.PM_CUSTOMER_GROUP_RELATION (CUST_GROUP_RELATION_ID,CUST_GROUP_ID,CUST_ID,CUST_CN_NAME,SAP_CODE) values (227,'201811032744',388,'深圳前海星概念信息技术有限公司','1000001306');
Insert into VOTE.PM_CUSTOMER_GROUP_RELATION (CUST_GROUP_RELATION_ID,CUST_GROUP_ID,CUST_ID,CUST_CN_NAME,SAP_CODE) values (228,'201811032744',389,'阳光资产管理股份有限公司','1000001280');
Insert into VOTE.PM_CUSTOMER_GROUP_RELATION (CUST_GROUP_RELATION_ID,CUST_GROUP_ID,CUST_ID,CUST_CN_NAME,SAP_CODE) values (162,'201811032744',391,'长城（天津）股权投资基金管理有限责任公司','1000001257');
Insert into VOTE.PM_CUSTOMER_GROUP_RELATION (CUST_GROUP_RELATION_ID,CUST_GROUP_ID,CUST_ID,CUST_CN_NAME,SAP_CODE) values (163,'201811032744',392,'中国农业银行股份有限公司嘉兴南湖支行','1000001247');
Insert into VOTE.PM_CUSTOMER_GROUP_RELATION (CUST_GROUP_RELATION_ID,CUST_GROUP_ID,CUST_ID,CUST_CN_NAME,SAP_CODE) values (81,'201811038225',391,'长城（天津）股权投资基金管理有限责任公司','1000001257');
Insert into VOTE.PM_CUSTOMER_GROUP_RELATION (CUST_GROUP_RELATION_ID,CUST_GROUP_ID,CUST_ID,CUST_CN_NAME,SAP_CODE) values (82,'201811038225',392,'中国农业银行股份有限公司嘉兴南湖支行','1000001247');
Insert into VOTE.PM_CUSTOMER_GROUP_RELATION (CUST_GROUP_RELATION_ID,CUST_GROUP_ID,CUST_ID,CUST_CN_NAME,SAP_CODE) values (241,'KHQ201811136750',358,'博易数通（徐州）信息技术有限公司','1000001229');
Insert into VOTE.PM_CUSTOMER_GROUP_RELATION (CUST_GROUP_RELATION_ID,CUST_GROUP_ID,CUST_ID,CUST_CN_NAME,SAP_CODE) values (242,'KHQ201811136750',359,'上海润之信息科技有限公司','1000000777');
Insert into VOTE.PM_CUSTOMER_GROUP_RELATION (CUST_GROUP_RELATION_ID,CUST_GROUP_ID,CUST_ID,CUST_CN_NAME,SAP_CODE) values (243,'KHQ201811136750',360,'中远集装箱运输有限公司/中远海运集装箱运输有限公司','1000000275');
Insert into VOTE.PM_CUSTOMER_GROUP_RELATION (CUST_GROUP_RELATION_ID,CUST_GROUP_ID,CUST_ID,CUST_CN_NAME,SAP_CODE) values (244,'KHQ201811136750',361,'河南省伟信招标管理咨询有限公司','1000001635');
Insert into VOTE.PM_CUSTOMER_GROUP_RELATION (CUST_GROUP_RELATION_ID,CUST_GROUP_ID,CUST_ID,CUST_CN_NAME,SAP_CODE) values (245,'KHQ201811136750',362,'天津港保税区世纪龙科技发展有限公司','1000001625');
Insert into VOTE.PM_CUSTOMER_GROUP_RELATION (CUST_GROUP_RELATION_ID,CUST_GROUP_ID,CUST_ID,CUST_CN_NAME,SAP_CODE) values (246,'KHQ201811136750',363,'水利部新疆维吾尔自治区水利水电勘测设计研究院伊犁招标代理中心','1000001618');
Insert into VOTE.PM_CUSTOMER_GROUP_RELATION (CUST_GROUP_RELATION_ID,CUST_GROUP_ID,CUST_ID,CUST_CN_NAME,SAP_CODE) values (247,'KHQ201811136750',364,'兴业银行股份有限公司信用卡中心','1000001612');
Insert into VOTE.PM_CUSTOMER_GROUP_RELATION (CUST_GROUP_RELATION_ID,CUST_GROUP_ID,CUST_ID,CUST_CN_NAME,SAP_CODE) values (248,'KHQ201811136750',365,'中国工商银行股份有限公司嘉善支行','1000001585');
Insert into VOTE.PM_CUSTOMER_GROUP_RELATION (CUST_GROUP_RELATION_ID,CUST_GROUP_ID,CUST_ID,CUST_CN_NAME,SAP_CODE) values (249,'KHQ201811136750',366,'中科军信股份有限公司','1000001569');
Insert into VOTE.PM_CUSTOMER_GROUP_RELATION (CUST_GROUP_RELATION_ID,CUST_GROUP_ID,CUST_ID,CUST_CN_NAME,SAP_CODE) values (250,'KHQ201811136750',367,'中国建设银行股份有限公司南通分行','1000001565');
REM INSERTING into VOTE.PM_CUSTOMER_INFO
SET DEFINE OFF;
Insert into VOTE.PM_CUSTOMER_INFO (CUST_ID,CUST_CN_NAME,CUST_CODE,COUNTRY,SAP_CODE,EN_NAME,CUST_PAT_TAXES_CODE,CUST_TYPE,ADDRESS,CASH_MANAGEMENT_GROUP,PAY_CONDITION,TRADE_CODE,REGIONAL_MARKET,MAIN_BUSINESS,AREA,CUST_TRADE,PAY_CYCLE,IS_USEFUL,GROUP_COMPANY,BG_VISIABLE,COMPANY_CODE,COMPANY_FUNC_CODE,CREATE_TIME,ADD_USER_ID,ADD_TIME,MODIFIER,MODIFY_TIME,IS_DELETE) values (358,'博易数通（徐州）信息技术有限公司',null,null,'1000001229',null,'91320311MA1P108K1X',null,null,null,'60天之内 到期净值','高科技',null,null,null,null,null,'有效','博易数通（徐州）信息技术有限公司','金融解决方案业务部','1004',null,'2018-03-20 12:52:04',22,null,null,null,'00');
Insert into VOTE.PM_CUSTOMER_INFO (CUST_ID,CUST_CN_NAME,CUST_CODE,COUNTRY,SAP_CODE,EN_NAME,CUST_PAT_TAXES_CODE,CUST_TYPE,ADDRESS,CASH_MANAGEMENT_GROUP,PAY_CONDITION,TRADE_CODE,REGIONAL_MARKET,MAIN_BUSINESS,AREA,CUST_TRADE,PAY_CYCLE,IS_USEFUL,GROUP_COMPANY,BG_VISIABLE,COMPANY_CODE,COMPANY_FUNC_CODE,CREATE_TIME,ADD_USER_ID,ADD_TIME,MODIFIER,MODIFY_TIME,IS_DELETE) values (359,'上海润之信息科技有限公司',null,null,'1000000777',null,'91310114093801885G',null,null,null,'45天之内 到期净值','高科技',null,null,null,null,null,'有效','上海润之信息科技有限公司','金融解决方案业务部','1005',null,'2018-03-20 12:52:04',22,null,null,null,'00');
Insert into VOTE.PM_CUSTOMER_INFO (CUST_ID,CUST_CN_NAME,CUST_CODE,COUNTRY,SAP_CODE,EN_NAME,CUST_PAT_TAXES_CODE,CUST_TYPE,ADDRESS,CASH_MANAGEMENT_GROUP,PAY_CONDITION,TRADE_CODE,REGIONAL_MARKET,MAIN_BUSINESS,AREA,CUST_TRADE,PAY_CYCLE,IS_USEFUL,GROUP_COMPANY,BG_VISIABLE,COMPANY_CODE,COMPANY_FUNC_CODE,CREATE_TIME,ADD_USER_ID,ADD_TIME,MODIFIER,MODIFY_TIME,IS_DELETE) values (360,'中远集装箱运输有限公司/中远海运集装箱运输有限公司',null,null,'1000000275',null,'913100001322933273',null,'上海市东大名路378号',null,'立即应付的 到期净值',null,null,null,null,null,null,'有效','中远集装箱运输有限公司','金融解决方案业务部','1005',null,'2018-03-20 12:52:04',22,null,null,null,'00');
Insert into VOTE.PM_CUSTOMER_INFO (CUST_ID,CUST_CN_NAME,CUST_CODE,COUNTRY,SAP_CODE,EN_NAME,CUST_PAT_TAXES_CODE,CUST_TYPE,ADDRESS,CASH_MANAGEMENT_GROUP,PAY_CONDITION,TRADE_CODE,REGIONAL_MARKET,MAIN_BUSINESS,AREA,CUST_TRADE,PAY_CYCLE,IS_USEFUL,GROUP_COMPANY,BG_VISIABLE,COMPANY_CODE,COMPANY_FUNC_CODE,CREATE_TIME,ADD_USER_ID,ADD_TIME,MODIFIER,MODIFY_TIME,IS_DELETE) values (361,'河南省伟信招标管理咨询有限公司',null,'中国','1000001635',null,'91410100728642639T','Paper','郑州市郑东新区正光路22号行署国际广场E座8楼801室','主营业务客户',null,'商业和零售','中国','招标代理','郑州','中介服务(人才/商标专利)','月结(30天)结算周期','有效','河南省伟信招标管理咨询有限公司','金融解决方案业务部',null,null,'2018-03-09 11:38:50',22,null,null,null,'00');
Insert into VOTE.PM_CUSTOMER_INFO (CUST_ID,CUST_CN_NAME,CUST_CODE,COUNTRY,SAP_CODE,EN_NAME,CUST_PAT_TAXES_CODE,CUST_TYPE,ADDRESS,CASH_MANAGEMENT_GROUP,PAY_CONDITION,TRADE_CODE,REGIONAL_MARKET,MAIN_BUSINESS,AREA,CUST_TRADE,PAY_CYCLE,IS_USEFUL,GROUP_COMPANY,BG_VISIABLE,COMPANY_CODE,COMPANY_FUNC_CODE,CREATE_TIME,ADD_USER_ID,ADD_TIME,MODIFIER,MODIFY_TIME,IS_DELETE) values (362,'天津港保税区世纪龙科技发展有限公司',null,'中国','1000001625',null,'9112011671824774XD','Paper','天津自贸试验区(空港经济区)中环西路与西二道交口丽港大厦3-1020室','主营业务客户',null,'商业和零售','中国','招标代理','天津','中介服务(人才/商标专利)','月结(30天)结算周期','有效','天津港保税区世纪龙科技发展有限公司','金融解决方案业务部',null,null,'2018-03-01 10:21:04',22,null,null,null,'00');
Insert into VOTE.PM_CUSTOMER_INFO (CUST_ID,CUST_CN_NAME,CUST_CODE,COUNTRY,SAP_CODE,EN_NAME,CUST_PAT_TAXES_CODE,CUST_TYPE,ADDRESS,CASH_MANAGEMENT_GROUP,PAY_CONDITION,TRADE_CODE,REGIONAL_MARKET,MAIN_BUSINESS,AREA,CUST_TRADE,PAY_CYCLE,IS_USEFUL,GROUP_COMPANY,BG_VISIABLE,COMPANY_CODE,COMPANY_FUNC_CODE,CREATE_TIME,ADD_USER_ID,ADD_TIME,MODIFIER,MODIFY_TIME,IS_DELETE) values (363,'水利部新疆维吾尔自治区水利水电勘测设计研究院伊犁招标代理中心',null,'中国','1000001618',null,'91654002072216943J','Paper','新疆伊犁州霍尔果斯配套区珠海路开建大厦1204室','主营业务客户',null,'商业和零售','中国','招标代理','山南地区新疆','中介服务(人才/商标专利)','月结(30天)结算周期','有效','水利部新疆维吾尔自治区水利水电勘测设计研究院伊犁招标代理中心','金融解决方案业务部',null,null,'2018-02-27 09:54:07',22,null,null,null,'00');
Insert into VOTE.PM_CUSTOMER_INFO (CUST_ID,CUST_CN_NAME,CUST_CODE,COUNTRY,SAP_CODE,EN_NAME,CUST_PAT_TAXES_CODE,CUST_TYPE,ADDRESS,CASH_MANAGEMENT_GROUP,PAY_CONDITION,TRADE_CODE,REGIONAL_MARKET,MAIN_BUSINESS,AREA,CUST_TRADE,PAY_CYCLE,IS_USEFUL,GROUP_COMPANY,BG_VISIABLE,COMPANY_CODE,COMPANY_FUNC_CODE,CREATE_TIME,ADD_USER_ID,ADD_TIME,MODIFIER,MODIFY_TIME,IS_DELETE) values (364,'兴业银行股份有限公司信用卡中心',null,'中国','1000001612',null,'91310115676249009H','Copper','上海市浦东新区来安路500号','主营业务客户',null,'金融','中国','办理本外币信用卡的发卡业务，办理信用卡项下的本外币贷款、结算、汇款、结汇、外汇兑换业务，代理国内外各类银行卡的收单业务，代理国外金融业务和国际组织信用卡的发卡、付款及资金清算业务，代理其他银行或机构信用卡发卡、收单业务的运营服务，代理信用卡项下的代收代付、代售、资信调查、咨询服务、见证业务，代理信用卡项下的理财服务','上海','金融','季结（90天）结算周期','有效','兴业银行股份有限公司','金融解决方案业务部',null,null,'2018-02-23 14:03:33',22,null,null,null,'00');
Insert into VOTE.PM_CUSTOMER_INFO (CUST_ID,CUST_CN_NAME,CUST_CODE,COUNTRY,SAP_CODE,EN_NAME,CUST_PAT_TAXES_CODE,CUST_TYPE,ADDRESS,CASH_MANAGEMENT_GROUP,PAY_CONDITION,TRADE_CODE,REGIONAL_MARKET,MAIN_BUSINESS,AREA,CUST_TRADE,PAY_CYCLE,IS_USEFUL,GROUP_COMPANY,BG_VISIABLE,COMPANY_CODE,COMPANY_FUNC_CODE,CREATE_TIME,ADD_USER_ID,ADD_TIME,MODIFIER,MODIFY_TIME,IS_DELETE) values (365,'中国工商银行股份有限公司嘉善支行',null,'中国','1000001585',null,'91330421846594789R','Blank','嘉善县魏塘街道解放东路8号','主营业务客户',null,'金融','中国','金融业-银行','嘉兴','金融业(投资/保险/证/银行/基金)','月结(30天)结算周期','有效','中国工商银行','金融解决方案业务部',null,null,'2018-01-22 16:07:51',22,null,null,null,'00');
Insert into VOTE.PM_CUSTOMER_INFO (CUST_ID,CUST_CN_NAME,CUST_CODE,COUNTRY,SAP_CODE,EN_NAME,CUST_PAT_TAXES_CODE,CUST_TYPE,ADDRESS,CASH_MANAGEMENT_GROUP,PAY_CONDITION,TRADE_CODE,REGIONAL_MARKET,MAIN_BUSINESS,AREA,CUST_TRADE,PAY_CYCLE,IS_USEFUL,GROUP_COMPANY,BG_VISIABLE,COMPANY_CODE,COMPANY_FUNC_CODE,CREATE_TIME,ADD_USER_ID,ADD_TIME,MODIFIER,MODIFY_TIME,IS_DELETE) values (366,'中科军信股份有限公司',null,'中国','1000001569',null,'91110108633625457Q','Blank','北京市密云区经济开发区兴盛南路8号开发区办公楼501室-1958','主营业务客户',null,'互联网和电商','中国','技术开发、技术转让、技术推广、技术服务、技术咨询；技术进出口','北京','互联网','季结（90天）结算周期','有效','中科军信股份有限公司','金融解决方案业务部',null,null,'2018-01-15 16:45:53',22,null,null,null,'00');
Insert into VOTE.PM_CUSTOMER_INFO (CUST_ID,CUST_CN_NAME,CUST_CODE,COUNTRY,SAP_CODE,EN_NAME,CUST_PAT_TAXES_CODE,CUST_TYPE,ADDRESS,CASH_MANAGEMENT_GROUP,PAY_CONDITION,TRADE_CODE,REGIONAL_MARKET,MAIN_BUSINESS,AREA,CUST_TRADE,PAY_CYCLE,IS_USEFUL,GROUP_COMPANY,BG_VISIABLE,COMPANY_CODE,COMPANY_FUNC_CODE,CREATE_TIME,ADD_USER_ID,ADD_TIME,MODIFIER,MODIFY_TIME,IS_DELETE) values (367,'中国建设银行股份有限公司南通分行',null,'中国','1000001565',null,'913206008383001893','Paper','南通市姚港路1号','主营业务客户',null,'金融','中国','金融，银行','上海','金融业(投资/保险/证/银行/基金)','月结(30天)结算周期','有效','中国建设银行','金融解决方案业务部',null,null,'2018-01-12 11:08:10',22,null,null,null,'00');
Insert into VOTE.PM_CUSTOMER_INFO (CUST_ID,CUST_CN_NAME,CUST_CODE,COUNTRY,SAP_CODE,EN_NAME,CUST_PAT_TAXES_CODE,CUST_TYPE,ADDRESS,CASH_MANAGEMENT_GROUP,PAY_CONDITION,TRADE_CODE,REGIONAL_MARKET,MAIN_BUSINESS,AREA,CUST_TRADE,PAY_CYCLE,IS_USEFUL,GROUP_COMPANY,BG_VISIABLE,COMPANY_CODE,COMPANY_FUNC_CODE,CREATE_TIME,ADD_USER_ID,ADD_TIME,MODIFIER,MODIFY_TIME,IS_DELETE) values (368,'上海临泰企业服务有限公司',null,'中国','1000001536',null,'913101046915914270','Blank','上海市徐汇区龙吴路1500号2幢A312室','主营业务客户',null,'商业和零售','中国','计算机软件服务，数据处理及相关技术业务处理服务，广告设计、制作、代理，利用自有媒体发布广告，企业管理及咨询服务，为企业提供市场营销、管理策划、商务信息咨询服务（不得从事增值电信、金融业务），电子商务（不得从事增值电信、金融业务），电子支付专业领域内的四技服务，展览展示服务，会务服务，票务代理，旅游用品、计算机、软件及辅助设备、电子产品，日用百货销售，佣金代理。','上海','服务业','季结（90天）结算周期','有效','上海临泰企业服务有限公司','金融解决方案业务部',null,null,'2017-12-25 17:39:15',22,null,null,null,'00');
Insert into VOTE.PM_CUSTOMER_INFO (CUST_ID,CUST_CN_NAME,CUST_CODE,COUNTRY,SAP_CODE,EN_NAME,CUST_PAT_TAXES_CODE,CUST_TYPE,ADDRESS,CASH_MANAGEMENT_GROUP,PAY_CONDITION,TRADE_CODE,REGIONAL_MARKET,MAIN_BUSINESS,AREA,CUST_TRADE,PAY_CYCLE,IS_USEFUL,GROUP_COMPANY,BG_VISIABLE,COMPANY_CODE,COMPANY_FUNC_CODE,CREATE_TIME,ADD_USER_ID,ADD_TIME,MODIFIER,MODIFY_TIME,IS_DELETE) values (369,'中国工商银行股份有限公司青岛市南第四支行',null,'中国','1000001530',null,'913702022645719583','Blank','青岛市市南区东海中路16号3栋','主营业务客户',null,'金融','中国','代理中国保监会批准的人身保险和财产保险（航意险及其替代产品除外）；金融业务，代理开放式基金业务（保险兼业代理业务许可证,金融机构营业许可证 有效期限以许可证为准）。','青岛','金融','季结（90天）结算周期','有效','中国工商银行','金融解决方案业务部',null,null,'2017-12-21 10:47:08',22,null,null,null,'00');
Insert into VOTE.PM_CUSTOMER_INFO (CUST_ID,CUST_CN_NAME,CUST_CODE,COUNTRY,SAP_CODE,EN_NAME,CUST_PAT_TAXES_CODE,CUST_TYPE,ADDRESS,CASH_MANAGEMENT_GROUP,PAY_CONDITION,TRADE_CODE,REGIONAL_MARKET,MAIN_BUSINESS,AREA,CUST_TRADE,PAY_CYCLE,IS_USEFUL,GROUP_COMPANY,BG_VISIABLE,COMPANY_CODE,COMPANY_FUNC_CODE,CREATE_TIME,ADD_USER_ID,ADD_TIME,MODIFIER,MODIFY_TIME,IS_DELETE) values (370,'苏州太湖国家旅游度假区房产管理中心',null,'中国','1000001520',null,'0000003','Blank','苏州市吴中区香山街道后塘路6号','主营业务客户',null,'政府','中国','房产信息，房产管理中心','苏州','政府/非营利机构','月结(30天)结算周期','有效','苏州太湖国家旅游度假区房产管理中心','金融解决方案业务部',null,null,'2017-12-13 17:08:10',22,null,null,null,'00');
Insert into VOTE.PM_CUSTOMER_INFO (CUST_ID,CUST_CN_NAME,CUST_CODE,COUNTRY,SAP_CODE,EN_NAME,CUST_PAT_TAXES_CODE,CUST_TYPE,ADDRESS,CASH_MANAGEMENT_GROUP,PAY_CONDITION,TRADE_CODE,REGIONAL_MARKET,MAIN_BUSINESS,AREA,CUST_TRADE,PAY_CYCLE,IS_USEFUL,GROUP_COMPANY,BG_VISIABLE,COMPANY_CODE,COMPANY_FUNC_CODE,CREATE_TIME,ADD_USER_ID,ADD_TIME,MODIFIER,MODIFY_TIME,IS_DELETE) values (371,'上海浦东发展银行股份有限公司苏州分行',null,'中国','1000001519',null,'91320594837756678H','Blank','苏州工业园区钟园路718号','主营业务客户',null,'金融','中国','银行，金融','上海','金融业(投资/保险/证/银行/基金)','月结(30天)结算周期','有效','上海浦东发展银行股份有限公司','金融解决方案业务部',null,null,'2017-12-13 15:53:15',22,null,null,null,'00');
Insert into VOTE.PM_CUSTOMER_INFO (CUST_ID,CUST_CN_NAME,CUST_CODE,COUNTRY,SAP_CODE,EN_NAME,CUST_PAT_TAXES_CODE,CUST_TYPE,ADDRESS,CASH_MANAGEMENT_GROUP,PAY_CONDITION,TRADE_CODE,REGIONAL_MARKET,MAIN_BUSINESS,AREA,CUST_TRADE,PAY_CYCLE,IS_USEFUL,GROUP_COMPANY,BG_VISIABLE,COMPANY_CODE,COMPANY_FUNC_CODE,CREATE_TIME,ADD_USER_ID,ADD_TIME,MODIFIER,MODIFY_TIME,IS_DELETE) values (372,'中国银行股份有限公司常州分行',null,'中国','1000001514',null,'91320400837166029B','Blank','常州市和平北路21号','主营业务客户',null,'金融','中国','银行','常州市','金融业(投资/保险/证/银行/基金)','两月结（60天）结算周期','有效','中国银行股份有限公司','金融解决方案业务部',null,null,'2017-12-11 13:51:53',22,null,null,null,'00');
Insert into VOTE.PM_CUSTOMER_INFO (CUST_ID,CUST_CN_NAME,CUST_CODE,COUNTRY,SAP_CODE,EN_NAME,CUST_PAT_TAXES_CODE,CUST_TYPE,ADDRESS,CASH_MANAGEMENT_GROUP,PAY_CONDITION,TRADE_CODE,REGIONAL_MARKET,MAIN_BUSINESS,AREA,CUST_TRADE,PAY_CYCLE,IS_USEFUL,GROUP_COMPANY,BG_VISIABLE,COMPANY_CODE,COMPANY_FUNC_CODE,CREATE_TIME,ADD_USER_ID,ADD_TIME,MODIFIER,MODIFY_TIME,IS_DELETE) values (373,'北京星际安讯科技有限公司',null,'中国','1000001501',null,'911101027906714309','Blank','北京市西城区新街口外大街28号B座226号（德胜园区）','主营业务客户',null,'互联网和电商','中国','技术开发、技术服务、技术转让、销售通信设备','北京','互联网/电子商务','季结（90天）结算周期','有效','北京星际安讯科技有限公司','金融解决方案业务部',null,null,'2017-12-05 17:36:38',22,null,null,null,'00');
Insert into VOTE.PM_CUSTOMER_INFO (CUST_ID,CUST_CN_NAME,CUST_CODE,COUNTRY,SAP_CODE,EN_NAME,CUST_PAT_TAXES_CODE,CUST_TYPE,ADDRESS,CASH_MANAGEMENT_GROUP,PAY_CONDITION,TRADE_CODE,REGIONAL_MARKET,MAIN_BUSINESS,AREA,CUST_TRADE,PAY_CYCLE,IS_USEFUL,GROUP_COMPANY,BG_VISIABLE,COMPANY_CODE,COMPANY_FUNC_CODE,CREATE_TIME,ADD_USER_ID,ADD_TIME,MODIFIER,MODIFY_TIME,IS_DELETE) values (374,'山东超越数控电子股份有限公司',null,'中国','1000001483',null,'91370000163092376X','Blank','山东省济南市高新区孙村镇科航路2877号','主营业务客户',null,'通信电信','中国','电子产品、机电一体化产品','济南','其他','季结（90天）结算周期','有效','山东超越数控电子股份有限公司','金融解决方案',null,null,'2017-11-21 11:15:43',22,null,null,null,'00');
Insert into VOTE.PM_CUSTOMER_INFO (CUST_ID,CUST_CN_NAME,CUST_CODE,COUNTRY,SAP_CODE,EN_NAME,CUST_PAT_TAXES_CODE,CUST_TYPE,ADDRESS,CASH_MANAGEMENT_GROUP,PAY_CONDITION,TRADE_CODE,REGIONAL_MARKET,MAIN_BUSINESS,AREA,CUST_TRADE,PAY_CYCLE,IS_USEFUL,GROUP_COMPANY,BG_VISIABLE,COMPANY_CODE,COMPANY_FUNC_CODE,CREATE_TIME,ADD_USER_ID,ADD_TIME,MODIFIER,MODIFY_TIME,IS_DELETE) values (375,'江苏银行股份有限公司南通开发区支行',null,'中国','1000001479',null,'91320600838333773E','Blank','南通开发区上海路9号','主营业务客户',null,'金融','中国','按中国银行业监督管理委员会南通监管分局核发的金融许可证核定的范围经营','上海','金融业(投资/保险/证/银行/基金)','两月结（60天）结算周期','有效','江苏银行股份有限公司','金融解决方案业务部',null,null,'2017-11-17 13:49:36',22,null,null,null,'00');
Insert into VOTE.PM_CUSTOMER_INFO (CUST_ID,CUST_CN_NAME,CUST_CODE,COUNTRY,SAP_CODE,EN_NAME,CUST_PAT_TAXES_CODE,CUST_TYPE,ADDRESS,CASH_MANAGEMENT_GROUP,PAY_CONDITION,TRADE_CODE,REGIONAL_MARKET,MAIN_BUSINESS,AREA,CUST_TRADE,PAY_CYCLE,IS_USEFUL,GROUP_COMPANY,BG_VISIABLE,COMPANY_CODE,COMPANY_FUNC_CODE,CREATE_TIME,ADD_USER_ID,ADD_TIME,MODIFIER,MODIFY_TIME,IS_DELETE) values (376,'中国农业银行股份有限公司',null,'中国','1000001467','Agricultural Bank of China','911100001000054748','Paper','北京市东城区建国门内大街69号','主营业务客户','90天之内 到期净值','金融','中国','吸收公众存款；发放短期、中期、长期贷款；办理国内外结算；办理票据承兑与贴现；发行金融债券；代理发行、代理兑付、承销政府债券；买卖政府债券、金融债券；从事同业拆借；买卖、代理买卖外汇；结汇、售汇；从事银行卡业务；提供信用证服务及担保；代理收付款项；提供保管箱服务；代理资金清算；各类汇兑业务；代理政策性银行、外国政府和国际金融机构贷款业务；贷款承诺；组织或参加银团贷款；外汇存款；外汇贷款；外汇汇款；外汇借款；发行、代理发行、买卖或代理买卖股票以外的外币有价证券；外汇票据承兑和贴现；自营、代客外汇买卖；外币兑换；外汇担保；资信调查、咨询、见证业务；企业、个人财务顾问服务；证券公司客户交易结算资金存管业务；证券投资基金托管业务；企业年金托管业务；产业投资基金托管业务','北京','金融','季结（90天）结算周期','有效','中国农业银行股份有限公司','金融解决方案业务部','1004',null,'2017-11-13 17:13:30',22,null,null,null,'00');
Insert into VOTE.PM_CUSTOMER_INFO (CUST_ID,CUST_CN_NAME,CUST_CODE,COUNTRY,SAP_CODE,EN_NAME,CUST_PAT_TAXES_CODE,CUST_TYPE,ADDRESS,CASH_MANAGEMENT_GROUP,PAY_CONDITION,TRADE_CODE,REGIONAL_MARKET,MAIN_BUSINESS,AREA,CUST_TRADE,PAY_CYCLE,IS_USEFUL,GROUP_COMPANY,BG_VISIABLE,COMPANY_CODE,COMPANY_FUNC_CODE,CREATE_TIME,ADD_USER_ID,ADD_TIME,MODIFIER,MODIFY_TIME,IS_DELETE) values (377,'国家邮政局邮政业安全中心',null,'中国','1000001451',null,'110108717839655','Blank','北京市海淀区挂甲屯5号院','主营业务客户',null,'金融','中国','承担邮政业安全和应急管理体系的日常维护和运行等','北京','金融','季结（90天）结算周期','有效','国家邮政局邮政业安全中心','金融解决方案业务部',null,null,'2017-10-27 14:47:53',22,null,null,null,'00');
Insert into VOTE.PM_CUSTOMER_INFO (CUST_ID,CUST_CN_NAME,CUST_CODE,COUNTRY,SAP_CODE,EN_NAME,CUST_PAT_TAXES_CODE,CUST_TYPE,ADDRESS,CASH_MANAGEMENT_GROUP,PAY_CONDITION,TRADE_CODE,REGIONAL_MARKET,MAIN_BUSINESS,AREA,CUST_TRADE,PAY_CYCLE,IS_USEFUL,GROUP_COMPANY,BG_VISIABLE,COMPANY_CODE,COMPANY_FUNC_CODE,CREATE_TIME,ADD_USER_ID,ADD_TIME,MODIFIER,MODIFY_TIME,IS_DELETE) values (378,'常熟市信息化发展有限公司',null,'中国','1000001448',null,'91320581063223332P','Blank','常熟市海虞北路51号','主营业务客户',null,'高科技','中国','信息化项目投资建设、信息化项目运行服务、智能化电子产品销售。（依法须经批准的项目，经相关部门批准后方可开展经营活动）','常熟','高科技','两月结（60天）结算周期','有效','常熟市信息化发展有限公司','金融解决方案业务部',null,null,'2017-10-26 15:43:32',22,null,null,null,'00');
Insert into VOTE.PM_CUSTOMER_INFO (CUST_ID,CUST_CN_NAME,CUST_CODE,COUNTRY,SAP_CODE,EN_NAME,CUST_PAT_TAXES_CODE,CUST_TYPE,ADDRESS,CASH_MANAGEMENT_GROUP,PAY_CONDITION,TRADE_CODE,REGIONAL_MARKET,MAIN_BUSINESS,AREA,CUST_TRADE,PAY_CYCLE,IS_USEFUL,GROUP_COMPANY,BG_VISIABLE,COMPANY_CODE,COMPANY_FUNC_CODE,CREATE_TIME,ADD_USER_ID,ADD_TIME,MODIFIER,MODIFY_TIME,IS_DELETE) values (379,'上海林享信息科技有限公司',null,'中国','1000001441',null,'91310114332734588J','Blank','上海市嘉定区福海路1011号3幢B区1552室','主营业务客户',null,'金融','中国','从事计算机软件领域内的技术开发、技术转让、技术服务、技术咨询,计算机系统集成,计算机服务(除互联网上网服务经营场所),设计、制作、代理各类广告,企业管理,企业管理咨询,企业营销策划,商务咨询,展览展示服务,会务服务,票务代理,电子商务(不得从事增值电信、金融业务),电子产品、日用百货、计算机、软件及辅助设备(除计算机信息系统安全专用产品)的销售,接受金融机构委托从事金融信息技术外包,接受金融机构委托从事金融业务流程外包,接受金融机构委托从事金融知识流程外包。','上海','金融','季结（90天）结算周期','有效','上海林享信息科技有限公司','金融解决方案业务部',null,null,'2017-10-24 10:18:38',22,null,null,null,'00');
Insert into VOTE.PM_CUSTOMER_INFO (CUST_ID,CUST_CN_NAME,CUST_CODE,COUNTRY,SAP_CODE,EN_NAME,CUST_PAT_TAXES_CODE,CUST_TYPE,ADDRESS,CASH_MANAGEMENT_GROUP,PAY_CONDITION,TRADE_CODE,REGIONAL_MARKET,MAIN_BUSINESS,AREA,CUST_TRADE,PAY_CYCLE,IS_USEFUL,GROUP_COMPANY,BG_VISIABLE,COMPANY_CODE,COMPANY_FUNC_CODE,CREATE_TIME,ADD_USER_ID,ADD_TIME,MODIFIER,MODIFY_TIME,IS_DELETE) values (380,'华夏银行股份有限公司苏州分行',null,'中国','1000001439',null,'9132059483775172XY','Blank','苏州工业园区星海街188号','主营业务客户',null,'金融','中国','金融，银行','苏州','金融','月结(30天)结算周期','有效','华夏银行股份有限公司苏州分行','金融解决方案业务部',null,null,'2017-10-20 15:26:52',22,null,null,null,'00');
Insert into VOTE.PM_CUSTOMER_INFO (CUST_ID,CUST_CN_NAME,CUST_CODE,COUNTRY,SAP_CODE,EN_NAME,CUST_PAT_TAXES_CODE,CUST_TYPE,ADDRESS,CASH_MANAGEMENT_GROUP,PAY_CONDITION,TRADE_CODE,REGIONAL_MARKET,MAIN_BUSINESS,AREA,CUST_TRADE,PAY_CYCLE,IS_USEFUL,GROUP_COMPANY,BG_VISIABLE,COMPANY_CODE,COMPANY_FUNC_CODE,CREATE_TIME,ADD_USER_ID,ADD_TIME,MODIFIER,MODIFY_TIME,IS_DELETE) values (381,'雪松控股集团有限公司',null,'中国','1000001429',null,'91440101347466547J','Silver','广州市中新广州知识城凤凰三路17号自编五栋487室','主营业务客户',null,'金融','中国','投资管理服务;资产管理（不含许可审批项目）;企业管理服务（涉及许可经营项目的除外）;企业总部管理;(依法须经批准的项目，经相关部门批准后方可开展经营活动)','广州','金融','月结(30天)结算周期','有效','雪松控股集团有限公司','金融解决方案业务部',null,null,'2017-10-16 13:47:43',22,null,null,null,'00');
Insert into VOTE.PM_CUSTOMER_INFO (CUST_ID,CUST_CN_NAME,CUST_CODE,COUNTRY,SAP_CODE,EN_NAME,CUST_PAT_TAXES_CODE,CUST_TYPE,ADDRESS,CASH_MANAGEMENT_GROUP,PAY_CONDITION,TRADE_CODE,REGIONAL_MARKET,MAIN_BUSINESS,AREA,CUST_TRADE,PAY_CYCLE,IS_USEFUL,GROUP_COMPANY,BG_VISIABLE,COMPANY_CODE,COMPANY_FUNC_CODE,CREATE_TIME,ADD_USER_ID,ADD_TIME,MODIFIER,MODIFY_TIME,IS_DELETE) values (382,'青岛市国土资源和房屋管理局',null,'中国','1000001428',null,'97','Blank','青岛市南区巫峡路6号','主营业务客户',null,'政府','中国','承担规范国土资源和房屋管理秩序的责任；承担保护与合理利用土地资源、矿产资源等自然资源的责任；承担全市耕地保护的责任，确保规划确定的耕地保有量和基本农田面积不减少；承担呈报国务院和省政府、市政府审批的各类用地的审核、报批工作；承担及时准确提供全市土地利用各种数据的责任；承担节约集约利用土地资源的责任；承担呈报省政府、市政府审批的改制企事业单位国有土地资产的处置等等。','青岛','其他','季结（90天）结算周期','有效','青岛市国土资源和房屋管理局','金融解决方案业务部',null,null,'2017-10-16 13:44:46',22,null,null,null,'00');
Insert into VOTE.PM_CUSTOMER_INFO (CUST_ID,CUST_CN_NAME,CUST_CODE,COUNTRY,SAP_CODE,EN_NAME,CUST_PAT_TAXES_CODE,CUST_TYPE,ADDRESS,CASH_MANAGEMENT_GROUP,PAY_CONDITION,TRADE_CODE,REGIONAL_MARKET,MAIN_BUSINESS,AREA,CUST_TRADE,PAY_CYCLE,IS_USEFUL,GROUP_COMPANY,BG_VISIABLE,COMPANY_CODE,COMPANY_FUNC_CODE,CREATE_TIME,ADD_USER_ID,ADD_TIME,MODIFIER,MODIFY_TIME,IS_DELETE) values (383,'青岛市房地产资源信息服务有限公司',null,'中国','1000001421',null,'91370213095094053C','Blank','青岛市市南区瞿塘峡路20号','主营业务客户',null,'政府','中国','计算机系统服务；数据处理；计算机维修；基础软件服务；应用软件服务；记录媒介的复制；计算机、软件及辅助设备批发、零售；地理信息系统工程技术开发、技术服务；房地产中介服务；会议及展览服务。','青岛','其他','季结（90天）结算周期','有效','青岛市房地产信息与交易资金监管中心','金融解决方案业务部',null,null,'2017-09-29 10:53:09',22,null,null,null,'00');
Insert into VOTE.PM_CUSTOMER_INFO (CUST_ID,CUST_CN_NAME,CUST_CODE,COUNTRY,SAP_CODE,EN_NAME,CUST_PAT_TAXES_CODE,CUST_TYPE,ADDRESS,CASH_MANAGEMENT_GROUP,PAY_CONDITION,TRADE_CODE,REGIONAL_MARKET,MAIN_BUSINESS,AREA,CUST_TRADE,PAY_CYCLE,IS_USEFUL,GROUP_COMPANY,BG_VISIABLE,COMPANY_CODE,COMPANY_FUNC_CODE,CREATE_TIME,ADD_USER_ID,ADD_TIME,MODIFIER,MODIFY_TIME,IS_DELETE) values (384,'大丰银行股份有限公司',null,'中国','1000001414','Tai Fung Bank','791','Blank','澳门宋玉生广场418号大丰银行总行大厦','主营业务客户',null,'金融','中国','各项存款、放款、押汇以外，近年并积极发展新业务品种，配合新科技，务求与时代并进。','澳门','金融','季结（90天）结算周期','有效','大丰银行股份有限公司','金融解决方案业务部',null,null,'2017-09-25 09:59:43',22,null,null,null,'00');
Insert into VOTE.PM_CUSTOMER_INFO (CUST_ID,CUST_CN_NAME,CUST_CODE,COUNTRY,SAP_CODE,EN_NAME,CUST_PAT_TAXES_CODE,CUST_TYPE,ADDRESS,CASH_MANAGEMENT_GROUP,PAY_CONDITION,TRADE_CODE,REGIONAL_MARKET,MAIN_BUSINESS,AREA,CUST_TRADE,PAY_CYCLE,IS_USEFUL,GROUP_COMPANY,BG_VISIABLE,COMPANY_CODE,COMPANY_FUNC_CODE,CREATE_TIME,ADD_USER_ID,ADD_TIME,MODIFIER,MODIFY_TIME,IS_DELETE) values (385,'江苏银行股份有限公司南通分行',null,'中国','1000001366',null,'9132060025183486XC','Blank','南通市南大街300号','主营业务客户',null,'金融','中国','金融，银行','南通市','金融','两月结（60天）结算周期','有效','江苏银行股份有限公司','金融解决方案业务部',null,null,'2017-09-05 11:24:16',22,null,null,null,'00');
Insert into VOTE.PM_CUSTOMER_INFO (CUST_ID,CUST_CN_NAME,CUST_CODE,COUNTRY,SAP_CODE,EN_NAME,CUST_PAT_TAXES_CODE,CUST_TYPE,ADDRESS,CASH_MANAGEMENT_GROUP,PAY_CONDITION,TRADE_CODE,REGIONAL_MARKET,MAIN_BUSINESS,AREA,CUST_TRADE,PAY_CYCLE,IS_USEFUL,GROUP_COMPANY,BG_VISIABLE,COMPANY_CODE,COMPANY_FUNC_CODE,CREATE_TIME,ADD_USER_ID,ADD_TIME,MODIFIER,MODIFY_TIME,IS_DELETE) values (1,'123','dasdasd','dawqd','15165asdsap','dasdas',null,null,null,'dasda',null,'dasda',null,null,null,null,'01',null,null,null,null,null,null,null,null,1000,null,'01');
Insert into VOTE.PM_CUSTOMER_INFO (CUST_ID,CUST_CN_NAME,CUST_CODE,COUNTRY,SAP_CODE,EN_NAME,CUST_PAT_TAXES_CODE,CUST_TYPE,ADDRESS,CASH_MANAGEMENT_GROUP,PAY_CONDITION,TRADE_CODE,REGIONAL_MARKET,MAIN_BUSINESS,AREA,CUST_TRADE,PAY_CYCLE,IS_USEFUL,GROUP_COMPANY,BG_VISIABLE,COMPANY_CODE,COMPANY_FUNC_CODE,CREATE_TIME,ADD_USER_ID,ADD_TIME,MODIFIER,MODIFY_TIME,IS_DELETE) values (43,null,null,null,'dsddd','ddd',null,null,null,null,null,null,null,null,null,null,'01',null,null,null,null,null,null,1000,'02-NOV-18',1000,null,'01');
Insert into VOTE.PM_CUSTOMER_INFO (CUST_ID,CUST_CN_NAME,CUST_CODE,COUNTRY,SAP_CODE,EN_NAME,CUST_PAT_TAXES_CODE,CUST_TYPE,ADDRESS,CASH_MANAGEMENT_GROUP,PAY_CONDITION,TRADE_CODE,REGIONAL_MARKET,MAIN_BUSINESS,AREA,CUST_TRADE,PAY_CYCLE,IS_USEFUL,GROUP_COMPANY,BG_VISIABLE,COMPANY_CODE,COMPANY_FUNC_CODE,CREATE_TIME,ADD_USER_ID,ADD_TIME,MODIFIER,MODIFY_TIME,IS_DELETE) values (390,'中广核新能源投资（深圳）有限公司北京分公司',null,'中国','1000001264',null,'91110106MA001XEB1L','Silver','北京市丰台区南四环西路188号十二区2号楼6层','主营业务客户','30天之内 到期净值','能源','中国','是一家电源种类和地理分布多元化的亚洲独立发电商，我们的资产组合包括位于中国及韩国的风力、太阳能、燃气、燃煤、燃油、水力、热电联产及燃料电池发电项目以及一个蒸汽项目。','北京','能源','月结(30天)结算周期','有效','中广核集团','金融解决方案业务部','1004',null,'2017-06-23 17:16:03',22,null,null,null,'00');
Insert into VOTE.PM_CUSTOMER_INFO (CUST_ID,CUST_CN_NAME,CUST_CODE,COUNTRY,SAP_CODE,EN_NAME,CUST_PAT_TAXES_CODE,CUST_TYPE,ADDRESS,CASH_MANAGEMENT_GROUP,PAY_CONDITION,TRADE_CODE,REGIONAL_MARKET,MAIN_BUSINESS,AREA,CUST_TRADE,PAY_CYCLE,IS_USEFUL,GROUP_COMPANY,BG_VISIABLE,COMPANY_CODE,COMPANY_FUNC_CODE,CREATE_TIME,ADD_USER_ID,ADD_TIME,MODIFIER,MODIFY_TIME,IS_DELETE) values (391,'长城（天津）股权投资基金管理有限责任公司',null,'中国','1000001257',null,'120115797263405','Blank','北京市月坛北街2号月坛大厦A座509室','主营业务客户',null,'金融','中国','基金','北京','金融','两月结（60天）结算周期','有效','长城（天津）股权投资基金管理有限公司','金融解决方案',null,null,'2017-06-16 18:02:44',22,null,null,null,'00');
Insert into VOTE.PM_CUSTOMER_INFO (CUST_ID,CUST_CN_NAME,CUST_CODE,COUNTRY,SAP_CODE,EN_NAME,CUST_PAT_TAXES_CODE,CUST_TYPE,ADDRESS,CASH_MANAGEMENT_GROUP,PAY_CONDITION,TRADE_CODE,REGIONAL_MARKET,MAIN_BUSINESS,AREA,CUST_TRADE,PAY_CYCLE,IS_USEFUL,GROUP_COMPANY,BG_VISIABLE,COMPANY_CODE,COMPANY_FUNC_CODE,CREATE_TIME,ADD_USER_ID,ADD_TIME,MODIFIER,MODIFY_TIME,IS_DELETE) values (392,'中国农业银行股份有限公司嘉兴南湖支行',null,'中国','1000001247',null,'913304028464994749','Blank','嘉兴市景湖路336号','主营业务客户',null,'金融','中国','银行，金融','嘉兴','金融','两月结（60天）结算周期','有效','中国农业发展银行','金融解决方案业务部',null,null,'2017-06-12 11:11:24',22,null,null,null,'00');
Insert into VOTE.PM_CUSTOMER_INFO (CUST_ID,CUST_CN_NAME,CUST_CODE,COUNTRY,SAP_CODE,EN_NAME,CUST_PAT_TAXES_CODE,CUST_TYPE,ADDRESS,CASH_MANAGEMENT_GROUP,PAY_CONDITION,TRADE_CODE,REGIONAL_MARKET,MAIN_BUSINESS,AREA,CUST_TRADE,PAY_CYCLE,IS_USEFUL,GROUP_COMPANY,BG_VISIABLE,COMPANY_CODE,COMPANY_FUNC_CODE,CREATE_TIME,ADD_USER_ID,ADD_TIME,MODIFIER,MODIFY_TIME,IS_DELETE) values (393,'北京鑫运联合科技有限公司',null,'中国','1000001230',null,'911101133484223356','Copper','北京市顺义区临空经济核心区汇海南路1号院1号楼5层1-601','主营业务客户',null,'高科技','中国','信息咨询（不含中介服务）；技术开发、技术服务、技术咨询；应用软件服务（不含医用软件）；基础软件服务；计算机信息系统集成服务；软件开发；租赁通讯设备。（企业依法自主选择经营项目，开展经营活动；依法须经批准的项目，经相关部门批准后依批准的内容开展经营活动；不得从事本市产业政策禁止和限制类项目的经营活动。）','北京','高科技','月结(30天)结算周期','有效','北京鑫运联合科技有限公司','金融解决方案业务部',null,null,'2017-05-24 15:50:18',22,null,null,null,'00');
Insert into VOTE.PM_CUSTOMER_INFO (CUST_ID,CUST_CN_NAME,CUST_CODE,COUNTRY,SAP_CODE,EN_NAME,CUST_PAT_TAXES_CODE,CUST_TYPE,ADDRESS,CASH_MANAGEMENT_GROUP,PAY_CONDITION,TRADE_CODE,REGIONAL_MARKET,MAIN_BUSINESS,AREA,CUST_TRADE,PAY_CYCLE,IS_USEFUL,GROUP_COMPANY,BG_VISIABLE,COMPANY_CODE,COMPANY_FUNC_CODE,CREATE_TIME,ADD_USER_ID,ADD_TIME,MODIFIER,MODIFY_TIME,IS_DELETE) values (394,'众邦金控投资有限公司',null,'中国','1000001218',null,'91440300350000836X','Blank','上海市浦东新区浦明路898号海航大厦13楼','主营业务客户',null,'金融','中国','ppp投资、养老、旅游地产和健康（医疗）产业。','上海','金融','季结（90天）结算周期','有效','众邦金控投资有限公司','金融解决方案业务部',null,null,'2017-05-12 17:16:33',22,null,null,null,'00');
Insert into VOTE.PM_CUSTOMER_INFO (CUST_ID,CUST_CN_NAME,CUST_CODE,COUNTRY,SAP_CODE,EN_NAME,CUST_PAT_TAXES_CODE,CUST_TYPE,ADDRESS,CASH_MANAGEMENT_GROUP,PAY_CONDITION,TRADE_CODE,REGIONAL_MARKET,MAIN_BUSINESS,AREA,CUST_TRADE,PAY_CYCLE,IS_USEFUL,GROUP_COMPANY,BG_VISIABLE,COMPANY_CODE,COMPANY_FUNC_CODE,CREATE_TIME,ADD_USER_ID,ADD_TIME,MODIFIER,MODIFY_TIME,IS_DELETE) values (430,'中广核服务集团有限公司',null,'中国','1000000253',null,'440300190334561','Silver',null,'主营业务客户',null,null,'中国',null,'深圳','能源',null,'有效','中广核集团','金融解决方案业务部',null,null,'2016-08-28 09:55:45',22,null,null,null,'00');
Insert into VOTE.PM_CUSTOMER_INFO (CUST_ID,CUST_CN_NAME,CUST_CODE,COUNTRY,SAP_CODE,EN_NAME,CUST_PAT_TAXES_CODE,CUST_TYPE,ADDRESS,CASH_MANAGEMENT_GROUP,PAY_CONDITION,TRADE_CODE,REGIONAL_MARKET,MAIN_BUSINESS,AREA,CUST_TRADE,PAY_CYCLE,IS_USEFUL,GROUP_COMPANY,BG_VISIABLE,COMPANY_CODE,COMPANY_FUNC_CODE,CREATE_TIME,ADD_USER_ID,ADD_TIME,MODIFIER,MODIFY_TIME,IS_DELETE) values (320,'南通双阳软件科技有限公司',null,'中国','1000001912',null,'91320600MA1MBAF607','Paper','南通市工农路6号华丽大厦1202室','主营业务客户',null,'高科技','中国','软件科技','南通市','高科技','月结(30天)结算周期','有效','南通双阳软件科技有限公司','金融解决方案业务部',null,null,'2018-08-14 15:08:43',22,null,null,null,'00');
Insert into VOTE.PM_CUSTOMER_INFO (CUST_ID,CUST_CN_NAME,CUST_CODE,COUNTRY,SAP_CODE,EN_NAME,CUST_PAT_TAXES_CODE,CUST_TYPE,ADDRESS,CASH_MANAGEMENT_GROUP,PAY_CONDITION,TRADE_CODE,REGIONAL_MARKET,MAIN_BUSINESS,AREA,CUST_TRADE,PAY_CYCLE,IS_USEFUL,GROUP_COMPANY,BG_VISIABLE,COMPANY_CODE,COMPANY_FUNC_CODE,CREATE_TIME,ADD_USER_ID,ADD_TIME,MODIFIER,MODIFY_TIME,IS_DELETE) values (321,'南京亚软信息技术有限公司',null,'中国','1000001911',null,'913201025804746311','Paper','江苏省南京市玄武大道徐庄软件园江苏软件园29幢','主营业务客户',null,'高科技','中国','信息技术','南京','高科技','月结(30天)结算周期','有效','南京亚软信息技术有限公司','金融解决方案业务部',null,null,'2018-08-14 10:03:43',22,null,null,null,'00');
Insert into VOTE.PM_CUSTOMER_INFO (CUST_ID,CUST_CN_NAME,CUST_CODE,COUNTRY,SAP_CODE,EN_NAME,CUST_PAT_TAXES_CODE,CUST_TYPE,ADDRESS,CASH_MANAGEMENT_GROUP,PAY_CONDITION,TRADE_CODE,REGIONAL_MARKET,MAIN_BUSINESS,AREA,CUST_TRADE,PAY_CYCLE,IS_USEFUL,GROUP_COMPANY,BG_VISIABLE,COMPANY_CODE,COMPANY_FUNC_CODE,CREATE_TIME,ADD_USER_ID,ADD_TIME,MODIFIER,MODIFY_TIME,IS_DELETE) values (322,'嘉兴市住房保障局',null,'中国','1000001910',null,'事业单位无','Paper','嘉兴市花园路616号市建委6号楼','主营业务客户',null,'政府','中国','房屋维护等','嘉兴','政府/非营利机构','两月结（60天）结算周期','有效','嘉兴市住房保障局','金融解决方案业务部',null,null,'2018-08-14 09:12:48',22,null,null,null,'00');
Insert into VOTE.PM_CUSTOMER_INFO (CUST_ID,CUST_CN_NAME,CUST_CODE,COUNTRY,SAP_CODE,EN_NAME,CUST_PAT_TAXES_CODE,CUST_TYPE,ADDRESS,CASH_MANAGEMENT_GROUP,PAY_CONDITION,TRADE_CODE,REGIONAL_MARKET,MAIN_BUSINESS,AREA,CUST_TRADE,PAY_CYCLE,IS_USEFUL,GROUP_COMPANY,BG_VISIABLE,COMPANY_CODE,COMPANY_FUNC_CODE,CREATE_TIME,ADD_USER_ID,ADD_TIME,MODIFIER,MODIFY_TIME,IS_DELETE) values (323,'天安财产保险股份有限公司',null,'中国','1000001904',null,'91310000132234116C','Paper','中国（上海）自由贸易试验区浦东大道1号','主营业务客户',null,'金融','中国','保险','上海','金融业(投资/保险/证/银行/基金)','两月结（60天）结算周期','有效','天安财产保险股份有限公司','金融解决方案业务部',null,null,'2018-08-10 13:45:18',22,null,null,null,'00');
Insert into VOTE.PM_CUSTOMER_INFO (CUST_ID,CUST_CN_NAME,CUST_CODE,COUNTRY,SAP_CODE,EN_NAME,CUST_PAT_TAXES_CODE,CUST_TYPE,ADDRESS,CASH_MANAGEMENT_GROUP,PAY_CONDITION,TRADE_CODE,REGIONAL_MARKET,MAIN_BUSINESS,AREA,CUST_TRADE,PAY_CYCLE,IS_USEFUL,GROUP_COMPANY,BG_VISIABLE,COMPANY_CODE,COMPANY_FUNC_CODE,CREATE_TIME,ADD_USER_ID,ADD_TIME,MODIFIER,MODIFY_TIME,IS_DELETE) values (324,'中国再保险（集团）股份有限公司',null,'中国','1000001899',null,'9110000010002371XD','Diamond','北京市西城区金融大街11号','主营业务客户',null,'金融','中国','保险','北京','金融业(投资/保险/证/银行/基金)','季结（90天）结算周期','有效','中国再保险（集团）股份有限公司','金融解决方案业务部',null,null,'2018-08-06 18:06:36',22,null,null,null,'00');
Insert into VOTE.PM_CUSTOMER_INFO (CUST_ID,CUST_CN_NAME,CUST_CODE,COUNTRY,SAP_CODE,EN_NAME,CUST_PAT_TAXES_CODE,CUST_TYPE,ADDRESS,CASH_MANAGEMENT_GROUP,PAY_CONDITION,TRADE_CODE,REGIONAL_MARKET,MAIN_BUSINESS,AREA,CUST_TRADE,PAY_CYCLE,IS_USEFUL,GROUP_COMPANY,BG_VISIABLE,COMPANY_CODE,COMPANY_FUNC_CODE,CREATE_TIME,ADD_USER_ID,ADD_TIME,MODIFIER,MODIFY_TIME,IS_DELETE) values (325,'中国广核能源国际控股有限公司',null,'中国香港','1000001892','CGN ENERGY INTERNATIONAL HOLDINGS CO.,LIMITED','NANA','Copper','香港湾仔轩尼诗道302号集成中心1901室','主营业务客户',null,'能源','中国','电力','香港岛','能源','半年结（180天）结算周期','有效','中广核集团','金融解决方案业务部',null,null,'2018-08-01 13:23:18',22,null,null,null,'00');
Insert into VOTE.PM_CUSTOMER_INFO (CUST_ID,CUST_CN_NAME,CUST_CODE,COUNTRY,SAP_CODE,EN_NAME,CUST_PAT_TAXES_CODE,CUST_TYPE,ADDRESS,CASH_MANAGEMENT_GROUP,PAY_CONDITION,TRADE_CODE,REGIONAL_MARKET,MAIN_BUSINESS,AREA,CUST_TRADE,PAY_CYCLE,IS_USEFUL,GROUP_COMPANY,BG_VISIABLE,COMPANY_CODE,COMPANY_FUNC_CODE,CREATE_TIME,ADD_USER_ID,ADD_TIME,MODIFIER,MODIFY_TIME,IS_DELETE) values (326,'东莞银行股份有限公司',null,'中国','1000001886',null,'914419007076883717','Silver','东莞市莞城区体育路21号','主营业务客户',null,'金融','中国','金融','东莞','金融','季结（90天）结算周期','有效','东莞银行股份有限公司','金融解决方案业务部',null,null,'2018-07-27 13:01:30',22,null,null,null,'00');
Insert into VOTE.PM_CUSTOMER_INFO (CUST_ID,CUST_CN_NAME,CUST_CODE,COUNTRY,SAP_CODE,EN_NAME,CUST_PAT_TAXES_CODE,CUST_TYPE,ADDRESS,CASH_MANAGEMENT_GROUP,PAY_CONDITION,TRADE_CODE,REGIONAL_MARKET,MAIN_BUSINESS,AREA,CUST_TRADE,PAY_CYCLE,IS_USEFUL,GROUP_COMPANY,BG_VISIABLE,COMPANY_CODE,COMPANY_FUNC_CODE,CREATE_TIME,ADD_USER_ID,ADD_TIME,MODIFIER,MODIFY_TIME,IS_DELETE) values (327,'江苏紫金农村商业银行股份有限公司',null,'中国','1000001878',null,'91320000571433432L','Paper','南京市建邺区江东中路381号','主营业务客户',null,'金融','中国','银行','南京','金融','月结(30天)结算周期','有效','江苏紫金农村商业银行股份有限公司','金融解决方案业务部',null,null,'2018-07-24 15:57:34',22,null,null,null,'00');
Insert into VOTE.PM_CUSTOMER_INFO (CUST_ID,CUST_CN_NAME,CUST_CODE,COUNTRY,SAP_CODE,EN_NAME,CUST_PAT_TAXES_CODE,CUST_TYPE,ADDRESS,CASH_MANAGEMENT_GROUP,PAY_CONDITION,TRADE_CODE,REGIONAL_MARKET,MAIN_BUSINESS,AREA,CUST_TRADE,PAY_CYCLE,IS_USEFUL,GROUP_COMPANY,BG_VISIABLE,COMPANY_CODE,COMPANY_FUNC_CODE,CREATE_TIME,ADD_USER_ID,ADD_TIME,MODIFIER,MODIFY_TIME,IS_DELETE) values (328,'上海樵帛网络科技有限公司',null,'中国','1000001864',null,'91310114MA1GTW0H8T','Paper','上海市嘉定区叶城路1288号6幢J800室','主营业务客户',null,'互联网和电商','中国','从事网络技术、计算机软硬件技术、信息技术领域内的技术开发、技术转让、技术咨询、技术服务，电子商务（不得从事增值电信、金融业务），企业营销策划，设计、制作、代理各类广告，利用自有媒体发布广告，商务咨询，会务服务，展览展示服务，卫生用品、照明器具、室内装饰物品、家用电器、工艺品（象牙及其制品除外）、日用百货、厨房用具、卫生间用具及日用杂货、建材、办公用品、家具、室内装饰材料、通信设备及相关产品、消防器材、计算机、软件及辅助设备、家居用品、酒店用品的销售，家用电器租赁（不得从事金融租赁）。','上海','互联网','季结（90天）结算周期','有效','上海樵帛网络科技有限公司','金融解决方案业务部',null,null,'2018-07-17 16:35:53',22,null,null,null,'00');
Insert into VOTE.PM_CUSTOMER_INFO (CUST_ID,CUST_CN_NAME,CUST_CODE,COUNTRY,SAP_CODE,EN_NAME,CUST_PAT_TAXES_CODE,CUST_TYPE,ADDRESS,CASH_MANAGEMENT_GROUP,PAY_CONDITION,TRADE_CODE,REGIONAL_MARKET,MAIN_BUSINESS,AREA,CUST_TRADE,PAY_CYCLE,IS_USEFUL,GROUP_COMPANY,BG_VISIABLE,COMPANY_CODE,COMPANY_FUNC_CODE,CREATE_TIME,ADD_USER_ID,ADD_TIME,MODIFIER,MODIFY_TIME,IS_DELETE) values (329,'众享（广州）科技有限公司',null,'中国','1000001857',null,'9144010MA5AKQE71Q','Paper','广州高新技术产业开发区科汇二街4号601房','主营业务客户',null,'商业和零售','中国','咨询、小视频','广州','媒体','月结(30天)结算周期','有效','众享科技','金融解决方案业务部',null,null,'2018-07-11 15:29:11',22,null,null,null,'00');
Insert into VOTE.PM_CUSTOMER_INFO (CUST_ID,CUST_CN_NAME,CUST_CODE,COUNTRY,SAP_CODE,EN_NAME,CUST_PAT_TAXES_CODE,CUST_TYPE,ADDRESS,CASH_MANAGEMENT_GROUP,PAY_CONDITION,TRADE_CODE,REGIONAL_MARKET,MAIN_BUSINESS,AREA,CUST_TRADE,PAY_CYCLE,IS_USEFUL,GROUP_COMPANY,BG_VISIABLE,COMPANY_CODE,COMPANY_FUNC_CODE,CREATE_TIME,ADD_USER_ID,ADD_TIME,MODIFIER,MODIFY_TIME,IS_DELETE) values (330,'华润元大基金管理有限公司',null,'中国','1000001839',null,'9144030071788531XX','Copper','深圳市福田区中心四路1-1号嘉里建设广场第三座7层','主营业务客户',null,'金融','中国','金融','深圳','金融','季结（90天）结算周期','有效','华润集团','金融解决方案业务部',null,null,'2018-06-29 17:35:04',22,null,null,null,'00');
Insert into VOTE.PM_CUSTOMER_INFO (CUST_ID,CUST_CN_NAME,CUST_CODE,COUNTRY,SAP_CODE,EN_NAME,CUST_PAT_TAXES_CODE,CUST_TYPE,ADDRESS,CASH_MANAGEMENT_GROUP,PAY_CONDITION,TRADE_CODE,REGIONAL_MARKET,MAIN_BUSINESS,AREA,CUST_TRADE,PAY_CYCLE,IS_USEFUL,GROUP_COMPANY,BG_VISIABLE,COMPANY_CODE,COMPANY_FUNC_CODE,CREATE_TIME,ADD_USER_ID,ADD_TIME,MODIFIER,MODIFY_TIME,IS_DELETE) values (331,'全国水产技术推广总站',null,'中国','1000001838',null,'00000','Silver','北京市朝阳区麦子店街18号楼705','主营业务客户',null,'政府','中国','水产技术推广','北京','政府/非营利机构','两月结（60天）结算周期','有效','全国水产技术推广总站','金融解决方案业务部',null,null,'2018-06-29 12:37:16',22,null,null,null,'00');
Insert into VOTE.PM_CUSTOMER_INFO (CUST_ID,CUST_CN_NAME,CUST_CODE,COUNTRY,SAP_CODE,EN_NAME,CUST_PAT_TAXES_CODE,CUST_TYPE,ADDRESS,CASH_MANAGEMENT_GROUP,PAY_CONDITION,TRADE_CODE,REGIONAL_MARKET,MAIN_BUSINESS,AREA,CUST_TRADE,PAY_CYCLE,IS_USEFUL,GROUP_COMPANY,BG_VISIABLE,COMPANY_CODE,COMPANY_FUNC_CODE,CREATE_TIME,ADD_USER_ID,ADD_TIME,MODIFIER,MODIFY_TIME,IS_DELETE) values (332,'上海市住房和城乡建设管理委员会',null,'中国','1000001833',null,'00000000','Copper','上海市黄浦区大沽路100号','主营业务客户',null,'政府','中国','承担本市城乡建设和城市管理战略规划、建筑建材行业管理、建设工程质量安全监管、重大工程建设推进及城市网格化管理等职责','上海','政府/非营利机构','季结（90天）结算周期','有效','上海市物业管理事务中心','金融解决方案业务部',null,null,'2018-06-27 11:39:09',22,null,null,null,'00');
Insert into VOTE.PM_CUSTOMER_INFO (CUST_ID,CUST_CN_NAME,CUST_CODE,COUNTRY,SAP_CODE,EN_NAME,CUST_PAT_TAXES_CODE,CUST_TYPE,ADDRESS,CASH_MANAGEMENT_GROUP,PAY_CONDITION,TRADE_CODE,REGIONAL_MARKET,MAIN_BUSINESS,AREA,CUST_TRADE,PAY_CYCLE,IS_USEFUL,GROUP_COMPANY,BG_VISIABLE,COMPANY_CODE,COMPANY_FUNC_CODE,CREATE_TIME,ADD_USER_ID,ADD_TIME,MODIFIER,MODIFY_TIME,IS_DELETE) values (333,'北京高阳金信信息技术有限公司',null,'中国','1000001830',null,'911101087177472407','Paper','北京市海淀区阜成路67号银都大厦1805号','主营业务客户',null,'互联网和电商','中国','研制、开发、生产计算机软硬件及网络技术产品；销售自产产品；提供电子商务解决方案及技术服务、网络系统集成。','北京','互联网','季结（90天）结算周期','有效','北京高阳金信信息技术有限公司','金融解决方案业务部',null,null,'2018-06-26 17:23:35',22,null,null,null,'00');
Insert into VOTE.PM_CUSTOMER_INFO (CUST_ID,CUST_CN_NAME,CUST_CODE,COUNTRY,SAP_CODE,EN_NAME,CUST_PAT_TAXES_CODE,CUST_TYPE,ADDRESS,CASH_MANAGEMENT_GROUP,PAY_CONDITION,TRADE_CODE,REGIONAL_MARKET,MAIN_BUSINESS,AREA,CUST_TRADE,PAY_CYCLE,IS_USEFUL,GROUP_COMPANY,BG_VISIABLE,COMPANY_CODE,COMPANY_FUNC_CODE,CREATE_TIME,ADD_USER_ID,ADD_TIME,MODIFIER,MODIFY_TIME,IS_DELETE) values (334,'兴业数字金融服务(上海)股份有限公司',null,'中国','1000001829',null,'91310000MA1FL0HA77','Copper','中国（上海）自由贸易试验区杨高南路729号第41层','主营业务客户',null,'金融','中国','金融数据处理，经济信息咨询服务，应用软件开发和运营服务，系统集成服务，创业投资，资产管理，投资管理，投资咨询，计算机软硬件开发及销售，从事计算机技术、网络技术、信息技术、机电科技领域内的技术开发、技术咨询、技术转让、技术服务。','上海','金融','季结（90天）结算周期','有效','兴业银行股份有限公司','金融解决方案业务部',null,null,'2018-06-26 15:25:44',22,null,null,null,'00');
Insert into VOTE.PM_CUSTOMER_INFO (CUST_ID,CUST_CN_NAME,CUST_CODE,COUNTRY,SAP_CODE,EN_NAME,CUST_PAT_TAXES_CODE,CUST_TYPE,ADDRESS,CASH_MANAGEMENT_GROUP,PAY_CONDITION,TRADE_CODE,REGIONAL_MARKET,MAIN_BUSINESS,AREA,CUST_TRADE,PAY_CYCLE,IS_USEFUL,GROUP_COMPANY,BG_VISIABLE,COMPANY_CODE,COMPANY_FUNC_CODE,CREATE_TIME,ADD_USER_ID,ADD_TIME,MODIFIER,MODIFY_TIME,IS_DELETE) values (335,'国义招标股份有限公司',null,'中国','1000001823',null,'914400001903718642','Paper','广州市东风东路726号1楼','主营业务客户',null,'商业和零售','中国','经营机电产品国际招标业务、工程招标代理业务、政府采购业务及各种货物和服务类招标代理业务；许可类医疗器械经营；货物进出口、技术进出口；大数据采集、分析、存储、开发、处理、服务和销售；网络、大数据信息科技领域内的技术开发、咨询、服务和转让；建设、开发、运营、搭建数据服务平台；信息电子技术服务；工程咨询；招投标业务咨询；商品信息咨询服务；档案管理技术服务。','广州','专业服务(咨询/财会/法律等)','半年结（180天）结算周期','有效','国义招标股份有限公司','金融解决方案业务部',null,null,'2018-06-21 17:14:22',22,null,null,null,'00');
Insert into VOTE.PM_CUSTOMER_INFO (CUST_ID,CUST_CN_NAME,CUST_CODE,COUNTRY,SAP_CODE,EN_NAME,CUST_PAT_TAXES_CODE,CUST_TYPE,ADDRESS,CASH_MANAGEMENT_GROUP,PAY_CONDITION,TRADE_CODE,REGIONAL_MARKET,MAIN_BUSINESS,AREA,CUST_TRADE,PAY_CYCLE,IS_USEFUL,GROUP_COMPANY,BG_VISIABLE,COMPANY_CODE,COMPANY_FUNC_CODE,CREATE_TIME,ADD_USER_ID,ADD_TIME,MODIFIER,MODIFY_TIME,IS_DELETE) values (336,'中国建设银行股份有限公司上海普陀支行',null,'中国','1000001818',null,'91310107132939319H','Copper','上海市普陀区长寿路95号','主营业务客户',null,'金融','中国','经中国银行业监督管理委员会批准并由总（分）行授权的业务；保险兼业代理（按许可证经营），结汇，售汇。 【依法须经批准的项目，经相关部门批准后方可开展经营活动】','上海','金融业(投资/保险/证/银行/基金)','半年结（180天）结算周期','有效','中国建设银行','金融解决方案业务部',null,null,'2018-06-20 16:19:05',22,null,null,null,'00');
Insert into VOTE.PM_CUSTOMER_INFO (CUST_ID,CUST_CN_NAME,CUST_CODE,COUNTRY,SAP_CODE,EN_NAME,CUST_PAT_TAXES_CODE,CUST_TYPE,ADDRESS,CASH_MANAGEMENT_GROUP,PAY_CONDITION,TRADE_CODE,REGIONAL_MARKET,MAIN_BUSINESS,AREA,CUST_TRADE,PAY_CYCLE,IS_USEFUL,GROUP_COMPANY,BG_VISIABLE,COMPANY_CODE,COMPANY_FUNC_CODE,CREATE_TIME,ADD_USER_ID,ADD_TIME,MODIFIER,MODIFY_TIME,IS_DELETE) values (337,'山西炬飞科贸有限公司',null,'中国','1000001814',null,'91140100779570241B','Paper','太原市杏花岭区杨家峪乡小枣沟村西街敦化化工路32号小院','主营业务客户',null,'互联网和电商','中国','安全技术防范工程；计算机软硬件开发及系统集成、综合布线；水暖器材、通讯器材、教学仪器设备、电器设备、高低压电控柜、体育器材、立体车库、仓储设备、煤机设备、煤制品(不含洗选煤）、建材的销售；企业管理咨询；企业营销策划。（依法须经批准的项目，经相关部门批准后方可开展经营活动）','太原','批发/零售','半年结（180天）结算周期','有效','山西炬飞科贸有限公司','金融解决方案业务部',null,null,'2018-06-19 17:06:49',22,null,null,null,'00');
Insert into VOTE.PM_CUSTOMER_INFO (CUST_ID,CUST_CN_NAME,CUST_CODE,COUNTRY,SAP_CODE,EN_NAME,CUST_PAT_TAXES_CODE,CUST_TYPE,ADDRESS,CASH_MANAGEMENT_GROUP,PAY_CONDITION,TRADE_CODE,REGIONAL_MARKET,MAIN_BUSINESS,AREA,CUST_TRADE,PAY_CYCLE,IS_USEFUL,GROUP_COMPANY,BG_VISIABLE,COMPANY_CODE,COMPANY_FUNC_CODE,CREATE_TIME,ADD_USER_ID,ADD_TIME,MODIFIER,MODIFY_TIME,IS_DELETE) values (338,'北京兴融信息技术有限公司',null,'中国','1000001802',null,'91110108553117890G','Paper','北京市海淀区知春路63号卫星大厦808','主营业务客户',null,'高科技','中国','信息技术','北京','高科技','月结(30天)结算周期','有效','北京兴融信息技术有限公司','金融解决方案业务部',null,null,'2018-06-13 09:59:30',22,null,null,null,'00');
Insert into VOTE.PM_CUSTOMER_INFO (CUST_ID,CUST_CN_NAME,CUST_CODE,COUNTRY,SAP_CODE,EN_NAME,CUST_PAT_TAXES_CODE,CUST_TYPE,ADDRESS,CASH_MANAGEMENT_GROUP,PAY_CONDITION,TRADE_CODE,REGIONAL_MARKET,MAIN_BUSINESS,AREA,CUST_TRADE,PAY_CYCLE,IS_USEFUL,GROUP_COMPANY,BG_VISIABLE,COMPANY_CODE,COMPANY_FUNC_CODE,CREATE_TIME,ADD_USER_ID,ADD_TIME,MODIFIER,MODIFY_TIME,IS_DELETE) values (339,'中国远东国际招标有限公司',null,'中国','1000001797',null,'911100007109323980','Paper','北京市朝阳区和平街东土城路甲9号','主营业务客户',null,'商业和零售','中国','招标代理','北京','服务业','月结(30天)结算周期','有效','中国远东国际招标有限公司','金融解决方案业务部',null,null,'2018-06-11 11:27:35',22,null,null,null,'00');
Insert into VOTE.PM_CUSTOMER_INFO (CUST_ID,CUST_CN_NAME,CUST_CODE,COUNTRY,SAP_CODE,EN_NAME,CUST_PAT_TAXES_CODE,CUST_TYPE,ADDRESS,CASH_MANAGEMENT_GROUP,PAY_CONDITION,TRADE_CODE,REGIONAL_MARKET,MAIN_BUSINESS,AREA,CUST_TRADE,PAY_CYCLE,IS_USEFUL,GROUP_COMPANY,BG_VISIABLE,COMPANY_CODE,COMPANY_FUNC_CODE,CREATE_TIME,ADD_USER_ID,ADD_TIME,MODIFIER,MODIFY_TIME,IS_DELETE) values (340,'深圳市星河智善互联网技术有限公司',null,'中国','1000001796',null,'91440300349823886J','Silver','深圳市龙岗区坂田街道雅宝路1号星河WORLD A栋大厦34层3403号','主营业务客户',null,'互联网和电商','中国','计算机数据库、计算机系统分析；提供计算机技术服务；手机的技术开发、技术咨询、技术转让、技术服务；经营电子商务；数据库服务、数据库管理','深圳','互联网','季结（90天）结算周期','有效','北京星河空间科技有限公司','金融解决方案业务部',null,null,'2018-06-11 11:23:00',22,null,null,null,'00');
Insert into VOTE.PM_CUSTOMER_INFO (CUST_ID,CUST_CN_NAME,CUST_CODE,COUNTRY,SAP_CODE,EN_NAME,CUST_PAT_TAXES_CODE,CUST_TYPE,ADDRESS,CASH_MANAGEMENT_GROUP,PAY_CONDITION,TRADE_CODE,REGIONAL_MARKET,MAIN_BUSINESS,AREA,CUST_TRADE,PAY_CYCLE,IS_USEFUL,GROUP_COMPANY,BG_VISIABLE,COMPANY_CODE,COMPANY_FUNC_CODE,CREATE_TIME,ADD_USER_ID,ADD_TIME,MODIFIER,MODIFY_TIME,IS_DELETE) values (341,'广东有德招标采购有限公司东莞分公司',null,'中国','1000001795',null,'91441900091783054R','Paper','东莞市东城区东莞大道19号鼎峰卡布斯国际广场A座1603A号','主营业务客户',null,'商业和零售','中国','投标代理','东莞','服务业','月结(30天)结算周期','有效','广东有德招标采购有限公司','金融解决方案业务部',null,null,'2018-06-11 11:17:17',22,null,null,null,'00');
Insert into VOTE.PM_CUSTOMER_INFO (CUST_ID,CUST_CN_NAME,CUST_CODE,COUNTRY,SAP_CODE,EN_NAME,CUST_PAT_TAXES_CODE,CUST_TYPE,ADDRESS,CASH_MANAGEMENT_GROUP,PAY_CONDITION,TRADE_CODE,REGIONAL_MARKET,MAIN_BUSINESS,AREA,CUST_TRADE,PAY_CYCLE,IS_USEFUL,GROUP_COMPANY,BG_VISIABLE,COMPANY_CODE,COMPANY_FUNC_CODE,CREATE_TIME,ADD_USER_ID,ADD_TIME,MODIFIER,MODIFY_TIME,IS_DELETE) values (342,'宁波合创智能科技有限公司',null,'中国','1000001787',null,'91330212MA281WNM79','Paper','浙江省宁波市鄞州区首南街道科信大厦2幢3号301-8室','主营业务客户',null,'互联网和电商','中国','计算机软硬件技术开发、技术服务；智能交通软件的研发、设计；电子、通信与自动控制技术研发；网络技术、云计算技术的研发、咨询、服务；档案数字化，档案整理；计算机数据处理；地理信息系统工程、园区楼宇智能化工程、建筑工程的设计、施工；物联网设备的研发；通讯设备的销售；物业管理；二手房经纪、经销；不动产测绘服务，广告服务；会展服务；会议服务。','宁波','互联网','季结（90天）结算周期','有效','宁波合创智能科技有限公司','金融解决方案业务部',null,null,'2018-06-05 16:53:23',22,null,null,null,'00');
Insert into VOTE.PM_CUSTOMER_INFO (CUST_ID,CUST_CN_NAME,CUST_CODE,COUNTRY,SAP_CODE,EN_NAME,CUST_PAT_TAXES_CODE,CUST_TYPE,ADDRESS,CASH_MANAGEMENT_GROUP,PAY_CONDITION,TRADE_CODE,REGIONAL_MARKET,MAIN_BUSINESS,AREA,CUST_TRADE,PAY_CYCLE,IS_USEFUL,GROUP_COMPANY,BG_VISIABLE,COMPANY_CODE,COMPANY_FUNC_CODE,CREATE_TIME,ADD_USER_ID,ADD_TIME,MODIFIER,MODIFY_TIME,IS_DELETE) values (343,'广东新禾道信息科技有限公司',null,'中国','1000001779',null,'914401065937484197','Paper','广州市黄埔区科学大道237号401','主营业务客户',null,'互联网和电商','中国','劳务派遣服务;信息电子技术服务;电子、通信与自动控制技术研究、开发;电子产品零售;档案修复;档案馆;安全技术防范产品批发;软件服务;软件批发;软件零售;软件开发;游戏软件设计制作;档案管理服务;档案管理技术服务;安全技术防范系统设计、施工、维修;科技信息咨询服务','广州','互联网','半年结（180天）结算周期','有效','广东新禾道信息科技有限公司','金融解决方案业务部',null,null,'2018-06-01 14:53:17',22,null,null,null,'00');
Insert into VOTE.PM_CUSTOMER_INFO (CUST_ID,CUST_CN_NAME,CUST_CODE,COUNTRY,SAP_CODE,EN_NAME,CUST_PAT_TAXES_CODE,CUST_TYPE,ADDRESS,CASH_MANAGEMENT_GROUP,PAY_CONDITION,TRADE_CODE,REGIONAL_MARKET,MAIN_BUSINESS,AREA,CUST_TRADE,PAY_CYCLE,IS_USEFUL,GROUP_COMPANY,BG_VISIABLE,COMPANY_CODE,COMPANY_FUNC_CODE,CREATE_TIME,ADD_USER_ID,ADD_TIME,MODIFIER,MODIFY_TIME,IS_DELETE) values (344,'浙江奥维数据技术有限公司',null,'中国','1000001775',null,'91330212688045337X','Paper','浙江省宁波市鄞州区首南街道茶亭庵村李花桥村(新兴工业园区)','主营业务客户',null,'互联网和电商','中国','智能化系统集成及技术服务；计算机软硬件、网络设备的研发、安装、维护及销售；通讯交换设备、终端设备的销售；网络技术咨询服务；云计算技术的研发、咨询。','宁波','互联网','季结（90天）结算周期','有效','浙江奥维数据技术有限公司','金融解决方案业务部',null,null,'2018-05-29 15:52:32',22,null,null,null,'00');
Insert into VOTE.PM_CUSTOMER_INFO (CUST_ID,CUST_CN_NAME,CUST_CODE,COUNTRY,SAP_CODE,EN_NAME,CUST_PAT_TAXES_CODE,CUST_TYPE,ADDRESS,CASH_MANAGEMENT_GROUP,PAY_CONDITION,TRADE_CODE,REGIONAL_MARKET,MAIN_BUSINESS,AREA,CUST_TRADE,PAY_CYCLE,IS_USEFUL,GROUP_COMPANY,BG_VISIABLE,COMPANY_CODE,COMPANY_FUNC_CODE,CREATE_TIME,ADD_USER_ID,ADD_TIME,MODIFIER,MODIFY_TIME,IS_DELETE) values (345,'深圳市雷鸟信息科技有限公司',null,'中国','1000001766',null,'91440300MA5EKM7B2Q','Copper','深圳市南山区中山园路1001号TCL国际E城D4栋5 楼','主营业务客户',null,'高科技','中国','IT服务','深圳','高科技','月结(30天)结算周期','有效','TCL集团股份有限公司','金融解决方案业务部',null,null,'2018-05-24 09:38:06',22,null,null,null,'00');
Insert into VOTE.PM_CUSTOMER_INFO (CUST_ID,CUST_CN_NAME,CUST_CODE,COUNTRY,SAP_CODE,EN_NAME,CUST_PAT_TAXES_CODE,CUST_TYPE,ADDRESS,CASH_MANAGEMENT_GROUP,PAY_CONDITION,TRADE_CODE,REGIONAL_MARKET,MAIN_BUSINESS,AREA,CUST_TRADE,PAY_CYCLE,IS_USEFUL,GROUP_COMPANY,BG_VISIABLE,COMPANY_CODE,COMPANY_FUNC_CODE,CREATE_TIME,ADD_USER_ID,ADD_TIME,MODIFIER,MODIFY_TIME,IS_DELETE) values (346,'广州银行股份有限公司',null,'中国','1000001757',null,'914401012312493211','Copper','广州市天河区珠江东路30号','主营业务客户',null,'金融','中国','金融','广州','金融','季结（90天）结算周期','有效','广州银行','金融解决方案业务部',null,null,'2018-05-18 10:34:52',22,null,null,null,'00');
Insert into VOTE.PM_CUSTOMER_INFO (CUST_ID,CUST_CN_NAME,CUST_CODE,COUNTRY,SAP_CODE,EN_NAME,CUST_PAT_TAXES_CODE,CUST_TYPE,ADDRESS,CASH_MANAGEMENT_GROUP,PAY_CONDITION,TRADE_CODE,REGIONAL_MARKET,MAIN_BUSINESS,AREA,CUST_TRADE,PAY_CYCLE,IS_USEFUL,GROUP_COMPANY,BG_VISIABLE,COMPANY_CODE,COMPANY_FUNC_CODE,CREATE_TIME,ADD_USER_ID,ADD_TIME,MODIFIER,MODIFY_TIME,IS_DELETE) values (347,'国信招标集团股份有限公司湖北分公司',null,'中国','1000001738',null,'914201067220768240','Paper','湖北省武汉市武昌区水果湖洪山侧路24号','服务类供应商',null,'政府','中国','受托从事国内招标与投标服务；投资咨询（不含证券与期货咨询）；工程项目管理服务；工程建筑咨询服务。（国家有专项规定的项目经审批后或凭有效许可证方可经营）','武汉','专业服务(咨询/财会/法律等)','季结（90天）结算周期','有效','国信招标集团股份有限公司','金融解决方案业务部',null,null,'2018-05-10 14:21:18',22,null,null,null,'00');
Insert into VOTE.PM_CUSTOMER_INFO (CUST_ID,CUST_CN_NAME,CUST_CODE,COUNTRY,SAP_CODE,EN_NAME,CUST_PAT_TAXES_CODE,CUST_TYPE,ADDRESS,CASH_MANAGEMENT_GROUP,PAY_CONDITION,TRADE_CODE,REGIONAL_MARKET,MAIN_BUSINESS,AREA,CUST_TRADE,PAY_CYCLE,IS_USEFUL,GROUP_COMPANY,BG_VISIABLE,COMPANY_CODE,COMPANY_FUNC_CODE,CREATE_TIME,ADD_USER_ID,ADD_TIME,MODIFIER,MODIFY_TIME,IS_DELETE) values (348,'华西证券股份有限公司',null,'中国','1000001734',null,'91510000201811328M','Silver','四川省成都市高新区天府二街198号','主营业务客户',null,'金融','中国','经纪业务、投资银行业务、固定收益业务、研究咨询业务、受托资产管理业务、自营投资业务、战略客户服务业务、其他业务。','成都','金融','季结（90天）结算周期','有效','华西证券股份有限公司','金融解决方案业务部',null,null,'2018-05-09 11:29:42',22,null,null,null,'00');
Insert into VOTE.PM_CUSTOMER_INFO (CUST_ID,CUST_CN_NAME,CUST_CODE,COUNTRY,SAP_CODE,EN_NAME,CUST_PAT_TAXES_CODE,CUST_TYPE,ADDRESS,CASH_MANAGEMENT_GROUP,PAY_CONDITION,TRADE_CODE,REGIONAL_MARKET,MAIN_BUSINESS,AREA,CUST_TRADE,PAY_CYCLE,IS_USEFUL,GROUP_COMPANY,BG_VISIABLE,COMPANY_CODE,COMPANY_FUNC_CODE,CREATE_TIME,ADD_USER_ID,ADD_TIME,MODIFIER,MODIFY_TIME,IS_DELETE) values (349,'南通市房地产交易服务中心有限公司',null,'中国','1000001719',null,'913206027185633203','Paper','南通市人民东路42号','主营业务客户','60天之内 到期净值','政府','中国','房产交易','南通市','政府/非营利机构','两月结（60天）结算周期','有效','南通市住房保障和房产管理局','金融解决方案业务部','1070',null,'2018-04-28 14:16:04',22,null,null,null,'00');
Insert into VOTE.PM_CUSTOMER_INFO (CUST_ID,CUST_CN_NAME,CUST_CODE,COUNTRY,SAP_CODE,EN_NAME,CUST_PAT_TAXES_CODE,CUST_TYPE,ADDRESS,CASH_MANAGEMENT_GROUP,PAY_CONDITION,TRADE_CODE,REGIONAL_MARKET,MAIN_BUSINESS,AREA,CUST_TRADE,PAY_CYCLE,IS_USEFUL,GROUP_COMPANY,BG_VISIABLE,COMPANY_CODE,COMPANY_FUNC_CODE,CREATE_TIME,ADD_USER_ID,ADD_TIME,MODIFIER,MODIFY_TIME,IS_DELETE) values (350,'宜昌市智慧城市建设办公室',null,'中国','1000001703',null,'56467','Diamond','宜昌市沿江大道102号','主营业务客户',null,'政府','中国','负责全市智慧城市（电子政务）建设的规划制定、组织实施、推广应用、督办考评；承担市级政府投资的智慧城市（电子政务）项目建设和管理；负责全市公共信息资源的建设管理，指导协调大数据的开发利用；协调配合有关部门推进智慧产业的发展。','宜昌','政府/非营利机构','季结（90天）结算周期','有效','宜昌市智慧城市建设办公室','金融解决方案业务部；北美事业群',null,null,'2018-04-23 11:37:48',22,null,null,null,'00');
Insert into VOTE.PM_CUSTOMER_INFO (CUST_ID,CUST_CN_NAME,CUST_CODE,COUNTRY,SAP_CODE,EN_NAME,CUST_PAT_TAXES_CODE,CUST_TYPE,ADDRESS,CASH_MANAGEMENT_GROUP,PAY_CONDITION,TRADE_CODE,REGIONAL_MARKET,MAIN_BUSINESS,AREA,CUST_TRADE,PAY_CYCLE,IS_USEFUL,GROUP_COMPANY,BG_VISIABLE,COMPANY_CODE,COMPANY_FUNC_CODE,CREATE_TIME,ADD_USER_ID,ADD_TIME,MODIFIER,MODIFY_TIME,IS_DELETE) values (351,'湖北恒基建设工程项目管理有限公司宜昌分公司',null,'中国','1000001699',null,'9142050005814420X0','Diamond','宜昌高新区大连路9号太平鸟时尚创意园A407号','服务类供应商',null,'政府','中国','工程项目的规划、设计、建设；工程咨询；建筑工程造价司法鉴定；招投标代理；工程造价咨询；工程监理、工程预算成本、审核','宜昌','专业服务(咨询/财会/法律等)','季结（90天）结算周期','有效','宜昌市智慧城市建设办公室','金融解决方案业务部',null,null,'2018-04-20 09:29:58',22,null,null,null,'00');
Insert into VOTE.PM_CUSTOMER_INFO (CUST_ID,CUST_CN_NAME,CUST_CODE,COUNTRY,SAP_CODE,EN_NAME,CUST_PAT_TAXES_CODE,CUST_TYPE,ADDRESS,CASH_MANAGEMENT_GROUP,PAY_CONDITION,TRADE_CODE,REGIONAL_MARKET,MAIN_BUSINESS,AREA,CUST_TRADE,PAY_CYCLE,IS_USEFUL,GROUP_COMPANY,BG_VISIABLE,COMPANY_CODE,COMPANY_FUNC_CODE,CREATE_TIME,ADD_USER_ID,ADD_TIME,MODIFIER,MODIFY_TIME,IS_DELETE) values (352,'湖北恒基建设工程项目管理有限公司',null,'中国','1000001697',null,'914201067220470118','Diamond','武汉市武昌区民主路786号','服务类供应商',null,'政府','中国','对工程项目的规划、设计、建设；工程咨询；建筑工程造价司法鉴定；招投标代理；工程造价咨询；工程监理、工程预算成本、审核。','宜昌','专业服务(咨询/财会/法律等)','两月结（60天）结算周期','有效','宜昌市智慧城市建设办公室','金融解决方案业务部',null,null,'2018-04-18 10:12:01',22,null,null,null,'00');
Insert into VOTE.PM_CUSTOMER_INFO (CUST_ID,CUST_CN_NAME,CUST_CODE,COUNTRY,SAP_CODE,EN_NAME,CUST_PAT_TAXES_CODE,CUST_TYPE,ADDRESS,CASH_MANAGEMENT_GROUP,PAY_CONDITION,TRADE_CODE,REGIONAL_MARKET,MAIN_BUSINESS,AREA,CUST_TRADE,PAY_CYCLE,IS_USEFUL,GROUP_COMPANY,BG_VISIABLE,COMPANY_CODE,COMPANY_FUNC_CODE,CREATE_TIME,ADD_USER_ID,ADD_TIME,MODIFIER,MODIFY_TIME,IS_DELETE) values (353,'江苏省渔业技术推广中心',null,'中国','1000001693',null,'546467','Paper','南京市汉中门大街302号','主营业务客户',null,'政府','中国','江苏省渔业技术推广','南京','政府/非营利机构','月结(30天)结算周期','有效','江苏省渔业技术推广中心','金融解决方案业务部',null,null,'2018-04-17 11:43:24',22,null,null,null,'00');
Insert into VOTE.PM_CUSTOMER_INFO (CUST_ID,CUST_CN_NAME,CUST_CODE,COUNTRY,SAP_CODE,EN_NAME,CUST_PAT_TAXES_CODE,CUST_TYPE,ADDRESS,CASH_MANAGEMENT_GROUP,PAY_CONDITION,TRADE_CODE,REGIONAL_MARKET,MAIN_BUSINESS,AREA,CUST_TRADE,PAY_CYCLE,IS_USEFUL,GROUP_COMPANY,BG_VISIABLE,COMPANY_CODE,COMPANY_FUNC_CODE,CREATE_TIME,ADD_USER_ID,ADD_TIME,MODIFIER,MODIFY_TIME,IS_DELETE) values (354,'深圳数位传媒科技有限公司',null,'中国','1000001682',null,'914403003352047264','Silver','深圳市南山区粤海街道海天一路19号软件产业基地5栋C座1001A','主营业务客户',null,'高科技','中国','计算机软件，计算机开发，销售；信息技术设计、集成、技术维护、技术咨询','深圳','互联网','月结(30天)结算周期','有效','深圳数位传媒科技有限公司','金融解决方案业务部',null,null,'2018-04-11 16:50:49',22,null,null,null,'00');
Insert into VOTE.PM_CUSTOMER_INFO (CUST_ID,CUST_CN_NAME,CUST_CODE,COUNTRY,SAP_CODE,EN_NAME,CUST_PAT_TAXES_CODE,CUST_TYPE,ADDRESS,CASH_MANAGEMENT_GROUP,PAY_CONDITION,TRADE_CODE,REGIONAL_MARKET,MAIN_BUSINESS,AREA,CUST_TRADE,PAY_CYCLE,IS_USEFUL,GROUP_COMPANY,BG_VISIABLE,COMPANY_CODE,COMPANY_FUNC_CODE,CREATE_TIME,ADD_USER_ID,ADD_TIME,MODIFIER,MODIFY_TIME,IS_DELETE) values (355,'嘉善县住房和城乡规划建设局',null,'中国','1000001674',null,'56567','Paper','浙江省嘉兴市嘉善县解放西路68号','主营业务客户',null,'政府','中国','房屋维护等','嘉兴','政府/非营利机构','月结(30天)结算周期','有效','嘉善县住房和城乡规划建设局','金融解决方案业务部',null,null,'2018-04-09 14:02:24',22,null,null,null,'00');
Insert into VOTE.PM_CUSTOMER_INFO (CUST_ID,CUST_CN_NAME,CUST_CODE,COUNTRY,SAP_CODE,EN_NAME,CUST_PAT_TAXES_CODE,CUST_TYPE,ADDRESS,CASH_MANAGEMENT_GROUP,PAY_CONDITION,TRADE_CODE,REGIONAL_MARKET,MAIN_BUSINESS,AREA,CUST_TRADE,PAY_CYCLE,IS_USEFUL,GROUP_COMPANY,BG_VISIABLE,COMPANY_CODE,COMPANY_FUNC_CODE,CREATE_TIME,ADD_USER_ID,ADD_TIME,MODIFIER,MODIFY_TIME,IS_DELETE) values (356,'江苏华凌科技咨询有限公司',null,'中国','1000001657',null,'9132061130222988XG','Paper','南通市港闸区江海大道639号1幢','主营业务客户','60天之内 到期净值','商业和零售','中国','招标代理','南通市','中介服务(人才/商标专利)','两月结（60天）结算周期','有效','江苏华凌科技咨询有限公司','金融解决方案业务部','1070 1005',null,'2018-03-27 09:53:23',22,null,null,null,'00');
Insert into VOTE.PM_CUSTOMER_INFO (CUST_ID,CUST_CN_NAME,CUST_CODE,COUNTRY,SAP_CODE,EN_NAME,CUST_PAT_TAXES_CODE,CUST_TYPE,ADDRESS,CASH_MANAGEMENT_GROUP,PAY_CONDITION,TRADE_CODE,REGIONAL_MARKET,MAIN_BUSINESS,AREA,CUST_TRADE,PAY_CYCLE,IS_USEFUL,GROUP_COMPANY,BG_VISIABLE,COMPANY_CODE,COMPANY_FUNC_CODE,CREATE_TIME,ADD_USER_ID,ADD_TIME,MODIFIER,MODIFY_TIME,IS_DELETE) values (357,'上海东方投资监理有限公司',null,'中国','1000001647',null,'91310106132265406N','Paper','上海市闵行区秀文路898号4号楼3楼','主营业务客户',null,'商业和零售','中国','招标代理','上海','中介服务(人才/商标专利)','两月结（60天）结算周期','有效','上海东方投资监理有限公司','金融解决方案业务部',null,null,'2018-03-26 09:26:29',22,null,null,null,'00');
Insert into VOTE.PM_CUSTOMER_INFO (CUST_ID,CUST_CN_NAME,CUST_CODE,COUNTRY,SAP_CODE,EN_NAME,CUST_PAT_TAXES_CODE,CUST_TYPE,ADDRESS,CASH_MANAGEMENT_GROUP,PAY_CONDITION,TRADE_CODE,REGIONAL_MARKET,MAIN_BUSINESS,AREA,CUST_TRADE,PAY_CYCLE,IS_USEFUL,GROUP_COMPANY,BG_VISIABLE,COMPANY_CODE,COMPANY_FUNC_CODE,CREATE_TIME,ADD_USER_ID,ADD_TIME,MODIFIER,MODIFY_TIME,IS_DELETE) values (386,'天津银行股份有限公司第一中心支行',null,'中国','1000001332',null,'911201018031628630','Blank','天津市和平区西康路2号康宁大厦A座','主营业务客户',null,'金融','中国','办理人民币存款、贷款、结算业务；办理票据贴现；代理发行金融债券；代理发行、代理兑付、销售政府债券；买卖政府债券；代理收付款项及保险兼业代理；办理外币储蓄、外币兑换业务；其总行在中国银行业监督管理委员会批准的业务范围内授权的业务；经中国银行业监督管理委员会批准的其它业务。','天津','金融','季结（90天）结算周期','有效','未维护','金融解决方案业务部',null,null,'2017-08-08 09:38:55',22,null,null,null,'00');
Insert into VOTE.PM_CUSTOMER_INFO (CUST_ID,CUST_CN_NAME,CUST_CODE,COUNTRY,SAP_CODE,EN_NAME,CUST_PAT_TAXES_CODE,CUST_TYPE,ADDRESS,CASH_MANAGEMENT_GROUP,PAY_CONDITION,TRADE_CODE,REGIONAL_MARKET,MAIN_BUSINESS,AREA,CUST_TRADE,PAY_CYCLE,IS_USEFUL,GROUP_COMPANY,BG_VISIABLE,COMPANY_CODE,COMPANY_FUNC_CODE,CREATE_TIME,ADD_USER_ID,ADD_TIME,MODIFIER,MODIFY_TIME,IS_DELETE) values (387,'上海市闵行区七宝镇房管办事处',null,'中国','1000001328',null,'12345','Blank','吴宝路35号2楼','主营业务客户',null,'政府','中国','房管办事处','上海','政府/非营利机构','月结(30天)结算周期','有效','上海市物业管理事务中心','金融解决方案业务部',null,null,'2017-08-03 17:09:00',22,null,null,null,'00');
Insert into VOTE.PM_CUSTOMER_INFO (CUST_ID,CUST_CN_NAME,CUST_CODE,COUNTRY,SAP_CODE,EN_NAME,CUST_PAT_TAXES_CODE,CUST_TYPE,ADDRESS,CASH_MANAGEMENT_GROUP,PAY_CONDITION,TRADE_CODE,REGIONAL_MARKET,MAIN_BUSINESS,AREA,CUST_TRADE,PAY_CYCLE,IS_USEFUL,GROUP_COMPANY,BG_VISIABLE,COMPANY_CODE,COMPANY_FUNC_CODE,CREATE_TIME,ADD_USER_ID,ADD_TIME,MODIFIER,MODIFY_TIME,IS_DELETE) values (388,'深圳前海星概念信息技术有限公司',null,'中国','1000001306',null,'91440300MA5DQOPX98','Blank','深圳市前海深港合作区前海一路1号A栋201室','主营业务客户',null,'金融','中国','领先的信息显示产品及行业解决方案提供商，以面向全球提供领先的信息显示产品，专业的行业解决方案以及优质的品牌服务，','深圳','金融','季结（90天）结算周期','有效','深圳前海星概念信息技术有限公司','金融解决方案业务部',null,null,'2017-07-25 15:10:38',22,null,null,null,'00');
Insert into VOTE.PM_CUSTOMER_INFO (CUST_ID,CUST_CN_NAME,CUST_CODE,COUNTRY,SAP_CODE,EN_NAME,CUST_PAT_TAXES_CODE,CUST_TYPE,ADDRESS,CASH_MANAGEMENT_GROUP,PAY_CONDITION,TRADE_CODE,REGIONAL_MARKET,MAIN_BUSINESS,AREA,CUST_TRADE,PAY_CYCLE,IS_USEFUL,GROUP_COMPANY,BG_VISIABLE,COMPANY_CODE,COMPANY_FUNC_CODE,CREATE_TIME,ADD_USER_ID,ADD_TIME,MODIFIER,MODIFY_TIME,IS_DELETE) values (389,'阳光资产管理股份有限公司',null,'中国','1000001280',null,'91440300058959652N','Blank','深圳市南山区临海路海运中心主塔楼609房','主营业务客户',null,'金融','中国','受托管理委托人委托的人民币、外币资金；管理运用自有人民币','北京','金融','季结（90天）结算周期','有效','阳光资产管理股份有限公司','金融解决方案',null,null,'2017-07-11 09:10:50',22,null,null,null,'00');
REM INSERTING into VOTE.PM_FILE
SET DEFINE OFF;
Insert into VOTE.PM_FILE (FILE_ID,FILE_UPLOAD_NAME,FILE_PATH,FILE_SAVE_NAME,UPLOAD_TYPE,FILE_SIZE,FOREIGN_ID,FOREIGN_CODE,REMARK,CREATOR_ID,CREATE_TIME,MODIFIER,MODIFY_TIME,IS_DELETE,FILE_BUSINESS_TYPE) values (41,'Catch2D64(10-16-(10-17-17-37-23).jpg','D://upload/20181116/utrLCatch2D64(10-16-(10-17-17-37-23).jpg',null,'00',483036,null,null,null,1000,'20181116194438',null,null,'00',null);
Insert into VOTE.PM_FILE (FILE_ID,FILE_UPLOAD_NAME,FILE_PATH,FILE_SAVE_NAME,UPLOAD_TYPE,FILE_SIZE,FOREIGN_ID,FOREIGN_CODE,REMARK,CREATOR_ID,CREATE_TIME,MODIFIER,MODIFY_TIME,IS_DELETE,FILE_BUSINESS_TYPE) values (42,'Java数据结构和算法.pdf','D://upload/20181116/vMykJava数据结构和算法.pdf',null,'00',27141643,null,null,null,1000,'20181116194439',null,null,'00',null);
Insert into VOTE.PM_FILE (FILE_ID,FILE_UPLOAD_NAME,FILE_PATH,FILE_SAVE_NAME,UPLOAD_TYPE,FILE_SIZE,FOREIGN_ID,FOREIGN_CODE,REMARK,CREATOR_ID,CREATE_TIME,MODIFIER,MODIFY_TIME,IS_DELETE,FILE_BUSINESS_TYPE) values (47,'a.html','D://upload/20181116/NuFga.html',null,'00',466,null,null,null,1000,'20181116202626',null,null,'00',null);
Insert into VOTE.PM_FILE (FILE_ID,FILE_UPLOAD_NAME,FILE_PATH,FILE_SAVE_NAME,UPLOAD_TYPE,FILE_SIZE,FOREIGN_ID,FOREIGN_CODE,REMARK,CREATOR_ID,CREATE_TIME,MODIFIER,MODIFY_TIME,IS_DELETE,FILE_BUSINESS_TYPE) values (43,'a.html','D://upload/20181116/wBFwa.html',null,'00',466,null,null,null,1000,'20181116195956',null,null,'00',null);
Insert into VOTE.PM_FILE (FILE_ID,FILE_UPLOAD_NAME,FILE_PATH,FILE_SAVE_NAME,UPLOAD_TYPE,FILE_SIZE,FOREIGN_ID,FOREIGN_CODE,REMARK,CREATOR_ID,CREATE_TIME,MODIFIER,MODIFY_TIME,IS_DELETE,FILE_BUSINESS_TYPE) values (44,'VOTE.sql','D://upload/20181116/440cVOTE.sql',null,'00',283777,null,null,null,1000,'20181116195956',null,null,'00',null);
Insert into VOTE.PM_FILE (FILE_ID,FILE_UPLOAD_NAME,FILE_PATH,FILE_SAVE_NAME,UPLOAD_TYPE,FILE_SIZE,FOREIGN_ID,FOREIGN_CODE,REMARK,CREATOR_ID,CREATE_TIME,MODIFIER,MODIFY_TIME,IS_DELETE,FILE_BUSINESS_TYPE) values (1,'副本金融业务部利润中心和成本中心结构-整理.xlsx','D://upload/20181108/副本金融业务部利润中心和成本中心结构-整理.xlsxfNoB',null,null,null,1,null,null,1000,'20181108222815',null,null,'00',null);
Insert into VOTE.PM_FILE (FILE_ID,FILE_UPLOAD_NAME,FILE_PATH,FILE_SAVE_NAME,UPLOAD_TYPE,FILE_SIZE,FOREIGN_ID,FOREIGN_CODE,REMARK,CREATOR_ID,CREATE_TIME,MODIFIER,MODIFY_TIME,IS_DELETE,FILE_BUSINESS_TYPE) values (9,'副本金融业务部利润中心和成本中心结构-整理.xlsx','D://upload/20181108/副本金融业务部利润中心和成本中心结构-整理.xlsxDpoA',null,'00',18922,null,null,null,22,'20181108230251',null,null,'00',null);
Insert into VOTE.PM_FILE (FILE_ID,FILE_UPLOAD_NAME,FILE_PATH,FILE_SAVE_NAME,UPLOAD_TYPE,FILE_SIZE,FOREIGN_ID,FOREIGN_CODE,REMARK,CREATOR_ID,CREATE_TIME,MODIFIER,MODIFY_TIME,IS_DELETE,FILE_BUSINESS_TYPE) values (10,'副本金融SAP编码-BMO提供.xlsx','D://upload/20181108/副本金融SAP编码-BMO提供.xlsx4I9n',null,'00',13130,null,null,null,22,'20181108231407',null,null,'00',null);
Insert into VOTE.PM_FILE (FILE_ID,FILE_UPLOAD_NAME,FILE_PATH,FILE_SAVE_NAME,UPLOAD_TYPE,FILE_SIZE,FOREIGN_ID,FOREIGN_CODE,REMARK,CREATOR_ID,CREATE_TIME,MODIFIER,MODIFY_TIME,IS_DELETE,FILE_BUSINESS_TYPE) values (11,'副本WBS增量表（2018年）.xlsx','D://upload/20181108/副本WBS增量表（2018年）.xlsx9tND',null,'00',135932,null,null,null,22,'20181108231520',null,null,'00',null);
Insert into VOTE.PM_FILE (FILE_ID,FILE_UPLOAD_NAME,FILE_PATH,FILE_SAVE_NAME,UPLOAD_TYPE,FILE_SIZE,FOREIGN_ID,FOREIGN_CODE,REMARK,CREATOR_ID,CREATE_TIME,MODIFIER,MODIFY_TIME,IS_DELETE,FILE_BUSINESS_TYPE) values (12,'副本金融业务部利润中心和成本中心结构-整理.xlsx','D://upload/20181108/副本金融业务部利润中心和成本中心结构-整理.xlsx2FCr',null,'00',18922,null,null,null,22,'20181108231827',null,null,'00',null);
Insert into VOTE.PM_FILE (FILE_ID,FILE_UPLOAD_NAME,FILE_PATH,FILE_SAVE_NAME,UPLOAD_TYPE,FILE_SIZE,FOREIGN_ID,FOREIGN_CODE,REMARK,CREATOR_ID,CREATE_TIME,MODIFIER,MODIFY_TIME,IS_DELETE,FILE_BUSINESS_TYPE) values (13,'副本金融SAP编码-BMO提供.xlsx','D://upload/20181108/副本金融SAP编码-BMO提供.xlsxxFlv',null,'00',13130,null,null,null,22,'20181108232106',null,null,'00',null);
Insert into VOTE.PM_FILE (FILE_ID,FILE_UPLOAD_NAME,FILE_PATH,FILE_SAVE_NAME,UPLOAD_TYPE,FILE_SIZE,FOREIGN_ID,FOREIGN_CODE,REMARK,CREATOR_ID,CREATE_TIME,MODIFIER,MODIFY_TIME,IS_DELETE,FILE_BUSINESS_TYPE) values (14,'副本WBS增量表（2018年）.xlsx','D://upload/20181108/副本WBS增量表（2018年）.xlsxJh57',null,'00',135932,null,null,null,1000,'20181108232320',null,null,'00',null);
Insert into VOTE.PM_FILE (FILE_ID,FILE_UPLOAD_NAME,FILE_PATH,FILE_SAVE_NAME,UPLOAD_TYPE,FILE_SIZE,FOREIGN_ID,FOREIGN_CODE,REMARK,CREATOR_ID,CREATE_TIME,MODIFIER,MODIFY_TIME,IS_DELETE,FILE_BUSINESS_TYPE) values (15,'副本金融业务部利润中心和成本中心结构-整理.xlsx','D://upload/20181108/副本金融业务部利润中心和成本中心结构-整理.xlsxuBwi',null,'00',18922,null,null,null,1000,'20181108232417',null,null,'00',null);
Insert into VOTE.PM_FILE (FILE_ID,FILE_UPLOAD_NAME,FILE_PATH,FILE_SAVE_NAME,UPLOAD_TYPE,FILE_SIZE,FOREIGN_ID,FOREIGN_CODE,REMARK,CREATOR_ID,CREATE_TIME,MODIFIER,MODIFY_TIME,IS_DELETE,FILE_BUSINESS_TYPE) values (16,'副本WBS增量表（2018年）.xlsx','D://upload/20181108/副本WBS增量表（2018年）.xlsxF22o',null,'00',135932,null,null,null,1000,'20181108232552',null,null,'00',null);
Insert into VOTE.PM_FILE (FILE_ID,FILE_UPLOAD_NAME,FILE_PATH,FILE_SAVE_NAME,UPLOAD_TYPE,FILE_SIZE,FOREIGN_ID,FOREIGN_CODE,REMARK,CREATOR_ID,CREATE_TIME,MODIFIER,MODIFY_TIME,IS_DELETE,FILE_BUSINESS_TYPE) values (6,'副本金融SAP编码-BMO提供.xlsx','D://upload/20181108/副本金融SAP编码-BMO提供.xlsxp8FF',null,'00',13130,null,null,null,1000,'20181108225920',null,null,'00',null);
Insert into VOTE.PM_FILE (FILE_ID,FILE_UPLOAD_NAME,FILE_PATH,FILE_SAVE_NAME,UPLOAD_TYPE,FILE_SIZE,FOREIGN_ID,FOREIGN_CODE,REMARK,CREATOR_ID,CREATE_TIME,MODIFIER,MODIFY_TIME,IS_DELETE,FILE_BUSINESS_TYPE) values (7,'R00-项目基本信息表（1-9事业部）.xls','D://upload/20181108/R00-项目基本信息表（1-9事业部）.xlscqGB',null,'00',499200,null,null,null,1000,'20181108225920',null,null,'00',null);
Insert into VOTE.PM_FILE (FILE_ID,FILE_UPLOAD_NAME,FILE_PATH,FILE_SAVE_NAME,UPLOAD_TYPE,FILE_SIZE,FOREIGN_ID,FOREIGN_CODE,REMARK,CREATOR_ID,CREATE_TIME,MODIFIER,MODIFY_TIME,IS_DELETE,FILE_BUSINESS_TYPE) values (17,'副本WBS增量表（2018年）.xlsx','D://upload/20181108/副本WBS增量表（2018年）.xlsxghj3',null,'00',135932,null,null,null,22,'20181108232838',null,null,'00',null);
Insert into VOTE.PM_FILE (FILE_ID,FILE_UPLOAD_NAME,FILE_PATH,FILE_SAVE_NAME,UPLOAD_TYPE,FILE_SIZE,FOREIGN_ID,FOREIGN_CODE,REMARK,CREATOR_ID,CREATE_TIME,MODIFIER,MODIFY_TIME,IS_DELETE,FILE_BUSINESS_TYPE) values (5,'副本金融SAP编码-BMO提供.xlsx','D://upload/20181108/副本金融SAP编码-BMO提供.xlsxCN7N',null,'00',13130,null,null,null,1000,'20181108224919',null,null,'00',null);
Insert into VOTE.PM_FILE (FILE_ID,FILE_UPLOAD_NAME,FILE_PATH,FILE_SAVE_NAME,UPLOAD_TYPE,FILE_SIZE,FOREIGN_ID,FOREIGN_CODE,REMARK,CREATOR_ID,CREATE_TIME,MODIFIER,MODIFY_TIME,IS_DELETE,FILE_BUSINESS_TYPE) values (8,'副本WBS增量表（2018年）.xlsx','D://upload/20181108/副本WBS增量表（2018年）.xlsx9FI4',null,'00',135932,null,null,null,22,'20181108230251',null,null,'00',null);
Insert into VOTE.PM_FILE (FILE_ID,FILE_UPLOAD_NAME,FILE_PATH,FILE_SAVE_NAME,UPLOAD_TYPE,FILE_SIZE,FOREIGN_ID,FOREIGN_CODE,REMARK,CREATOR_ID,CREATE_TIME,MODIFIER,MODIFY_TIME,IS_DELETE,FILE_BUSINESS_TYPE) values (18,'副本金融SAP编码-BMO提供.xlsx','D://upload/20181108/副本金融SAP编码-BMO提供.xlsx8jye',null,'00',13130,10,null,null,22,'20181108233627',null,null,'00',null);
Insert into VOTE.PM_FILE (FILE_ID,FILE_UPLOAD_NAME,FILE_PATH,FILE_SAVE_NAME,UPLOAD_TYPE,FILE_SIZE,FOREIGN_ID,FOREIGN_CODE,REMARK,CREATOR_ID,CREATE_TIME,MODIFIER,MODIFY_TIME,IS_DELETE,FILE_BUSINESS_TYPE) values (45,'Catch2D64(10-16-(10-17-17-37-23).jpg','D://upload/20181116/iP53Catch2D64(10-16-(10-17-17-37-23).jpg',null,'00',483036,null,null,null,1000,'20181116200832',null,null,'00',null);
Insert into VOTE.PM_FILE (FILE_ID,FILE_UPLOAD_NAME,FILE_PATH,FILE_SAVE_NAME,UPLOAD_TYPE,FILE_SIZE,FOREIGN_ID,FOREIGN_CODE,REMARK,CREATOR_ID,CREATE_TIME,MODIFIER,MODIFY_TIME,IS_DELETE,FILE_BUSINESS_TYPE) values (46,'a.html','D://upload/20181116/4qHwa.html',null,'00',466,null,null,null,1000,'20181116200900',null,null,'00',null);
Insert into VOTE.PM_FILE (FILE_ID,FILE_UPLOAD_NAME,FILE_PATH,FILE_SAVE_NAME,UPLOAD_TYPE,FILE_SIZE,FOREIGN_ID,FOREIGN_CODE,REMARK,CREATOR_ID,CREATE_TIME,MODIFIER,MODIFY_TIME,IS_DELETE,FILE_BUSINESS_TYPE) values (21,'副本WBS增量表（2018年）.xlsx','D://upload/20181113/xiuo副本WBS增量表（2018年）.xlsx',null,'00',135932,null,null,null,1000,'20181113151032',null,null,'00',null);
Insert into VOTE.PM_FILE (FILE_ID,FILE_UPLOAD_NAME,FILE_PATH,FILE_SAVE_NAME,UPLOAD_TYPE,FILE_SIZE,FOREIGN_ID,FOREIGN_CODE,REMARK,CREATOR_ID,CREATE_TIME,MODIFIER,MODIFY_TIME,IS_DELETE,FILE_BUSINESS_TYPE) values (50,'calendar.png','D://upload/20181116/AJFqcalendar.png',null,'00',4140,null,null,null,1000,'20181116205036',null,null,'00','01');
Insert into VOTE.PM_FILE (FILE_ID,FILE_UPLOAD_NAME,FILE_PATH,FILE_SAVE_NAME,UPLOAD_TYPE,FILE_SIZE,FOREIGN_ID,FOREIGN_CODE,REMARK,CREATOR_ID,CREATE_TIME,MODIFIER,MODIFY_TIME,IS_DELETE,FILE_BUSINESS_TYPE) values (51,'sequence.txt','D://upload/20181116/aNonsequence.txt',null,'00',1394,null,null,null,1000,'20181116210124',null,null,'00','00');
Insert into VOTE.PM_FILE (FILE_ID,FILE_UPLOAD_NAME,FILE_PATH,FILE_SAVE_NAME,UPLOAD_TYPE,FILE_SIZE,FOREIGN_ID,FOREIGN_CODE,REMARK,CREATOR_ID,CREATE_TIME,MODIFIER,MODIFY_TIME,IS_DELETE,FILE_BUSINESS_TYPE) values (52,'FlashFXP.exe','D://upload/20181116/i8NGFlashFXP.exe',null,'00',8925504,null,null,null,1000,'20181116210124',null,null,'00','00');
Insert into VOTE.PM_FILE (FILE_ID,FILE_UPLOAD_NAME,FILE_PATH,FILE_SAVE_NAME,UPLOAD_TYPE,FILE_SIZE,FOREIGN_ID,FOREIGN_CODE,REMARK,CREATOR_ID,CREATE_TIME,MODIFIER,MODIFY_TIME,IS_DELETE,FILE_BUSINESS_TYPE) values (53,'calendar.png','D://upload/20181116/D7i6calendar.png',null,'00',4140,null,null,null,1000,'20181116210307',null,null,'00','00');
Insert into VOTE.PM_FILE (FILE_ID,FILE_UPLOAD_NAME,FILE_PATH,FILE_SAVE_NAME,UPLOAD_TYPE,FILE_SIZE,FOREIGN_ID,FOREIGN_CODE,REMARK,CREATOR_ID,CREATE_TIME,MODIFIER,MODIFY_TIME,IS_DELETE,FILE_BUSINESS_TYPE) values (54,'Catch2D64(10-16-(10-17-17-37-23).jpg','D://upload/20181116/oq5rCatch2D64(10-16-(10-17-17-37-23).jpg',null,'00',483036,23,null,null,1000,'20181116210307',null,null,'00','00');
Insert into VOTE.PM_FILE (FILE_ID,FILE_UPLOAD_NAME,FILE_PATH,FILE_SAVE_NAME,UPLOAD_TYPE,FILE_SIZE,FOREIGN_ID,FOREIGN_CODE,REMARK,CREATOR_ID,CREATE_TIME,MODIFIER,MODIFY_TIME,IS_DELETE,FILE_BUSINESS_TYPE) values (55,'a.html','D://upload/20181116/n73aa.html',null,'00',466,24,null,null,1000,'20181116210758',null,null,'00','01');
Insert into VOTE.PM_FILE (FILE_ID,FILE_UPLOAD_NAME,FILE_PATH,FILE_SAVE_NAME,UPLOAD_TYPE,FILE_SIZE,FOREIGN_ID,FOREIGN_CODE,REMARK,CREATOR_ID,CREATE_TIME,MODIFIER,MODIFY_TIME,IS_DELETE,FILE_BUSINESS_TYPE) values (56,'项目管理系统-实施计划20181113(1).xlsx','D://upload/20181116/uwB3项目管理系统-实施计划20181113(1).xlsx',null,'00',50754,24,null,null,1000,'20181116210758',null,null,'00','01');
Insert into VOTE.PM_FILE (FILE_ID,FILE_UPLOAD_NAME,FILE_PATH,FILE_SAVE_NAME,UPLOAD_TYPE,FILE_SIZE,FOREIGN_ID,FOREIGN_CODE,REMARK,CREATOR_ID,CREATE_TIME,MODIFIER,MODIFY_TIME,IS_DELETE,FILE_BUSINESS_TYPE) values (57,'calendar.png','D://upload/20181116/8Mjzcalendar.png',null,'00',4140,25,null,null,1000,'20181116211644',null,null,'00','00');
Insert into VOTE.PM_FILE (FILE_ID,FILE_UPLOAD_NAME,FILE_PATH,FILE_SAVE_NAME,UPLOAD_TYPE,FILE_SIZE,FOREIGN_ID,FOREIGN_CODE,REMARK,CREATOR_ID,CREATE_TIME,MODIFIER,MODIFY_TIME,IS_DELETE,FILE_BUSINESS_TYPE) values (58,'FlashFXP.exe','D://upload/20181116/vo5aFlashFXP.exe',null,'00',8925504,25,null,null,1000,'20181116211645',null,null,'00','00');
Insert into VOTE.PM_FILE (FILE_ID,FILE_UPLOAD_NAME,FILE_PATH,FILE_SAVE_NAME,UPLOAD_TYPE,FILE_SIZE,FOREIGN_ID,FOREIGN_CODE,REMARK,CREATOR_ID,CREATE_TIME,MODIFIER,MODIFY_TIME,IS_DELETE,FILE_BUSINESS_TYPE) values (60,'a.html','D://upload/20181116/34HLa.html',null,'00',466,null,null,null,1000,'20181116212837',null,null,'00','01');
Insert into VOTE.PM_FILE (FILE_ID,FILE_UPLOAD_NAME,FILE_PATH,FILE_SAVE_NAME,UPLOAD_TYPE,FILE_SIZE,FOREIGN_ID,FOREIGN_CODE,REMARK,CREATOR_ID,CREATE_TIME,MODIFIER,MODIFY_TIME,IS_DELETE,FILE_BUSINESS_TYPE) values (61,'项目预算图片.docx','D://upload/20181116/vKej项目预算图片.docx',null,'00',1141600,26,null,null,1000,'20181116213208',null,null,'00','01');
Insert into VOTE.PM_FILE (FILE_ID,FILE_UPLOAD_NAME,FILE_PATH,FILE_SAVE_NAME,UPLOAD_TYPE,FILE_SIZE,FOREIGN_ID,FOREIGN_CODE,REMARK,CREATOR_ID,CREATE_TIME,MODIFIER,MODIFY_TIME,IS_DELETE,FILE_BUSINESS_TYPE) values (62,'FlashFXP.exe','D://upload/20181116/ngeHFlashFXP.exe',null,'00',8925504,26,null,null,1000,'20181116213208',null,null,'00','00');
Insert into VOTE.PM_FILE (FILE_ID,FILE_UPLOAD_NAME,FILE_PATH,FILE_SAVE_NAME,UPLOAD_TYPE,FILE_SIZE,FOREIGN_ID,FOREIGN_CODE,REMARK,CREATOR_ID,CREATE_TIME,MODIFIER,MODIFY_TIME,IS_DELETE,FILE_BUSINESS_TYPE) values (59,'账户.txt','D://upload/20181116/nrhd账户.txt',null,'00',189,null,null,null,1000,'20181116212837',null,null,'00','01');
Insert into VOTE.PM_FILE (FILE_ID,FILE_UPLOAD_NAME,FILE_PATH,FILE_SAVE_NAME,UPLOAD_TYPE,FILE_SIZE,FOREIGN_ID,FOREIGN_CODE,REMARK,CREATOR_ID,CREATE_TIME,MODIFIER,MODIFY_TIME,IS_DELETE,FILE_BUSINESS_TYPE) values (81,'audiomute.dll','D://upload/20181117/vO73audiomute.dll',null,'00',84392,null,null,null,1000,'20181117100945',null,null,'00',null);
Insert into VOTE.PM_FILE (FILE_ID,FILE_UPLOAD_NAME,FILE_PATH,FILE_SAVE_NAME,UPLOAD_TYPE,FILE_SIZE,FOREIGN_ID,FOREIGN_CODE,REMARK,CREATOR_ID,CREATE_TIME,MODIFIER,MODIFY_TIME,IS_DELETE,FILE_BUSINESS_TYPE) values (82,'icudtl.dat','D://upload/20181117/L3Mxicudtl.dat',null,'00',7145344,null,null,null,1000,'20181117100946',null,null,'00',null);
Insert into VOTE.PM_FILE (FILE_ID,FILE_UPLOAD_NAME,FILE_PATH,FILE_SAVE_NAME,UPLOAD_TYPE,FILE_SIZE,FOREIGN_ID,FOREIGN_CODE,REMARK,CREATOR_ID,CREATE_TIME,MODIFIER,MODIFY_TIME,IS_DELETE,FILE_BUSINESS_TYPE) values (83,'audiomute.dll','D://upload/20181117/3AI0audiomute.dll',null,'00',84392,42,null,null,1000,'20181117101155',null,null,'00',null);
Insert into VOTE.PM_FILE (FILE_ID,FILE_UPLOAD_NAME,FILE_PATH,FILE_SAVE_NAME,UPLOAD_TYPE,FILE_SIZE,FOREIGN_ID,FOREIGN_CODE,REMARK,CREATOR_ID,CREATE_TIME,MODIFIER,MODIFY_TIME,IS_DELETE,FILE_BUSINESS_TYPE) values (84,'360base.dll','D://upload/20181117/G3h2360base.dll',null,'00',921000,null,null,null,1000,'20181117101233',null,null,'00',null);
Insert into VOTE.PM_FILE (FILE_ID,FILE_UPLOAD_NAME,FILE_PATH,FILE_SAVE_NAME,UPLOAD_TYPE,FILE_SIZE,FOREIGN_ID,FOREIGN_CODE,REMARK,CREATOR_ID,CREATE_TIME,MODIFIER,MODIFY_TIME,IS_DELETE,FILE_BUSINESS_TYPE) values (85,'360base.dll','D://upload/20181117/8gd8360base.dll',null,'00',921000,null,null,null,1000,'20181117103150',null,null,'00',null);
Insert into VOTE.PM_FILE (FILE_ID,FILE_UPLOAD_NAME,FILE_PATH,FILE_SAVE_NAME,UPLOAD_TYPE,FILE_SIZE,FOREIGN_ID,FOREIGN_CODE,REMARK,CREATOR_ID,CREATE_TIME,MODIFIER,MODIFY_TIME,IS_DELETE,FILE_BUSINESS_TYPE) values (114,'List.txt','D://upload/20181118/Cn7vList.txt',null,'00',388,62,null,null,22,'20181118190236',null,null,'00','00');
Insert into VOTE.PM_FILE (FILE_ID,FILE_UPLOAD_NAME,FILE_PATH,FILE_SAVE_NAME,UPLOAD_TYPE,FILE_SIZE,FOREIGN_ID,FOREIGN_CODE,REMARK,CREATOR_ID,CREATE_TIME,MODIFIER,MODIFY_TIME,IS_DELETE,FILE_BUSINESS_TYPE) values (101,'chrome_100_percent.pak','D://upload/20181117/tbocchrome_100_percent.pak',null,'00',1239719,null,null,null,1000,'20181117231206',null,null,'00','01');
Insert into VOTE.PM_FILE (FILE_ID,FILE_UPLOAD_NAME,FILE_PATH,FILE_SAVE_NAME,UPLOAD_TYPE,FILE_SIZE,FOREIGN_ID,FOREIGN_CODE,REMARK,CREATOR_ID,CREATE_TIME,MODIFIER,MODIFY_TIME,IS_DELETE,FILE_BUSINESS_TYPE) values (102,'360base.dll','D://upload/20181117/eNfy360base.dll',null,'00',921000,null,null,null,1000,'20181117231206',null,null,'00','00');
Insert into VOTE.PM_FILE (FILE_ID,FILE_UPLOAD_NAME,FILE_PATH,FILE_SAVE_NAME,UPLOAD_TYPE,FILE_SIZE,FOREIGN_ID,FOREIGN_CODE,REMARK,CREATOR_ID,CREATE_TIME,MODIFIER,MODIFY_TIME,IS_DELETE,FILE_BUSINESS_TYPE) values (103,'audiomute.dll','D://upload/20181117/DC3eaudiomute.dll',null,'00',84392,null,null,null,1000,'20181117231411',null,null,'00','00');
Insert into VOTE.PM_FILE (FILE_ID,FILE_UPLOAD_NAME,FILE_PATH,FILE_SAVE_NAME,UPLOAD_TYPE,FILE_SIZE,FOREIGN_ID,FOREIGN_CODE,REMARK,CREATOR_ID,CREATE_TIME,MODIFIER,MODIFY_TIME,IS_DELETE,FILE_BUSINESS_TYPE) values (104,'change_wallpaper.zip','D://upload/20181117/c2Htchange_wallpaper.zip',null,'00',93437,61,null,null,1000,'20181117232517',null,null,'00','00');
Insert into VOTE.PM_FILE (FILE_ID,FILE_UPLOAD_NAME,FILE_PATH,FILE_SAVE_NAME,UPLOAD_TYPE,FILE_SIZE,FOREIGN_ID,FOREIGN_CODE,REMARK,CREATOR_ID,CREATE_TIME,MODIFIER,MODIFY_TIME,IS_DELETE,FILE_BUSINESS_TYPE) values (105,'errorpage.zip','D://upload/20181117/ahFterrorpage.zip',null,'00',30662,61,null,null,1000,'20181117232517',null,null,'00','01');
Insert into VOTE.PM_FILE (FILE_ID,FILE_UPLOAD_NAME,FILE_PATH,FILE_SAVE_NAME,UPLOAD_TYPE,FILE_SIZE,FOREIGN_ID,FOREIGN_CODE,REMARK,CREATOR_ID,CREATE_TIME,MODIFIER,MODIFY_TIME,IS_DELETE,FILE_BUSINESS_TYPE) values (110,'360base.dll','D://upload/20181118/oBIb360base.dll',null,'00',921000,41,null,null,1000,'20181118144804',null,null,'00','00');
Insert into VOTE.PM_FILE (FILE_ID,FILE_UPLOAD_NAME,FILE_PATH,FILE_SAVE_NAME,UPLOAD_TYPE,FILE_SIZE,FOREIGN_ID,FOREIGN_CODE,REMARK,CREATOR_ID,CREATE_TIME,MODIFIER,MODIFY_TIME,IS_DELETE,FILE_BUSINESS_TYPE) values (111,'chrome.dll','D://upload/20181118/HA4Nchrome.dll',null,'00',37730376,41,null,null,1000,'20181118144805',null,null,'00','00');
Insert into VOTE.PM_FILE (FILE_ID,FILE_UPLOAD_NAME,FILE_PATH,FILE_SAVE_NAME,UPLOAD_TYPE,FILE_SIZE,FOREIGN_ID,FOREIGN_CODE,REMARK,CREATOR_ID,CREATE_TIME,MODIFIER,MODIFY_TIME,IS_DELETE,FILE_BUSINESS_TYPE) values (112,'change_wallpaper.zip','D://upload/20181118/GMtmchange_wallpaper.zip',null,'00',93437,41,null,null,1000,'20181118145012',null,null,'00','00');
Insert into VOTE.PM_FILE (FILE_ID,FILE_UPLOAD_NAME,FILE_PATH,FILE_SAVE_NAME,UPLOAD_TYPE,FILE_SIZE,FOREIGN_ID,FOREIGN_CODE,REMARK,CREATOR_ID,CREATE_TIME,MODIFIER,MODIFY_TIME,IS_DELETE,FILE_BUSINESS_TYPE) values (113,'客户清单.xlsx','D://upload/20181118/2tgo客户清单.xlsx',null,'00',14177,62,null,null,22,'20181118190236',null,null,'00','02');
Insert into VOTE.PM_FILE (FILE_ID,FILE_UPLOAD_NAME,FILE_PATH,FILE_SAVE_NAME,UPLOAD_TYPE,FILE_SIZE,FOREIGN_ID,FOREIGN_CODE,REMARK,CREATOR_ID,CREATE_TIME,MODIFIER,MODIFY_TIME,IS_DELETE,FILE_BUSINESS_TYPE) values (115,'gpedit.cmd','D://upload/20181118/DB5qgpedit.cmd',null,'00',381,62,null,null,22,'20181118190236',null,null,'00','01');
Insert into VOTE.PM_FILE (FILE_ID,FILE_UPLOAD_NAME,FILE_PATH,FILE_SAVE_NAME,UPLOAD_TYPE,FILE_SIZE,FOREIGN_ID,FOREIGN_CODE,REMARK,CREATOR_ID,CREATE_TIME,MODIFIER,MODIFY_TIME,IS_DELETE,FILE_BUSINESS_TYPE) values (106,'change_wallpaper.zip','D://upload/20181117/ww1nchange_wallpaper.zip',null,'00',93437,null,null,null,1000,'20181117233603',null,null,'00','01');
Insert into VOTE.PM_FILE (FILE_ID,FILE_UPLOAD_NAME,FILE_PATH,FILE_SAVE_NAME,UPLOAD_TYPE,FILE_SIZE,FOREIGN_ID,FOREIGN_CODE,REMARK,CREATOR_ID,CREATE_TIME,MODIFIER,MODIFY_TIME,IS_DELETE,FILE_BUSINESS_TYPE) values (107,'cloudurls.dat','D://upload/20181117/l56Dcloudurls.dat',null,'00',131351,null,null,null,1000,'20181117233603',null,null,'00','00');
Insert into VOTE.PM_FILE (FILE_ID,FILE_UPLOAD_NAME,FILE_PATH,FILE_SAVE_NAME,UPLOAD_TYPE,FILE_SIZE,FOREIGN_ID,FOREIGN_CODE,REMARK,CREATOR_ID,CREATE_TIME,MODIFIER,MODIFY_TIME,IS_DELETE,FILE_BUSINESS_TYPE) values (108,'360bdoctor.exe','D://upload/20181117/bMPG360bdoctor.exe',null,'00',1565768,null,null,null,1000,'20181117233806',null,null,'00','00');
Insert into VOTE.PM_FILE (FILE_ID,FILE_UPLOAD_NAME,FILE_PATH,FILE_SAVE_NAME,UPLOAD_TYPE,FILE_SIZE,FOREIGN_ID,FOREIGN_CODE,REMARK,CREATOR_ID,CREATE_TIME,MODIFIER,MODIFY_TIME,IS_DELETE,FILE_BUSINESS_TYPE) values (109,'360bdoctor.exe','D://upload/20181117/rFsa360bdoctor.exe',null,'00',1565768,null,null,null,1000,'20181117233917',null,null,'00','00');
REM INSERTING into VOTE.PM_PAYMENT_POINT
SET DEFINE OFF;
REM INSERTING into VOTE.PM_PRODUCT_INFO
SET DEFINE OFF;
Insert into VOTE.PM_PRODUCT_INFO (PRODUCT_ID,PRODUCT_CODE,PRODUCT_NAME,PRODUCT_SUGGEST_PRICE,DEVELOPMENT_DEPT_NAME,DEVELOPMENT_DEPT_ID,DEVELOPMENT_MANAGER_NAME,DEVELOPMENT_MANAGER_ID,START_SALE_DATE,PRODUCT_TYPE,REMARK,CREATOR_ID,CREATE_TIME,MODIFIER,MODIFY_TIME,IS_DELETE) values (1,'productCode','name',1000,'研发部门',1000,'研发经理',1000,'2018-11-21','00','备注',1000,'系统管理员',1000,'20181106172603','01');
Insert into VOTE.PM_PRODUCT_INFO (PRODUCT_ID,PRODUCT_CODE,PRODUCT_NAME,PRODUCT_SUGGEST_PRICE,DEVELOPMENT_DEPT_NAME,DEVELOPMENT_DEPT_ID,DEVELOPMENT_MANAGER_NAME,DEVELOPMENT_MANAGER_ID,START_SALE_DATE,PRODUCT_TYPE,REMARK,CREATOR_ID,CREATE_TIME,MODIFIER,MODIFY_TIME,IS_DELETE) values (2,null,'dsad',100,null,null,null,null,null,null,'adas',1000,'20181106081016',null,null,null);
Insert into VOTE.PM_PRODUCT_INFO (PRODUCT_ID,PRODUCT_CODE,PRODUCT_NAME,PRODUCT_SUGGEST_PRICE,DEVELOPMENT_DEPT_NAME,DEVELOPMENT_DEPT_ID,DEVELOPMENT_MANAGER_NAME,DEVELOPMENT_MANAGER_ID,START_SALE_DATE,PRODUCT_TYPE,REMARK,CREATOR_ID,CREATE_TIME,MODIFIER,MODIFY_TIME,IS_DELETE) values (3,'code','产品名称：',1000,'金融政府事业群',1000,'系统管理员',1000,'2018-11-09 00:00:00','01','sss',1000,'20181106173117',null,null,'00');
REM INSERTING into VOTE.PM_PRODUCT_PROJECT_RELATION
SET DEFINE OFF;
REM INSERTING into VOTE.PM_PROJECT_GROUP_INFO
SET DEFINE OFF;
Insert into VOTE.PM_PROJECT_GROUP_INFO (PROJECT_GROUP_ID,PROJECT_ID,WBS,PROJECT_GROUP_NAME,GROUP_MANAGER_CODE,GROUP_MANAGER_ID,GROUP_CREATOR_ID,GROUP_CREATOR_NAME,GROUP_CREATE_TIME,GROUP_STATUS,MODIFIER,MODIFY_TIME,IS_DELETE) values (3,null,null,'11',null,null,1000,'系统管理员','20181116161559',null,null,null,'00');
Insert into VOTE.PM_PROJECT_GROUP_INFO (PROJECT_GROUP_ID,PROJECT_ID,WBS,PROJECT_GROUP_NAME,GROUP_MANAGER_CODE,GROUP_MANAGER_ID,GROUP_CREATOR_ID,GROUP_CREATOR_NAME,GROUP_CREATE_TIME,GROUP_STATUS,MODIFIER,MODIFY_TIME,IS_DELETE) values (1,null,null,'test',null,null,1000,'系统管理员','20181115181700',null,1000,'20181116171227','01');
Insert into VOTE.PM_PROJECT_GROUP_INFO (PROJECT_GROUP_ID,PROJECT_ID,WBS,PROJECT_GROUP_NAME,GROUP_MANAGER_CODE,GROUP_MANAGER_ID,GROUP_CREATOR_ID,GROUP_CREATOR_NAME,GROUP_CREATE_TIME,GROUP_STATUS,MODIFIER,MODIFY_TIME,IS_DELETE) values (2,null,null,'test',null,null,1000,'系统管理员','20181115181700',null,null,null,'00');
Insert into VOTE.PM_PROJECT_GROUP_INFO (PROJECT_GROUP_ID,PROJECT_ID,WBS,PROJECT_GROUP_NAME,GROUP_MANAGER_CODE,GROUP_MANAGER_ID,GROUP_CREATOR_ID,GROUP_CREATOR_NAME,GROUP_CREATE_TIME,GROUP_STATUS,MODIFIER,MODIFY_TIME,IS_DELETE) values (4,null,null,'111',null,null,1000,'系统管理员','20181116171238',null,null,null,'00');
REM INSERTING into VOTE.PM_PROJECT_GROUP_RELATION_INFO
SET DEFINE OFF;
Insert into VOTE.PM_PROJECT_GROUP_RELATION_INFO (RELATIONSHIP,PROJECT_GROUP_ID,WBS,PROJECT_ID,CREATE_TIME,CREATOR,MODIFY_TIME,MODIFIER,IS_DELETE) values (2,3,null,23,'20181116161559',null,null,null,'00');
Insert into VOTE.PM_PROJECT_GROUP_RELATION_INFO (RELATIONSHIP,PROJECT_GROUP_ID,WBS,PROJECT_ID,CREATE_TIME,CREATOR,MODIFY_TIME,MODIFIER,IS_DELETE) values (1,1,null,1000,'20181115181700',null,null,null,'00');
Insert into VOTE.PM_PROJECT_GROUP_RELATION_INFO (RELATIONSHIP,PROJECT_GROUP_ID,WBS,PROJECT_ID,CREATE_TIME,CREATOR,MODIFY_TIME,MODIFIER,IS_DELETE) values (3,4,null,22,'20181116171238',null,null,null,'00');
REM INSERTING into VOTE.PM_PROJECT_INCOMMING_INFO
SET DEFINE OFF;
REM INSERTING into VOTE.PM_PROJECT_INFO
SET DEFINE OFF;
Insert into VOTE.PM_PROJECT_INFO (PROJECT_ID,PROJECT_CODE,BUILD_DEPT_NAME,BUILD_DEPT_ID,BUILD_MANAGER_NAME,BUILD_MANAGER_ID,SELL_DEPT_NAME,SELL_DEPT_ID,SELL_MANAGER_NAME,SELL_MANAGER_ID,TECHNICAL_DIRECTOR_ID,TECHNICAL_DIRECTOR_NAME,CREATE_PROJECT_TIME,FINISH_PROJECT_TIME,WBS,CUST_NAME,CUST_SAP_CODE,PROJECT_NAME,CURRENT_YEAR_FOLLOW,IS_CONTINUE,PROJECT_STATUS,STATE,PROJECT_TYPE,PREDICT_CONTRACT_AMOUNT,PROFIT_CENTER,PROFIT_CODE,COST_CENTER,COST_CODE,PROFIT_RATE,PROFIT_MOUNT,WORK_LOAD,CURREND_YEAR_INCOMMING,CURRENT_YEAR_GROSS_PROFIT,ALL_INCOMMING,OVER_FLOW_REPORT_INCOMMING,SIGN_CONTRACT_DATE,IS_SIGNED_CONTRACT,FTP_CONTRACT_REVIEW_RESULT,ONLINE_DATE,IS_ONLINE,ONLINE_REPORT_REVIEW_RESULT,ACCEPT_DATE,IS_ACCEPT,FTP_REPORT_REVIEW_RESULT,ONLINE_DATE_LATER,ACCEPT_DATE_LATER,ONLINE_NUM,ACCEPT_NUM,IS_IMPORTANT,BUDGET,CURRENT_YEAR_MOUNT,INNER_ACCEPT_DATE,NET_SALARY,YEAR_SALARY,PREDICT_PROFIT_RATE,PREDICT_CAPITA_SALARY,PREDICT_CAPITA_COST,PREDICT_WORKLOAD,EMPLOYEE_COST,BUSINESS_TRIP_COST,OTHER_COST,ACCRUED_CHARGES_WORKERS,ACCRUED_CHARGES_PRODUCTS,REMARK1,REMARK2,REMARK3,IS_DELETE,CREATE_TIME,CREATOR,MODIFY_TIME,MODIFIER,BID_ID,BID_NAME,PROJECT_MANAGER_ID,PROJECT_MANAGER_NAME,CUST_MANAGER_ID,CUST_MANAGER_NAME,BELONG_PROJECT_GROUP_ID,BELONG_PROJECT_GROUP_NAME,APPROVE_STATUS,PREDICT_PROFIT_MOUNT,TAX_RATE,BUDGET_WITH_TAX,BUDGET_NO_TAX) values (23,'XM201811150271','管理中心',5,'系统管理员',1000,'销售中心',null,'系统管理员',1000,null,null,'2018-11-12','2018-11-23','1','天津港保税区世纪龙科技发展有限公司','das','1',null,null,null,null,'00',11,null,'1',null,'1',null,null,null,null,null,null,null,null,null,null,null,null,null,null,null,null,null,null,null,null,'00',null,null,null,1,1,1,1,1,1,1,1,1,1,1,null,null,null,'00','20181115134912',null,null,null,7,'asdas',1000,'系统管理员',1000,'系统管理员',null,null,null,1,1,1,1);
Insert into VOTE.PM_PROJECT_INFO (PROJECT_ID,PROJECT_CODE,BUILD_DEPT_NAME,BUILD_DEPT_ID,BUILD_MANAGER_NAME,BUILD_MANAGER_ID,SELL_DEPT_NAME,SELL_DEPT_ID,SELL_MANAGER_NAME,SELL_MANAGER_ID,TECHNICAL_DIRECTOR_ID,TECHNICAL_DIRECTOR_NAME,CREATE_PROJECT_TIME,FINISH_PROJECT_TIME,WBS,CUST_NAME,CUST_SAP_CODE,PROJECT_NAME,CURRENT_YEAR_FOLLOW,IS_CONTINUE,PROJECT_STATUS,STATE,PROJECT_TYPE,PREDICT_CONTRACT_AMOUNT,PROFIT_CENTER,PROFIT_CODE,COST_CENTER,COST_CODE,PROFIT_RATE,PROFIT_MOUNT,WORK_LOAD,CURREND_YEAR_INCOMMING,CURRENT_YEAR_GROSS_PROFIT,ALL_INCOMMING,OVER_FLOW_REPORT_INCOMMING,SIGN_CONTRACT_DATE,IS_SIGNED_CONTRACT,FTP_CONTRACT_REVIEW_RESULT,ONLINE_DATE,IS_ONLINE,ONLINE_REPORT_REVIEW_RESULT,ACCEPT_DATE,IS_ACCEPT,FTP_REPORT_REVIEW_RESULT,ONLINE_DATE_LATER,ACCEPT_DATE_LATER,ONLINE_NUM,ACCEPT_NUM,IS_IMPORTANT,BUDGET,CURRENT_YEAR_MOUNT,INNER_ACCEPT_DATE,NET_SALARY,YEAR_SALARY,PREDICT_PROFIT_RATE,PREDICT_CAPITA_SALARY,PREDICT_CAPITA_COST,PREDICT_WORKLOAD,EMPLOYEE_COST,BUSINESS_TRIP_COST,OTHER_COST,ACCRUED_CHARGES_WORKERS,ACCRUED_CHARGES_PRODUCTS,REMARK1,REMARK2,REMARK3,IS_DELETE,CREATE_TIME,CREATOR,MODIFY_TIME,MODIFIER,BID_ID,BID_NAME,PROJECT_MANAGER_ID,PROJECT_MANAGER_NAME,CUST_MANAGER_ID,CUST_MANAGER_NAME,BELONG_PROJECT_GROUP_ID,BELONG_PROJECT_GROUP_NAME,APPROVE_STATUS,PREDICT_PROFIT_MOUNT,TAX_RATE,BUDGET_WITH_TAX,BUDGET_NO_TAX) values (24,'XM201811155954','管理中心',5,'系统管理员',1000,'销售中心',null,'系统管理员',1000,null,null,'2018-10-31','2018-11-29','1','河南省伟信招标管理咨询有限公司','dsa','1',null,null,null,null,'00',1,null,'1',null,'1',null,null,null,null,null,null,null,null,null,null,null,null,null,null,null,null,null,null,null,null,'00',null,null,null,1,1,1,1,1,1,1,1,1,1,1,null,null,null,'00','20181115135501',null,null,null,6,'asda',1000,'系统管理员',1000,'系统管理员',null,null,null,1,1,1,1);
Insert into VOTE.PM_PROJECT_INFO (PROJECT_ID,PROJECT_CODE,BUILD_DEPT_NAME,BUILD_DEPT_ID,BUILD_MANAGER_NAME,BUILD_MANAGER_ID,SELL_DEPT_NAME,SELL_DEPT_ID,SELL_MANAGER_NAME,SELL_MANAGER_ID,TECHNICAL_DIRECTOR_ID,TECHNICAL_DIRECTOR_NAME,CREATE_PROJECT_TIME,FINISH_PROJECT_TIME,WBS,CUST_NAME,CUST_SAP_CODE,PROJECT_NAME,CURRENT_YEAR_FOLLOW,IS_CONTINUE,PROJECT_STATUS,STATE,PROJECT_TYPE,PREDICT_CONTRACT_AMOUNT,PROFIT_CENTER,PROFIT_CODE,COST_CENTER,COST_CODE,PROFIT_RATE,PROFIT_MOUNT,WORK_LOAD,CURREND_YEAR_INCOMMING,CURRENT_YEAR_GROSS_PROFIT,ALL_INCOMMING,OVER_FLOW_REPORT_INCOMMING,SIGN_CONTRACT_DATE,IS_SIGNED_CONTRACT,FTP_CONTRACT_REVIEW_RESULT,ONLINE_DATE,IS_ONLINE,ONLINE_REPORT_REVIEW_RESULT,ACCEPT_DATE,IS_ACCEPT,FTP_REPORT_REVIEW_RESULT,ONLINE_DATE_LATER,ACCEPT_DATE_LATER,ONLINE_NUM,ACCEPT_NUM,IS_IMPORTANT,BUDGET,CURRENT_YEAR_MOUNT,INNER_ACCEPT_DATE,NET_SALARY,YEAR_SALARY,PREDICT_PROFIT_RATE,PREDICT_CAPITA_SALARY,PREDICT_CAPITA_COST,PREDICT_WORKLOAD,EMPLOYEE_COST,BUSINESS_TRIP_COST,OTHER_COST,ACCRUED_CHARGES_WORKERS,ACCRUED_CHARGES_PRODUCTS,REMARK1,REMARK2,REMARK3,IS_DELETE,CREATE_TIME,CREATOR,MODIFY_TIME,MODIFIER,BID_ID,BID_NAME,PROJECT_MANAGER_ID,PROJECT_MANAGER_NAME,CUST_MANAGER_ID,CUST_MANAGER_NAME,BELONG_PROJECT_GROUP_ID,BELONG_PROJECT_GROUP_NAME,APPROVE_STATUS,PREDICT_PROFIT_MOUNT,TAX_RATE,BUDGET_WITH_TAX,BUDGET_NO_TAX) values (22,'XM201811157912','销售中心',2,'系统管理员',1000,'管理中心',null,'系统管理员',1000,null,null,'2018-11-07','2018-11-08','1','中广核新能源投资（深圳）有限公司北京分公司','das','1',null,null,null,null,'00',1,null,'1',null,'1',null,null,null,null,null,null,null,null,null,null,null,null,null,null,null,null,null,null,null,null,null,null,null,null,1,1,1,1,1,1,1,1,1,1,1,null,null,null,'00','20181115112006',null,null,null,1,'名称',41,'PMS_管理员（娄）',1000,'系统管理员',null,null,null,1,1,1,1);
Insert into VOTE.PM_PROJECT_INFO (PROJECT_ID,PROJECT_CODE,BUILD_DEPT_NAME,BUILD_DEPT_ID,BUILD_MANAGER_NAME,BUILD_MANAGER_ID,SELL_DEPT_NAME,SELL_DEPT_ID,SELL_MANAGER_NAME,SELL_MANAGER_ID,TECHNICAL_DIRECTOR_ID,TECHNICAL_DIRECTOR_NAME,CREATE_PROJECT_TIME,FINISH_PROJECT_TIME,WBS,CUST_NAME,CUST_SAP_CODE,PROJECT_NAME,CURRENT_YEAR_FOLLOW,IS_CONTINUE,PROJECT_STATUS,STATE,PROJECT_TYPE,PREDICT_CONTRACT_AMOUNT,PROFIT_CENTER,PROFIT_CODE,COST_CENTER,COST_CODE,PROFIT_RATE,PROFIT_MOUNT,WORK_LOAD,CURREND_YEAR_INCOMMING,CURRENT_YEAR_GROSS_PROFIT,ALL_INCOMMING,OVER_FLOW_REPORT_INCOMMING,SIGN_CONTRACT_DATE,IS_SIGNED_CONTRACT,FTP_CONTRACT_REVIEW_RESULT,ONLINE_DATE,IS_ONLINE,ONLINE_REPORT_REVIEW_RESULT,ACCEPT_DATE,IS_ACCEPT,FTP_REPORT_REVIEW_RESULT,ONLINE_DATE_LATER,ACCEPT_DATE_LATER,ONLINE_NUM,ACCEPT_NUM,IS_IMPORTANT,BUDGET,CURRENT_YEAR_MOUNT,INNER_ACCEPT_DATE,NET_SALARY,YEAR_SALARY,PREDICT_PROFIT_RATE,PREDICT_CAPITA_SALARY,PREDICT_CAPITA_COST,PREDICT_WORKLOAD,EMPLOYEE_COST,BUSINESS_TRIP_COST,OTHER_COST,ACCRUED_CHARGES_WORKERS,ACCRUED_CHARGES_PRODUCTS,REMARK1,REMARK2,REMARK3,IS_DELETE,CREATE_TIME,CREATOR,MODIFY_TIME,MODIFIER,BID_ID,BID_NAME,PROJECT_MANAGER_ID,PROJECT_MANAGER_NAME,CUST_MANAGER_ID,CUST_MANAGER_NAME,BELONG_PROJECT_GROUP_ID,BELONG_PROJECT_GROUP_NAME,APPROVE_STATUS,PREDICT_PROFIT_MOUNT,TAX_RATE,BUDGET_WITH_TAX,BUDGET_NO_TAX) values (26,'XM201811158019','1',null,'1',null,'1',null,'1',null,null,null,'2018-11-15','2018-11-29','1','1','sd','1','00',null,'00',null,'00',1,null,'1',null,'1',1,null,null,null,null,null,null,null,null,null,null,null,null,null,null,null,null,null,null,null,'00',null,null,null,1,1,1,1,1,1,1,1,1,1,1,null,null,null,'01','20181115140314',null,'20181116162611',1000,10,'1',null,'1',null,'1',null,null,'00',1,1,1,1);
Insert into VOTE.PM_PROJECT_INFO (PROJECT_ID,PROJECT_CODE,BUILD_DEPT_NAME,BUILD_DEPT_ID,BUILD_MANAGER_NAME,BUILD_MANAGER_ID,SELL_DEPT_NAME,SELL_DEPT_ID,SELL_MANAGER_NAME,SELL_MANAGER_ID,TECHNICAL_DIRECTOR_ID,TECHNICAL_DIRECTOR_NAME,CREATE_PROJECT_TIME,FINISH_PROJECT_TIME,WBS,CUST_NAME,CUST_SAP_CODE,PROJECT_NAME,CURRENT_YEAR_FOLLOW,IS_CONTINUE,PROJECT_STATUS,STATE,PROJECT_TYPE,PREDICT_CONTRACT_AMOUNT,PROFIT_CENTER,PROFIT_CODE,COST_CENTER,COST_CODE,PROFIT_RATE,PROFIT_MOUNT,WORK_LOAD,CURREND_YEAR_INCOMMING,CURRENT_YEAR_GROSS_PROFIT,ALL_INCOMMING,OVER_FLOW_REPORT_INCOMMING,SIGN_CONTRACT_DATE,IS_SIGNED_CONTRACT,FTP_CONTRACT_REVIEW_RESULT,ONLINE_DATE,IS_ONLINE,ONLINE_REPORT_REVIEW_RESULT,ACCEPT_DATE,IS_ACCEPT,FTP_REPORT_REVIEW_RESULT,ONLINE_DATE_LATER,ACCEPT_DATE_LATER,ONLINE_NUM,ACCEPT_NUM,IS_IMPORTANT,BUDGET,CURRENT_YEAR_MOUNT,INNER_ACCEPT_DATE,NET_SALARY,YEAR_SALARY,PREDICT_PROFIT_RATE,PREDICT_CAPITA_SALARY,PREDICT_CAPITA_COST,PREDICT_WORKLOAD,EMPLOYEE_COST,BUSINESS_TRIP_COST,OTHER_COST,ACCRUED_CHARGES_WORKERS,ACCRUED_CHARGES_PRODUCTS,REMARK1,REMARK2,REMARK3,IS_DELETE,CREATE_TIME,CREATOR,MODIFY_TIME,MODIFIER,BID_ID,BID_NAME,PROJECT_MANAGER_ID,PROJECT_MANAGER_NAME,CUST_MANAGER_ID,CUST_MANAGER_NAME,BELONG_PROJECT_GROUP_ID,BELONG_PROJECT_GROUP_NAME,APPROVE_STATUS,PREDICT_PROFIT_MOUNT,TAX_RATE,BUDGET_WITH_TAX,BUDGET_NO_TAX) values (1,'XM201811113694','销售中心',2,'PMS_管理员（娄）',41,'管理中心',null,'系统管理员_TEST2',22,null,null,'2018-11-01 00:00:00','2018-11-30 00:00:00','wbsss','中广核新能源投资（深圳）有限公司北京分公司','sdas','sadasdadsadddddd',null,null,null,'00','00',1,null,null,null,null,null,3,null,null,null,null,null,'2018-11-29 00:00:00','01',null,null,null,null,null,null,null,null,null,null,null,null,null,null,null,null,null,null,null,null,null,null,null,null,null,null,null,null,null,'01','20181111214415',null,'20181111225021',1000,null,null,null,null,null,null,null,null,null,null,null,null,null);
Insert into VOTE.PM_PROJECT_INFO (PROJECT_ID,PROJECT_CODE,BUILD_DEPT_NAME,BUILD_DEPT_ID,BUILD_MANAGER_NAME,BUILD_MANAGER_ID,SELL_DEPT_NAME,SELL_DEPT_ID,SELL_MANAGER_NAME,SELL_MANAGER_ID,TECHNICAL_DIRECTOR_ID,TECHNICAL_DIRECTOR_NAME,CREATE_PROJECT_TIME,FINISH_PROJECT_TIME,WBS,CUST_NAME,CUST_SAP_CODE,PROJECT_NAME,CURRENT_YEAR_FOLLOW,IS_CONTINUE,PROJECT_STATUS,STATE,PROJECT_TYPE,PREDICT_CONTRACT_AMOUNT,PROFIT_CENTER,PROFIT_CODE,COST_CENTER,COST_CODE,PROFIT_RATE,PROFIT_MOUNT,WORK_LOAD,CURREND_YEAR_INCOMMING,CURRENT_YEAR_GROSS_PROFIT,ALL_INCOMMING,OVER_FLOW_REPORT_INCOMMING,SIGN_CONTRACT_DATE,IS_SIGNED_CONTRACT,FTP_CONTRACT_REVIEW_RESULT,ONLINE_DATE,IS_ONLINE,ONLINE_REPORT_REVIEW_RESULT,ACCEPT_DATE,IS_ACCEPT,FTP_REPORT_REVIEW_RESULT,ONLINE_DATE_LATER,ACCEPT_DATE_LATER,ONLINE_NUM,ACCEPT_NUM,IS_IMPORTANT,BUDGET,CURRENT_YEAR_MOUNT,INNER_ACCEPT_DATE,NET_SALARY,YEAR_SALARY,PREDICT_PROFIT_RATE,PREDICT_CAPITA_SALARY,PREDICT_CAPITA_COST,PREDICT_WORKLOAD,EMPLOYEE_COST,BUSINESS_TRIP_COST,OTHER_COST,ACCRUED_CHARGES_WORKERS,ACCRUED_CHARGES_PRODUCTS,REMARK1,REMARK2,REMARK3,IS_DELETE,CREATE_TIME,CREATOR,MODIFY_TIME,MODIFIER,BID_ID,BID_NAME,PROJECT_MANAGER_ID,PROJECT_MANAGER_NAME,CUST_MANAGER_ID,CUST_MANAGER_NAME,BELONG_PROJECT_GROUP_ID,BELONG_PROJECT_GROUP_NAME,APPROVE_STATUS,PREDICT_PROFIT_MOUNT,TAX_RATE,BUDGET_WITH_TAX,BUDGET_NO_TAX) values (2,'XM201811126751','管理中心',5,null,null,null,null,null,null,null,null,'2018-11-06 00:00:00','2018-11-08 00:00:00',null,null,'asd','kmlm',null,null,null,'00','00',null,null,null,null,null,null,null,null,null,null,null,null,null,'01',null,null,null,null,null,null,null,null,null,null,null,null,null,null,null,null,null,null,null,null,null,null,null,null,null,null,null,null,null,'01','20181112104820',null,'20181114095702',1000,null,null,null,null,null,null,null,null,null,null,null,null,null);
Insert into VOTE.PM_PROJECT_INFO (PROJECT_ID,PROJECT_CODE,BUILD_DEPT_NAME,BUILD_DEPT_ID,BUILD_MANAGER_NAME,BUILD_MANAGER_ID,SELL_DEPT_NAME,SELL_DEPT_ID,SELL_MANAGER_NAME,SELL_MANAGER_ID,TECHNICAL_DIRECTOR_ID,TECHNICAL_DIRECTOR_NAME,CREATE_PROJECT_TIME,FINISH_PROJECT_TIME,WBS,CUST_NAME,CUST_SAP_CODE,PROJECT_NAME,CURRENT_YEAR_FOLLOW,IS_CONTINUE,PROJECT_STATUS,STATE,PROJECT_TYPE,PREDICT_CONTRACT_AMOUNT,PROFIT_CENTER,PROFIT_CODE,COST_CENTER,COST_CODE,PROFIT_RATE,PROFIT_MOUNT,WORK_LOAD,CURREND_YEAR_INCOMMING,CURRENT_YEAR_GROSS_PROFIT,ALL_INCOMMING,OVER_FLOW_REPORT_INCOMMING,SIGN_CONTRACT_DATE,IS_SIGNED_CONTRACT,FTP_CONTRACT_REVIEW_RESULT,ONLINE_DATE,IS_ONLINE,ONLINE_REPORT_REVIEW_RESULT,ACCEPT_DATE,IS_ACCEPT,FTP_REPORT_REVIEW_RESULT,ONLINE_DATE_LATER,ACCEPT_DATE_LATER,ONLINE_NUM,ACCEPT_NUM,IS_IMPORTANT,BUDGET,CURRENT_YEAR_MOUNT,INNER_ACCEPT_DATE,NET_SALARY,YEAR_SALARY,PREDICT_PROFIT_RATE,PREDICT_CAPITA_SALARY,PREDICT_CAPITA_COST,PREDICT_WORKLOAD,EMPLOYEE_COST,BUSINESS_TRIP_COST,OTHER_COST,ACCRUED_CHARGES_WORKERS,ACCRUED_CHARGES_PRODUCTS,REMARK1,REMARK2,REMARK3,IS_DELETE,CREATE_TIME,CREATOR,MODIFY_TIME,MODIFIER,BID_ID,BID_NAME,PROJECT_MANAGER_ID,PROJECT_MANAGER_NAME,CUST_MANAGER_ID,CUST_MANAGER_NAME,BELONG_PROJECT_GROUP_ID,BELONG_PROJECT_GROUP_NAME,APPROVE_STATUS,PREDICT_PROFIT_MOUNT,TAX_RATE,BUDGET_WITH_TAX,BUDGET_NO_TAX) values (25,'XM201811150524','管理中心',5,'PMS_管理员（娄）',41,'管理中心',null,'系统管理员',1000,null,null,'2018-11-13','2018-11-23','1','中远集装箱运输有限公司/中远海运集装箱运输有限公司','asd','1',null,null,null,null,'00',1,null,'1',null,'1',null,null,null,null,null,null,null,null,null,null,null,null,null,null,null,null,null,null,null,null,'00',null,null,null,1,1,1,1,1,1,1,1,1,1,1,null,null,null,'00','20181115135935',null,null,null,6,'asda',1000,'系统管理员',1000,'系统管理员',null,null,null,1,1,1,1);
Insert into VOTE.PM_PROJECT_INFO (PROJECT_ID,PROJECT_CODE,BUILD_DEPT_NAME,BUILD_DEPT_ID,BUILD_MANAGER_NAME,BUILD_MANAGER_ID,SELL_DEPT_NAME,SELL_DEPT_ID,SELL_MANAGER_NAME,SELL_MANAGER_ID,TECHNICAL_DIRECTOR_ID,TECHNICAL_DIRECTOR_NAME,CREATE_PROJECT_TIME,FINISH_PROJECT_TIME,WBS,CUST_NAME,CUST_SAP_CODE,PROJECT_NAME,CURRENT_YEAR_FOLLOW,IS_CONTINUE,PROJECT_STATUS,STATE,PROJECT_TYPE,PREDICT_CONTRACT_AMOUNT,PROFIT_CENTER,PROFIT_CODE,COST_CENTER,COST_CODE,PROFIT_RATE,PROFIT_MOUNT,WORK_LOAD,CURREND_YEAR_INCOMMING,CURRENT_YEAR_GROSS_PROFIT,ALL_INCOMMING,OVER_FLOW_REPORT_INCOMMING,SIGN_CONTRACT_DATE,IS_SIGNED_CONTRACT,FTP_CONTRACT_REVIEW_RESULT,ONLINE_DATE,IS_ONLINE,ONLINE_REPORT_REVIEW_RESULT,ACCEPT_DATE,IS_ACCEPT,FTP_REPORT_REVIEW_RESULT,ONLINE_DATE_LATER,ACCEPT_DATE_LATER,ONLINE_NUM,ACCEPT_NUM,IS_IMPORTANT,BUDGET,CURRENT_YEAR_MOUNT,INNER_ACCEPT_DATE,NET_SALARY,YEAR_SALARY,PREDICT_PROFIT_RATE,PREDICT_CAPITA_SALARY,PREDICT_CAPITA_COST,PREDICT_WORKLOAD,EMPLOYEE_COST,BUSINESS_TRIP_COST,OTHER_COST,ACCRUED_CHARGES_WORKERS,ACCRUED_CHARGES_PRODUCTS,REMARK1,REMARK2,REMARK3,IS_DELETE,CREATE_TIME,CREATOR,MODIFY_TIME,MODIFIER,BID_ID,BID_NAME,PROJECT_MANAGER_ID,PROJECT_MANAGER_NAME,CUST_MANAGER_ID,CUST_MANAGER_NAME,BELONG_PROJECT_GROUP_ID,BELONG_PROJECT_GROUP_NAME,APPROVE_STATUS,PREDICT_PROFIT_MOUNT,TAX_RATE,BUDGET_WITH_TAX,BUDGET_NO_TAX) values (21,'XM201811149976','管理中心',5,'系统管理员',1000,'销售中心',null,'系统管理员',1000,null,null,'2018-11-14','2018-11-14','1','上海润之信息科技有限公司','as','1',null,null,null,'00','00',1,null,null,null,'1',1,1,1,1,1,null,null,null,null,null,null,null,null,null,null,null,null,null,null,null,null,1,null,null,1,1,null,null,1,1,null,null,null,1,1,null,null,null,'00','20181114104032',null,null,null,null,null,null,null,null,null,null,null,null,null,null,null,null);
Insert into VOTE.PM_PROJECT_INFO (PROJECT_ID,PROJECT_CODE,BUILD_DEPT_NAME,BUILD_DEPT_ID,BUILD_MANAGER_NAME,BUILD_MANAGER_ID,SELL_DEPT_NAME,SELL_DEPT_ID,SELL_MANAGER_NAME,SELL_MANAGER_ID,TECHNICAL_DIRECTOR_ID,TECHNICAL_DIRECTOR_NAME,CREATE_PROJECT_TIME,FINISH_PROJECT_TIME,WBS,CUST_NAME,CUST_SAP_CODE,PROJECT_NAME,CURRENT_YEAR_FOLLOW,IS_CONTINUE,PROJECT_STATUS,STATE,PROJECT_TYPE,PREDICT_CONTRACT_AMOUNT,PROFIT_CENTER,PROFIT_CODE,COST_CENTER,COST_CODE,PROFIT_RATE,PROFIT_MOUNT,WORK_LOAD,CURREND_YEAR_INCOMMING,CURRENT_YEAR_GROSS_PROFIT,ALL_INCOMMING,OVER_FLOW_REPORT_INCOMMING,SIGN_CONTRACT_DATE,IS_SIGNED_CONTRACT,FTP_CONTRACT_REVIEW_RESULT,ONLINE_DATE,IS_ONLINE,ONLINE_REPORT_REVIEW_RESULT,ACCEPT_DATE,IS_ACCEPT,FTP_REPORT_REVIEW_RESULT,ONLINE_DATE_LATER,ACCEPT_DATE_LATER,ONLINE_NUM,ACCEPT_NUM,IS_IMPORTANT,BUDGET,CURRENT_YEAR_MOUNT,INNER_ACCEPT_DATE,NET_SALARY,YEAR_SALARY,PREDICT_PROFIT_RATE,PREDICT_CAPITA_SALARY,PREDICT_CAPITA_COST,PREDICT_WORKLOAD,EMPLOYEE_COST,BUSINESS_TRIP_COST,OTHER_COST,ACCRUED_CHARGES_WORKERS,ACCRUED_CHARGES_PRODUCTS,REMARK1,REMARK2,REMARK3,IS_DELETE,CREATE_TIME,CREATOR,MODIFY_TIME,MODIFIER,BID_ID,BID_NAME,PROJECT_MANAGER_ID,PROJECT_MANAGER_NAME,CUST_MANAGER_ID,CUST_MANAGER_NAME,BELONG_PROJECT_GROUP_ID,BELONG_PROJECT_GROUP_NAME,APPROVE_STATUS,PREDICT_PROFIT_MOUNT,TAX_RATE,BUDGET_WITH_TAX,BUDGET_NO_TAX) values (41,'XM201811191884',null,null,null,null,null,null,null,null,null,null,null,null,null,null,'asd','test',null,null,'00',null,null,null,null,null,null,null,null,null,null,null,null,null,null,null,null,null,null,null,null,null,null,null,null,null,null,null,null,null,null,null,null,null,null,null,null,null,null,null,null,null,null,null,null,null,'00','20181119141045',null,null,null,null,'test',null,null,null,null,null,null,null,null,null,null,null);
REM INSERTING into VOTE.PM_PROJECT_MILESTONE_INFO
SET DEFINE OFF;
REM INSERTING into VOTE.PM_PROJECT_PROBLEM
SET DEFINE OFF;
REM INSERTING into VOTE.PM_REVIEW_COMMENT_INFO
SET DEFINE OFF;
REM INSERTING into VOTE.PM_REVIEW_INFO
SET DEFINE OFF;
Insert into VOTE.PM_REVIEW_INFO (REVIEW_ID,FOREIGN_ID,FOREIGN_CODE,REVIEW_TYPE,REVIEW_USER_NAME,REVIEW_USER_CODE,RESULT,IS_DELETE,CREATE_TIME,MODIFY_TIME,CREATOR,COMMENT_DETAIL) values (1,1,null,'00','系统管理员',1000,'00','01','20181113153342','20181113153431',null,'DDDD');
Insert into VOTE.PM_REVIEW_INFO (REVIEW_ID,FOREIGN_ID,FOREIGN_CODE,REVIEW_TYPE,REVIEW_USER_NAME,REVIEW_USER_CODE,RESULT,IS_DELETE,CREATE_TIME,MODIFY_TIME,CREATOR,COMMENT_DETAIL) values (2,1,null,'00','系统管理员',1000,'00','01','20181113153431','20181113153437',null,'ASDAD');
Insert into VOTE.PM_REVIEW_INFO (REVIEW_ID,FOREIGN_ID,FOREIGN_CODE,REVIEW_TYPE,REVIEW_USER_NAME,REVIEW_USER_CODE,RESULT,IS_DELETE,CREATE_TIME,MODIFY_TIME,CREATOR,COMMENT_DETAIL) values (3,1,null,'00','系统管理员',1000,null,'00','20181113153437',null,null,null);
Insert into VOTE.PM_REVIEW_INFO (REVIEW_ID,FOREIGN_ID,FOREIGN_CODE,REVIEW_TYPE,REVIEW_USER_NAME,REVIEW_USER_CODE,RESULT,IS_DELETE,CREATE_TIME,MODIFY_TIME,CREATOR,COMMENT_DETAIL) values (21,23,null,'00','系统管理员',1000,null,'00',null,null,null,null);
Insert into VOTE.PM_REVIEW_INFO (REVIEW_ID,FOREIGN_ID,FOREIGN_CODE,REVIEW_TYPE,REVIEW_USER_NAME,REVIEW_USER_CODE,RESULT,IS_DELETE,CREATE_TIME,MODIFY_TIME,CREATOR,COMMENT_DETAIL) values (22,24,null,'00','系统管理员',1000,null,'00',null,null,null,null);
Insert into VOTE.PM_REVIEW_INFO (REVIEW_ID,FOREIGN_ID,FOREIGN_CODE,REVIEW_TYPE,REVIEW_USER_NAME,REVIEW_USER_CODE,RESULT,IS_DELETE,CREATE_TIME,MODIFY_TIME,CREATOR,COMMENT_DETAIL) values (44,62,null,'00','系统管理员',1000,'00','01',null,'20181118190455',null,'test通过2');
Insert into VOTE.PM_REVIEW_INFO (REVIEW_ID,FOREIGN_ID,FOREIGN_CODE,REVIEW_TYPE,REVIEW_USER_NAME,REVIEW_USER_CODE,RESULT,IS_DELETE,CREATE_TIME,MODIFY_TIME,CREATOR,COMMENT_DETAIL) values (45,62,null,'00','系统管理员_TEST2',22,'01','01','20181118190455','20181118190627',null,'sdasre3');
Insert into VOTE.PM_REVIEW_INFO (REVIEW_ID,FOREIGN_ID,FOREIGN_CODE,REVIEW_TYPE,REVIEW_USER_NAME,REVIEW_USER_CODE,RESULT,IS_DELETE,CREATE_TIME,MODIFY_TIME,CREATOR,COMMENT_DETAIL) values (46,62,null,'00','系统管理员',1000,'00','01',null,'20181118190803',null,'sdfads4');
Insert into VOTE.PM_REVIEW_INFO (REVIEW_ID,FOREIGN_ID,FOREIGN_CODE,REVIEW_TYPE,REVIEW_USER_NAME,REVIEW_USER_CODE,RESULT,IS_DELETE,CREATE_TIME,MODIFY_TIME,CREATOR,COMMENT_DETAIL) values (50,61,null,'00','系统管理员_TEST2',22,null,'00','20181118191701',null,null,null);
Insert into VOTE.PM_REVIEW_INFO (REVIEW_ID,FOREIGN_ID,FOREIGN_CODE,REVIEW_TYPE,REVIEW_USER_NAME,REVIEW_USER_CODE,RESULT,IS_DELETE,CREATE_TIME,MODIFY_TIME,CREATOR,COMMENT_DETAIL) values (41,41,null,'00','系统管理员',1000,null,'00',null,null,null,null);
Insert into VOTE.PM_REVIEW_INFO (REVIEW_ID,FOREIGN_ID,FOREIGN_CODE,REVIEW_TYPE,REVIEW_USER_NAME,REVIEW_USER_CODE,RESULT,IS_DELETE,CREATE_TIME,MODIFY_TIME,CREATOR,COMMENT_DETAIL) values (42,62,null,'00','系统管理员',1000,'01','01',null,'20181118190127',null,'tetst通过不');
Insert into VOTE.PM_REVIEW_INFO (REVIEW_ID,FOREIGN_ID,FOREIGN_CODE,REVIEW_TYPE,REVIEW_USER_NAME,REVIEW_USER_CODE,RESULT,IS_DELETE,CREATE_TIME,MODIFY_TIME,CREATOR,COMMENT_DETAIL) values (43,27,null,'00','事业部负责人',62,null,'00',null,null,null,null);
Insert into VOTE.PM_REVIEW_INFO (REVIEW_ID,FOREIGN_ID,FOREIGN_CODE,REVIEW_TYPE,REVIEW_USER_NAME,REVIEW_USER_CODE,RESULT,IS_DELETE,CREATE_TIME,MODIFY_TIME,CREATOR,COMMENT_DETAIL) values (47,62,null,'00','系统管理员_TEST2',22,'00','01','20181118190803','20181118190823',null,'5');
Insert into VOTE.PM_REVIEW_INFO (REVIEW_ID,FOREIGN_ID,FOREIGN_CODE,REVIEW_TYPE,REVIEW_USER_NAME,REVIEW_USER_CODE,RESULT,IS_DELETE,CREATE_TIME,MODIFY_TIME,CREATOR,COMMENT_DETAIL) values (48,62,null,'00','事业部负责人',62,null,'00','20181118190823',null,null,null);
Insert into VOTE.PM_REVIEW_INFO (REVIEW_ID,FOREIGN_ID,FOREIGN_CODE,REVIEW_TYPE,REVIEW_USER_NAME,REVIEW_USER_CODE,RESULT,IS_DELETE,CREATE_TIME,MODIFY_TIME,CREATOR,COMMENT_DETAIL) values (49,61,null,'00','系统管理员',1000,'00','01',null,'20181118191701',null,'sdfasdf');
REM INSERTING into VOTE.PM_REVIEW_NODE
SET DEFINE OFF;
REM INSERTING into VOTE.PM_SALE_GROUP_INFO
SET DEFINE OFF;
Insert into VOTE.PM_SALE_GROUP_INFO (GROUP_ID,GROUP_NAME,OWNER_ORG_ID,REMARK,CREATOR_ID,CREATE_TIME,MODIFIER,MODIFY_TIME,IS_DELETE,GROUP_CODE,OWNER_ORG_NAME) values (2,'asd',1,'sddss',1000,'2018-10-10',22,null,'01','aaa',null);
Insert into VOTE.PM_SALE_GROUP_INFO (GROUP_ID,GROUP_NAME,OWNER_ORG_ID,REMARK,CREATOR_ID,CREATE_TIME,MODIFIER,MODIFY_TIME,IS_DELETE,GROUP_CODE,OWNER_ORG_NAME) values (1,null,null,null,1000,'20181104154226960',22,null,'01',null,null);
Insert into VOTE.PM_SALE_GROUP_INFO (GROUP_ID,GROUP_NAME,OWNER_ORG_ID,REMARK,CREATOR_ID,CREATE_TIME,MODIFIER,MODIFY_TIME,IS_DELETE,GROUP_CODE,OWNER_ORG_NAME) values (5,'dasda',null,null,22,'20181104191948281',22,null,'01',null,null);
Insert into VOTE.PM_SALE_GROUP_INFO (GROUP_ID,GROUP_NAME,OWNER_ORG_ID,REMARK,CREATOR_ID,CREATE_TIME,MODIFIER,MODIFY_TIME,IS_DELETE,GROUP_CODE,OWNER_ORG_NAME) values (6,'ddd',null,null,22,'20181104193418061',22,null,'01',null,null);
Insert into VOTE.PM_SALE_GROUP_INFO (GROUP_ID,GROUP_NAME,OWNER_ORG_ID,REMARK,CREATOR_ID,CREATE_TIME,MODIFIER,MODIFY_TIME,IS_DELETE,GROUP_CODE,OWNER_ORG_NAME) values (7,'ddd',null,null,22,'20181104193435878',22,null,'01',null,null);
Insert into VOTE.PM_SALE_GROUP_INFO (GROUP_ID,GROUP_NAME,OWNER_ORG_ID,REMARK,CREATOR_ID,CREATE_TIME,MODIFIER,MODIFY_TIME,IS_DELETE,GROUP_CODE,OWNER_ORG_NAME) values (19,'adas',5,null,1000,'20181104232918816',1000,'20181106172542802','00','XS201811046712','管理中心');
Insert into VOTE.PM_SALE_GROUP_INFO (GROUP_ID,GROUP_NAME,OWNER_ORG_ID,REMARK,CREATOR_ID,CREATE_TIME,MODIFIER,MODIFY_TIME,IS_DELETE,GROUP_CODE,OWNER_ORG_NAME) values (20,'asd',null,null,1000,'20181104233029755',null,null,'00','XS201811041523',null);
Insert into VOTE.PM_SALE_GROUP_INFO (GROUP_ID,GROUP_NAME,OWNER_ORG_ID,REMARK,CREATOR_ID,CREATE_TIME,MODIFIER,MODIFY_TIME,IS_DELETE,GROUP_CODE,OWNER_ORG_NAME) values (21,'asd',null,null,1000,'20181104233111309',null,null,'00','XS201811044363',null);
Insert into VOTE.PM_SALE_GROUP_INFO (GROUP_ID,GROUP_NAME,OWNER_ORG_ID,REMARK,CREATOR_ID,CREATE_TIME,MODIFIER,MODIFY_TIME,IS_DELETE,GROUP_CODE,OWNER_ORG_NAME) values (22,'asd',null,null,1000,'20181104233138932',null,null,'00','XS201811049296',null);
Insert into VOTE.PM_SALE_GROUP_INFO (GROUP_ID,GROUP_NAME,OWNER_ORG_ID,REMARK,CREATOR_ID,CREATE_TIME,MODIFIER,MODIFY_TIME,IS_DELETE,GROUP_CODE,OWNER_ORG_NAME) values (2,'dasda',null,null,1000,'20181104160315720',22,null,'01',null,null);
Insert into VOTE.PM_SALE_GROUP_INFO (GROUP_ID,GROUP_NAME,OWNER_ORG_ID,REMARK,CREATOR_ID,CREATE_TIME,MODIFIER,MODIFY_TIME,IS_DELETE,GROUP_CODE,OWNER_ORG_NAME) values (3,'dasda',null,null,1000,'20181104160346405',22,null,'01',null,null);
Insert into VOTE.PM_SALE_GROUP_INFO (GROUP_ID,GROUP_NAME,OWNER_ORG_ID,REMARK,CREATOR_ID,CREATE_TIME,MODIFIER,MODIFY_TIME,IS_DELETE,GROUP_CODE,OWNER_ORG_NAME) values (4,'ddddd',null,null,1000,'20181104160618957',null,null,'00',null,null);
Insert into VOTE.PM_SALE_GROUP_INFO (GROUP_ID,GROUP_NAME,OWNER_ORG_ID,REMARK,CREATOR_ID,CREATE_TIME,MODIFIER,MODIFY_TIME,IS_DELETE,GROUP_CODE,OWNER_ORG_NAME) values (8,'asdasdas',null,null,22,'20181104193825785',null,null,'00',null,null);
Insert into VOTE.PM_SALE_GROUP_INFO (GROUP_ID,GROUP_NAME,OWNER_ORG_ID,REMARK,CREATOR_ID,CREATE_TIME,MODIFIER,MODIFY_TIME,IS_DELETE,GROUP_CODE,OWNER_ORG_NAME) values (9,'dasd',null,null,1000,'20181104194011590',null,null,'00',null,null);
Insert into VOTE.PM_SALE_GROUP_INFO (GROUP_ID,GROUP_NAME,OWNER_ORG_ID,REMARK,CREATOR_ID,CREATE_TIME,MODIFIER,MODIFY_TIME,IS_DELETE,GROUP_CODE,OWNER_ORG_NAME) values (10,'ddaa',null,null,1000,'20181104194024685',null,null,'00',null,null);
Insert into VOTE.PM_SALE_GROUP_INFO (GROUP_ID,GROUP_NAME,OWNER_ORG_ID,REMARK,CREATOR_ID,CREATE_TIME,MODIFIER,MODIFY_TIME,IS_DELETE,GROUP_CODE,OWNER_ORG_NAME) values (11,'asdas',null,null,1000,'20181104194235432',null,null,'00',null,null);
Insert into VOTE.PM_SALE_GROUP_INFO (GROUP_ID,GROUP_NAME,OWNER_ORG_ID,REMARK,CREATOR_ID,CREATE_TIME,MODIFIER,MODIFY_TIME,IS_DELETE,GROUP_CODE,OWNER_ORG_NAME) values (12,'asdas',null,null,1000,'20181104194344937',22,null,'01',null,null);
Insert into VOTE.PM_SALE_GROUP_INFO (GROUP_ID,GROUP_NAME,OWNER_ORG_ID,REMARK,CREATOR_ID,CREATE_TIME,MODIFIER,MODIFY_TIME,IS_DELETE,GROUP_CODE,OWNER_ORG_NAME) values (16,'asdasaaa',null,null,1000,'20181104200315123',22,null,'01','XS201811048960',null);
Insert into VOTE.PM_SALE_GROUP_INFO (GROUP_ID,GROUP_NAME,OWNER_ORG_ID,REMARK,CREATOR_ID,CREATE_TIME,MODIFIER,MODIFY_TIME,IS_DELETE,GROUP_CODE,OWNER_ORG_NAME) values (17,'asda',null,null,22,'20181104200633842',null,null,'00','XS201811048864',null);
Insert into VOTE.PM_SALE_GROUP_INFO (GROUP_ID,GROUP_NAME,OWNER_ORG_ID,REMARK,CREATOR_ID,CREATE_TIME,MODIFIER,MODIFY_TIME,IS_DELETE,GROUP_CODE,OWNER_ORG_NAME) values (18,'asda',null,null,1000,'20181104200944280',null,null,'00','XS201811043928',null);
Insert into VOTE.PM_SALE_GROUP_INFO (GROUP_ID,GROUP_NAME,OWNER_ORG_ID,REMARK,CREATOR_ID,CREATE_TIME,MODIFIER,MODIFY_TIME,IS_DELETE,GROUP_CODE,OWNER_ORG_NAME) values (13,'asd',null,null,1000,'20181104194548457',null,null,'00',null,null);
Insert into VOTE.PM_SALE_GROUP_INFO (GROUP_ID,GROUP_NAME,OWNER_ORG_ID,REMARK,CREATOR_ID,CREATE_TIME,MODIFIER,MODIFY_TIME,IS_DELETE,GROUP_CODE,OWNER_ORG_NAME) values (14,'asdaa',null,null,1000,'20181104195049221',22,null,'01',null,null);
Insert into VOTE.PM_SALE_GROUP_INFO (GROUP_ID,GROUP_NAME,OWNER_ORG_ID,REMARK,CREATOR_ID,CREATE_TIME,MODIFIER,MODIFY_TIME,IS_DELETE,GROUP_CODE,OWNER_ORG_NAME) values (15,'asdaa',null,null,1000,'20181104195154489',null,null,'00',null,null);
REM INSERTING into VOTE.PM_SALE_MEMBER_INFO
SET DEFINE OFF;
Insert into VOTE.PM_SALE_MEMBER_INFO (MENBER_USR_ID,GROUP_CODE,MEMBER_TYPE,REMARK,CREATOR_ID,CREATE_TIME,MODIFIER,MODIFY_TIME,IS_DELETE,MENBER_USR_NAME) values (1000,'XS201811044171','00',null,1000,'20181104195209293',0,null,'00',null);
Insert into VOTE.PM_SALE_MEMBER_INFO (MENBER_USR_ID,GROUP_CODE,MEMBER_TYPE,REMARK,CREATOR_ID,CREATE_TIME,MODIFIER,MODIFY_TIME,IS_DELETE,MENBER_USR_NAME) values (1000,'XS201811043928','00',null,1000,'20181104200948011',null,null,'00',null);
Insert into VOTE.PM_SALE_MEMBER_INFO (MENBER_USR_ID,GROUP_CODE,MEMBER_TYPE,REMARK,CREATOR_ID,CREATE_TIME,MODIFIER,MODIFY_TIME,IS_DELETE,MENBER_USR_NAME) values (41,'XS201811046712','00',null,1000,'20181106172542825',null,null,'00',null);
Insert into VOTE.PM_SALE_MEMBER_INFO (MENBER_USR_ID,GROUP_CODE,MEMBER_TYPE,REMARK,CREATOR_ID,CREATE_TIME,MODIFIER,MODIFY_TIME,IS_DELETE,MENBER_USR_NAME) values (1000,'XS201811046712','00',null,1000,'20181106172542825',null,null,'00',null);
REM INSERTING into VOTE.PM_YEAR_BUDGET
SET DEFINE OFF;
Insert into VOTE.PM_YEAR_BUDGET (YEAR_BUDGET_CODE,IS_NEW_CUST,CUST_NAME,SAP_CODE,PROJECT_NAME,WBS,PROJECT_TYPE,REVEBUE_SOURCE,COMPANY_ENTITY_NAME,COMPANY_CODE,CONTRACT_ID,CONTRACT_CODE,CONTRACT_NAME,PO_SOW,CUST_MANAGER_ID,CUST_MANAGER_NAME,TAX_TYPE,INCOMMING_TYPE,REGION,CURRENCY,GROSS_PROFIT_RATE,BUDGET_JAN,BUDGET_FEB,BUDGET_MAR,BUDGET_APR,BUDGET_MAY,BUDGET_JUN,BUDGET_JUL,BUDGET_AUG,BUDGET_SEP,BUDGET_OCT,BUDGET_NOV,BUDGET_DEC,BUDGET_SUM,CREATOR_ID,CREATE_TIME,MODIFIER,MODIFY_TIME,IS_DELETE,REMARK,REVIEW_STATUS,BUDGET_YEAR,REV_RECOGNITION_METHOD,PRODUCT_LIST,TAX_RATE,CONTRACT_MONEY,MANY_YEAR_REV,CUR_YEAR_REV,LAST_REV,AFTER_TAX) values ('YS201811210722',null,'a','sd','1',null,null,null,null,null,null,null,null,null,null,null,null,null,null,'00',null,null,null,null,null,null,null,null,null,null,null,null,null,null,1000,'20181121230844',null,null,'00',null,null,null,null,null,null,null,null,null,null,null);
Insert into VOTE.PM_YEAR_BUDGET (YEAR_BUDGET_CODE,IS_NEW_CUST,CUST_NAME,SAP_CODE,PROJECT_NAME,WBS,PROJECT_TYPE,REVEBUE_SOURCE,COMPANY_ENTITY_NAME,COMPANY_CODE,CONTRACT_ID,CONTRACT_CODE,CONTRACT_NAME,PO_SOW,CUST_MANAGER_ID,CUST_MANAGER_NAME,TAX_TYPE,INCOMMING_TYPE,REGION,CURRENCY,GROSS_PROFIT_RATE,BUDGET_JAN,BUDGET_FEB,BUDGET_MAR,BUDGET_APR,BUDGET_MAY,BUDGET_JUN,BUDGET_JUL,BUDGET_AUG,BUDGET_SEP,BUDGET_OCT,BUDGET_NOV,BUDGET_DEC,BUDGET_SUM,CREATOR_ID,CREATE_TIME,MODIFIER,MODIFY_TIME,IS_DELETE,REMARK,REVIEW_STATUS,BUDGET_YEAR,REV_RECOGNITION_METHOD,PRODUCT_LIST,TAX_RATE,CONTRACT_MONEY,MANY_YEAR_REV,CUR_YEAR_REV,LAST_REV,AFTER_TAX) values ('YS201811215511',null,'as','sda','2',null,null,null,null,null,null,null,null,null,null,null,null,null,null,'01',null,null,null,null,null,null,null,null,null,null,null,null,null,null,1000,'20181121230844',null,null,'00',null,null,null,null,null,null,null,null,null,null,null);
Insert into VOTE.PM_YEAR_BUDGET (YEAR_BUDGET_CODE,IS_NEW_CUST,CUST_NAME,SAP_CODE,PROJECT_NAME,WBS,PROJECT_TYPE,REVEBUE_SOURCE,COMPANY_ENTITY_NAME,COMPANY_CODE,CONTRACT_ID,CONTRACT_CODE,CONTRACT_NAME,PO_SOW,CUST_MANAGER_ID,CUST_MANAGER_NAME,TAX_TYPE,INCOMMING_TYPE,REGION,CURRENCY,GROSS_PROFIT_RATE,BUDGET_JAN,BUDGET_FEB,BUDGET_MAR,BUDGET_APR,BUDGET_MAY,BUDGET_JUN,BUDGET_JUL,BUDGET_AUG,BUDGET_SEP,BUDGET_OCT,BUDGET_NOV,BUDGET_DEC,BUDGET_SUM,CREATOR_ID,CREATE_TIME,MODIFIER,MODIFY_TIME,IS_DELETE,REMARK,REVIEW_STATUS,BUDGET_YEAR,REV_RECOGNITION_METHOD,PRODUCT_LIST,TAX_RATE,CONTRACT_MONEY,MANY_YEAR_REV,CUR_YEAR_REV,LAST_REV,AFTER_TAX) values ('YS201811211500','1 ','1','1','51','1','1 ','651','161','61',61,'6','61','1',616,'ddds','16','00','61','61',6,61,61,6,16,16,6,6,1,61,61,61,6,61,61,'61',31,'61','00','61','6 ','16  ','16','1',1,61,1,31,61,601);
Insert into VOTE.PM_YEAR_BUDGET (YEAR_BUDGET_CODE,IS_NEW_CUST,CUST_NAME,SAP_CODE,PROJECT_NAME,WBS,PROJECT_TYPE,REVEBUE_SOURCE,COMPANY_ENTITY_NAME,COMPANY_CODE,CONTRACT_ID,CONTRACT_CODE,CONTRACT_NAME,PO_SOW,CUST_MANAGER_ID,CUST_MANAGER_NAME,TAX_TYPE,INCOMMING_TYPE,REGION,CURRENCY,GROSS_PROFIT_RATE,BUDGET_JAN,BUDGET_FEB,BUDGET_MAR,BUDGET_APR,BUDGET_MAY,BUDGET_JUN,BUDGET_JUL,BUDGET_AUG,BUDGET_SEP,BUDGET_OCT,BUDGET_NOV,BUDGET_DEC,BUDGET_SUM,CREATOR_ID,CREATE_TIME,MODIFIER,MODIFY_TIME,IS_DELETE,REMARK,REVIEW_STATUS,BUDGET_YEAR,REV_RECOGNITION_METHOD,PRODUCT_LIST,TAX_RATE,CONTRACT_MONEY,MANY_YEAR_REV,CUR_YEAR_REV,LAST_REV,AFTER_TAX) values ('61','61','6','asd','4',null,null,null,null,null,null,null,null,null,null,null,null,null,null,'02',null,null,null,null,null,null,null,null,null,null,null,null,null,null,1000,'20181121230844',null,null,'00',null,null,null,null,null,null,null,null,null,null,null);
Insert into VOTE.PM_YEAR_BUDGET (YEAR_BUDGET_CODE,IS_NEW_CUST,CUST_NAME,SAP_CODE,PROJECT_NAME,WBS,PROJECT_TYPE,REVEBUE_SOURCE,COMPANY_ENTITY_NAME,COMPANY_CODE,CONTRACT_ID,CONTRACT_CODE,CONTRACT_NAME,PO_SOW,CUST_MANAGER_ID,CUST_MANAGER_NAME,TAX_TYPE,INCOMMING_TYPE,REGION,CURRENCY,GROSS_PROFIT_RATE,BUDGET_JAN,BUDGET_FEB,BUDGET_MAR,BUDGET_APR,BUDGET_MAY,BUDGET_JUN,BUDGET_JUL,BUDGET_AUG,BUDGET_SEP,BUDGET_OCT,BUDGET_NOV,BUDGET_DEC,BUDGET_SUM,CREATOR_ID,CREATE_TIME,MODIFIER,MODIFY_TIME,IS_DELETE,REMARK,REVIEW_STATUS,BUDGET_YEAR,REV_RECOGNITION_METHOD,PRODUCT_LIST,TAX_RATE,CONTRACT_MONEY,MANY_YEAR_REV,CUR_YEAR_REV,LAST_REV,AFTER_TAX) values ('YS201811215125',null,'as','da','5',null,null,null,null,null,null,null,null,null,null,null,null,null,null,'03',null,null,null,null,null,null,null,null,null,null,null,null,null,null,1000,'20181121230844',null,null,'00',null,null,null,null,null,null,null,null,null,null,null);
Insert into VOTE.PM_YEAR_BUDGET (YEAR_BUDGET_CODE,IS_NEW_CUST,CUST_NAME,SAP_CODE,PROJECT_NAME,WBS,PROJECT_TYPE,REVEBUE_SOURCE,COMPANY_ENTITY_NAME,COMPANY_CODE,CONTRACT_ID,CONTRACT_CODE,CONTRACT_NAME,PO_SOW,CUST_MANAGER_ID,CUST_MANAGER_NAME,TAX_TYPE,INCOMMING_TYPE,REGION,CURRENCY,GROSS_PROFIT_RATE,BUDGET_JAN,BUDGET_FEB,BUDGET_MAR,BUDGET_APR,BUDGET_MAY,BUDGET_JUN,BUDGET_JUL,BUDGET_AUG,BUDGET_SEP,BUDGET_OCT,BUDGET_NOV,BUDGET_DEC,BUDGET_SUM,CREATOR_ID,CREATE_TIME,MODIFIER,MODIFY_TIME,IS_DELETE,REMARK,REVIEW_STATUS,BUDGET_YEAR,REV_RECOGNITION_METHOD,PRODUCT_LIST,TAX_RATE,CONTRACT_MONEY,MANY_YEAR_REV,CUR_YEAR_REV,LAST_REV,AFTER_TAX) values ('YS201811215605',null,'a','asd','6',null,null,null,null,null,null,null,null,null,null,null,null,null,null,null,null,null,null,null,null,null,null,null,null,null,null,null,null,null,1000,'20181121230844',null,null,'00',null,null,null,null,null,null,null,null,null,null,null);
Insert into VOTE.PM_YEAR_BUDGET (YEAR_BUDGET_CODE,IS_NEW_CUST,CUST_NAME,SAP_CODE,PROJECT_NAME,WBS,PROJECT_TYPE,REVEBUE_SOURCE,COMPANY_ENTITY_NAME,COMPANY_CODE,CONTRACT_ID,CONTRACT_CODE,CONTRACT_NAME,PO_SOW,CUST_MANAGER_ID,CUST_MANAGER_NAME,TAX_TYPE,INCOMMING_TYPE,REGION,CURRENCY,GROSS_PROFIT_RATE,BUDGET_JAN,BUDGET_FEB,BUDGET_MAR,BUDGET_APR,BUDGET_MAY,BUDGET_JUN,BUDGET_JUL,BUDGET_AUG,BUDGET_SEP,BUDGET_OCT,BUDGET_NOV,BUDGET_DEC,BUDGET_SUM,CREATOR_ID,CREATE_TIME,MODIFIER,MODIFY_TIME,IS_DELETE,REMARK,REVIEW_STATUS,BUDGET_YEAR,REV_RECOGNITION_METHOD,PRODUCT_LIST,TAX_RATE,CONTRACT_MONEY,MANY_YEAR_REV,CUR_YEAR_REV,LAST_REV,AFTER_TAX) values ('YS201811213056',null,'sd','asd','7',null,null,null,null,null,null,null,null,null,null,null,null,null,null,'04',null,null,null,null,null,null,null,null,null,null,null,null,null,null,1000,'20181121230844',null,null,'00',null,null,null,null,null,null,null,null,null,null,null);
Insert into VOTE.PM_YEAR_BUDGET (YEAR_BUDGET_CODE,IS_NEW_CUST,CUST_NAME,SAP_CODE,PROJECT_NAME,WBS,PROJECT_TYPE,REVEBUE_SOURCE,COMPANY_ENTITY_NAME,COMPANY_CODE,CONTRACT_ID,CONTRACT_CODE,CONTRACT_NAME,PO_SOW,CUST_MANAGER_ID,CUST_MANAGER_NAME,TAX_TYPE,INCOMMING_TYPE,REGION,CURRENCY,GROSS_PROFIT_RATE,BUDGET_JAN,BUDGET_FEB,BUDGET_MAR,BUDGET_APR,BUDGET_MAY,BUDGET_JUN,BUDGET_JUL,BUDGET_AUG,BUDGET_SEP,BUDGET_OCT,BUDGET_NOV,BUDGET_DEC,BUDGET_SUM,CREATOR_ID,CREATE_TIME,MODIFIER,MODIFY_TIME,IS_DELETE,REMARK,REVIEW_STATUS,BUDGET_YEAR,REV_RECOGNITION_METHOD,PRODUCT_LIST,TAX_RATE,CONTRACT_MONEY,MANY_YEAR_REV,CUR_YEAR_REV,LAST_REV,AFTER_TAX) values ('YS201811213580',null,'d','sdas','8',null,null,null,null,null,null,null,null,null,null,null,null,null,null,null,null,null,null,null,null,null,null,null,null,null,null,null,null,null,1000,'20181121230844',null,null,'00',null,null,null,null,null,null,null,null,null,null,null);
REM INSERTING into VOTE.PM_YEAR_BUDGET_PRODUCT
SET DEFINE OFF;
REM INSERTING into VOTE.PROFIT_INFO
SET DEFINE OFF;
Insert into VOTE.PROFIT_INFO (PROFIT_ID,ORG_ID,IS_DELETE) values ('001',2,'0');
Insert into VOTE.PROFIT_INFO (PROFIT_ID,ORG_ID,IS_DELETE) values ('002',2,'1');
Insert into VOTE.PROFIT_INFO (PROFIT_ID,ORG_ID,IS_DELETE) values ('003',5,'0');
Insert into VOTE.PROFIT_INFO (PROFIT_ID,ORG_ID,IS_DELETE) values ('004',6,'0');
REM INSERTING into VOTE.REVIEW_INFO
SET DEFINE OFF;
REM INSERTING into VOTE.ROLE
SET DEFINE OFF;
Insert into VOTE.ROLE (ROLE_ID,ROLE_NAME,ROLE_RMK,TM_SMP,ROLE_CODE) values (33,'销售部负责人','销售部负责人','20181103','SELL_DEPT_MANAGER');
Insert into VOTE.ROLE (ROLE_ID,ROLE_NAME,ROLE_RMK,TM_SMP,ROLE_CODE) values (31,'总经理','总经理室','20181103','MAIN_MANAGER');
Insert into VOTE.ROLE (ROLE_ID,ROLE_NAME,ROLE_RMK,TM_SMP,ROLE_CODE) values (999,'系统管理员','系统管理员','20180101','ADMINISTRATOR');
Insert into VOTE.ROLE (ROLE_ID,ROLE_NAME,ROLE_RMK,TM_SMP,ROLE_CODE) values (32,'实施管理部负责人','实施管理部负责人','20181103','BUILD_DEPT_NAME');
Insert into VOTE.ROLE (ROLE_ID,ROLE_NAME,ROLE_RMK,TM_SMP,ROLE_CODE) values (34,'交付部负责人',' 交付部负责人','20181103','CONSTRUCTION_DEPT_MANAGER');
Insert into VOTE.ROLE (ROLE_ID,ROLE_NAME,ROLE_RMK,TM_SMP,ROLE_CODE) values (35,'后台管理部负责人','后台管理部负责人','20181103','BACK_MANAGER');
Insert into VOTE.ROLE (ROLE_ID,ROLE_NAME,ROLE_RMK,TM_SMP,ROLE_CODE) values (36,'交付部经理','交付部经理','20181103',null);
Insert into VOTE.ROLE (ROLE_ID,ROLE_NAME,ROLE_RMK,TM_SMP,ROLE_CODE) values (37,'客户经理','客户经理','20181105',null);
Insert into VOTE.ROLE (ROLE_ID,ROLE_NAME,ROLE_RMK,TM_SMP,ROLE_CODE) values (38,'普通用户','普通用户','20181103',null);
Insert into VOTE.ROLE (ROLE_ID,ROLE_NAME,ROLE_RMK,TM_SMP,ROLE_CODE) values (51,'项目经理','项目经理','20181105','PROJECT_MANGER');
Insert into VOTE.ROLE (ROLE_ID,ROLE_NAME,ROLE_RMK,TM_SMP,ROLE_CODE) values (52,'销售部助理','销售部助理','20181105',null);
Insert into VOTE.ROLE (ROLE_ID,ROLE_NAME,ROLE_RMK,TM_SMP,ROLE_CODE) values (53,'后台管理部助理','后台管理部助理','20181105',null);
Insert into VOTE.ROLE (ROLE_ID,ROLE_NAME,ROLE_RMK,TM_SMP,ROLE_CODE) values (63,'技术总监','技术总监','20181117',null);
REM INSERTING into VOTE.ROLE_MENU
SET DEFINE OFF;
Insert into VOTE.ROLE_MENU (ROLE_ID,MENU_ID,TM_SMP) values (35,1084,'20181103');
Insert into VOTE.ROLE_MENU (ROLE_ID,MENU_ID,TM_SMP) values (35,1066,'20181103');
Insert into VOTE.ROLE_MENU (ROLE_ID,MENU_ID,TM_SMP) values (35,1044,'20181103');
Insert into VOTE.ROLE_MENU (ROLE_ID,MENU_ID,TM_SMP) values (35,1087,'20181103');
Insert into VOTE.ROLE_MENU (ROLE_ID,MENU_ID,TM_SMP) values (35,1027,'20181103');
Insert into VOTE.ROLE_MENU (ROLE_ID,MENU_ID,TM_SMP) values (32,1026,'20181103');
Insert into VOTE.ROLE_MENU (ROLE_ID,MENU_ID,TM_SMP) values (32,1085,'20181103');
Insert into VOTE.ROLE_MENU (ROLE_ID,MENU_ID,TM_SMP) values (35,1026,'20181103');
Insert into VOTE.ROLE_MENU (ROLE_ID,MENU_ID,TM_SMP) values (35,1085,'20181103');
Insert into VOTE.ROLE_MENU (ROLE_ID,MENU_ID,TM_SMP) values (32,1084,'20181103');
Insert into VOTE.ROLE_MENU (ROLE_ID,MENU_ID,TM_SMP) values (32,1066,'20181103');
Insert into VOTE.ROLE_MENU (ROLE_ID,MENU_ID,TM_SMP) values (32,1044,'20181103');
Insert into VOTE.ROLE_MENU (ROLE_ID,MENU_ID,TM_SMP) values (32,1087,'20181103');
Insert into VOTE.ROLE_MENU (ROLE_ID,MENU_ID,TM_SMP) values (32,1027,'20181103');
Insert into VOTE.ROLE_MENU (ROLE_ID,MENU_ID,TM_SMP) values (37,1026,'20181103');
Insert into VOTE.ROLE_MENU (ROLE_ID,MENU_ID,TM_SMP) values (37,1087,'20181103');
Insert into VOTE.ROLE_MENU (ROLE_ID,MENU_ID,TM_SMP) values (36,1026,'20181103');
Insert into VOTE.ROLE_MENU (ROLE_ID,MENU_ID,TM_SMP) values (36,1087,'20181103');
Insert into VOTE.ROLE_MENU (ROLE_ID,MENU_ID,TM_SMP) values (33,1026,'20181103');
Insert into VOTE.ROLE_MENU (ROLE_ID,MENU_ID,TM_SMP) values (33,1087,'20181103');
Insert into VOTE.ROLE_MENU (ROLE_ID,MENU_ID,TM_SMP) values (34,1026,'20181103');
Insert into VOTE.ROLE_MENU (ROLE_ID,MENU_ID,TM_SMP) values (34,1087,'20181103');
Insert into VOTE.ROLE_MENU (ROLE_ID,MENU_ID,TM_SMP) values (38,100004,'20181117');
Insert into VOTE.ROLE_MENU (ROLE_ID,MENU_ID,TM_SMP) values (38,100008,'20181117');
Insert into VOTE.ROLE_MENU (ROLE_ID,MENU_ID,TM_SMP) values (38,100007,'20181117');
Insert into VOTE.ROLE_MENU (ROLE_ID,MENU_ID,TM_SMP) values (38,100003,'20181117');
Insert into VOTE.ROLE_MENU (ROLE_ID,MENU_ID,TM_SMP) values (38,100005,'20181117');
Insert into VOTE.ROLE_MENU (ROLE_ID,MENU_ID,TM_SMP) values (38,1026,'20181117');
Insert into VOTE.ROLE_MENU (ROLE_ID,MENU_ID,TM_SMP) values (38,1085,'20181117');
Insert into VOTE.ROLE_MENU (ROLE_ID,MENU_ID,TM_SMP) values (38,1064,'20181117');
Insert into VOTE.ROLE_MENU (ROLE_ID,MENU_ID,TM_SMP) values (38,1084,'20181117');
Insert into VOTE.ROLE_MENU (ROLE_ID,MENU_ID,TM_SMP) values (38,1066,'20181117');
Insert into VOTE.ROLE_MENU (ROLE_ID,MENU_ID,TM_SMP) values (38,1044,'20181117');
Insert into VOTE.ROLE_MENU (ROLE_ID,MENU_ID,TM_SMP) values (38,1087,'20181117');
Insert into VOTE.ROLE_MENU (ROLE_ID,MENU_ID,TM_SMP) values (38,1028,'20181117');
Insert into VOTE.ROLE_MENU (ROLE_ID,MENU_ID,TM_SMP) values (38,1124,'20181117');
Insert into VOTE.ROLE_MENU (ROLE_ID,MENU_ID,TM_SMP) values (38,1144,'20181117');
Insert into VOTE.ROLE_MENU (ROLE_ID,MENU_ID,TM_SMP) values (38,1164,'20181117');
Insert into VOTE.ROLE_MENU (ROLE_ID,MENU_ID,TM_SMP) values (1,100004,'20181102');
Insert into VOTE.ROLE_MENU (ROLE_ID,MENU_ID,TM_SMP) values (1,100008,'20181102');
Insert into VOTE.ROLE_MENU (ROLE_ID,MENU_ID,TM_SMP) values (1,100007,'20181102');
Insert into VOTE.ROLE_MENU (ROLE_ID,MENU_ID,TM_SMP) values (1,100003,'20181102');
Insert into VOTE.ROLE_MENU (ROLE_ID,MENU_ID,TM_SMP) values (1,100005,'20181102');
Insert into VOTE.ROLE_MENU (ROLE_ID,MENU_ID,TM_SMP) values (1,1000,'20181102');
Insert into VOTE.ROLE_MENU (ROLE_ID,MENU_ID,TM_SMP) values (1,1001,'20181102');
Insert into VOTE.ROLE_MENU (ROLE_ID,MENU_ID,TM_SMP) values (1,1002,'20181102');
Insert into VOTE.ROLE_MENU (ROLE_ID,MENU_ID,TM_SMP) values (1,1003,'20181102');
Insert into VOTE.ROLE_MENU (ROLE_ID,MENU_ID,TM_SMP) values (1,1004,'20181102');
Insert into VOTE.ROLE_MENU (ROLE_ID,MENU_ID,TM_SMP) values (1,1026,'20181102');
Insert into VOTE.ROLE_MENU (ROLE_ID,MENU_ID,TM_SMP) values (1,1085,'20181102');
Insert into VOTE.ROLE_MENU (ROLE_ID,MENU_ID,TM_SMP) values (1,1064,'20181102');
Insert into VOTE.ROLE_MENU (ROLE_ID,MENU_ID,TM_SMP) values (1,1084,'20181102');
Insert into VOTE.ROLE_MENU (ROLE_ID,MENU_ID,TM_SMP) values (1,1066,'20181102');
Insert into VOTE.ROLE_MENU (ROLE_ID,MENU_ID,TM_SMP) values (1,1044,'20181102');
Insert into VOTE.ROLE_MENU (ROLE_ID,MENU_ID,TM_SMP) values (1,1087,'20181102');
Insert into VOTE.ROLE_MENU (ROLE_ID,MENU_ID,TM_SMP) values (1,1028,'20181102');
Insert into VOTE.ROLE_MENU (ROLE_ID,MENU_ID,TM_SMP) values (1,100001,'20181102');
Insert into VOTE.ROLE_MENU (ROLE_ID,MENU_ID,TM_SMP) values (1,100002,'20181102');
Insert into VOTE.ROLE_MENU (ROLE_ID,MENU_ID,TM_SMP) values (38,1165,'20181117');
Insert into VOTE.ROLE_MENU (ROLE_ID,MENU_ID,TM_SMP) values (38,1184,'20181117');
Insert into VOTE.ROLE_MENU (ROLE_ID,MENU_ID,TM_SMP) values (38,100001,'20181117');
Insert into VOTE.ROLE_MENU (ROLE_ID,MENU_ID,TM_SMP) values (38,100002,'20181117');
Insert into VOTE.ROLE_MENU (ROLE_ID,MENU_ID,TM_SMP) values (53,100001,'20181117');
Insert into VOTE.ROLE_MENU (ROLE_ID,MENU_ID,TM_SMP) values (53,100002,'20181117');
Insert into VOTE.ROLE_MENU (ROLE_ID,MENU_ID,TM_SMP) values (53,100004,'20181117');
Insert into VOTE.ROLE_MENU (ROLE_ID,MENU_ID,TM_SMP) values (53,100008,'20181117');
Insert into VOTE.ROLE_MENU (ROLE_ID,MENU_ID,TM_SMP) values (53,100007,'20181117');
Insert into VOTE.ROLE_MENU (ROLE_ID,MENU_ID,TM_SMP) values (53,100003,'20181117');
Insert into VOTE.ROLE_MENU (ROLE_ID,MENU_ID,TM_SMP) values (53,100005,'20181117');
Insert into VOTE.ROLE_MENU (ROLE_ID,MENU_ID,TM_SMP) values (53,1026,'20181117');
Insert into VOTE.ROLE_MENU (ROLE_ID,MENU_ID,TM_SMP) values (53,1064,'20181117');
Insert into VOTE.ROLE_MENU (ROLE_ID,MENU_ID,TM_SMP) values (53,1028,'20181117');
Insert into VOTE.ROLE_MENU (ROLE_ID,MENU_ID,TM_SMP) values (53,1124,'20181117');
Insert into VOTE.ROLE_MENU (ROLE_ID,MENU_ID,TM_SMP) values (53,1164,'20181117');
Insert into VOTE.ROLE_MENU (ROLE_ID,MENU_ID,TM_SMP) values (53,1165,'20181117');
Insert into VOTE.ROLE_MENU (ROLE_ID,MENU_ID,TM_SMP) values (53,1184,'20181117');
Insert into VOTE.ROLE_MENU (ROLE_ID,MENU_ID,TM_SMP) values (53,1185,'20181117');
Insert into VOTE.ROLE_MENU (ROLE_ID,MENU_ID,TM_SMP) values (53,1085,'20181117');
Insert into VOTE.ROLE_MENU (ROLE_ID,MENU_ID,TM_SMP) values (53,1084,'20181117');
Insert into VOTE.ROLE_MENU (ROLE_ID,MENU_ID,TM_SMP) values (53,1066,'20181117');
Insert into VOTE.ROLE_MENU (ROLE_ID,MENU_ID,TM_SMP) values (53,1044,'20181117');
Insert into VOTE.ROLE_MENU (ROLE_ID,MENU_ID,TM_SMP) values (53,1087,'20181117');
Insert into VOTE.ROLE_MENU (ROLE_ID,MENU_ID,TM_SMP) values (63,1026,'20181117');
Insert into VOTE.ROLE_MENU (ROLE_ID,MENU_ID,TM_SMP) values (63,1028,'20181117');
Insert into VOTE.ROLE_MENU (ROLE_ID,MENU_ID,TM_SMP) values (63,1124,'20181117');
Insert into VOTE.ROLE_MENU (ROLE_ID,MENU_ID,TM_SMP) values (52,100004,'20181122');
Insert into VOTE.ROLE_MENU (ROLE_ID,MENU_ID,TM_SMP) values (52,100008,'20181122');
Insert into VOTE.ROLE_MENU (ROLE_ID,MENU_ID,TM_SMP) values (52,100007,'20181122');
Insert into VOTE.ROLE_MENU (ROLE_ID,MENU_ID,TM_SMP) values (52,100003,'20181122');
Insert into VOTE.ROLE_MENU (ROLE_ID,MENU_ID,TM_SMP) values (52,100005,'20181122');
Insert into VOTE.ROLE_MENU (ROLE_ID,MENU_ID,TM_SMP) values (52,1206,'20181122');
Insert into VOTE.ROLE_MENU (ROLE_ID,MENU_ID,TM_SMP) values (52,1026,'20181122');
Insert into VOTE.ROLE_MENU (ROLE_ID,MENU_ID,TM_SMP) values (52,1028,'20181122');
Insert into VOTE.ROLE_MENU (ROLE_ID,MENU_ID,TM_SMP) values (52,100001,'20181122');
Insert into VOTE.ROLE_MENU (ROLE_ID,MENU_ID,TM_SMP) values (52,100002,'20181122');
Insert into VOTE.ROLE_MENU (ROLE_ID,MENU_ID,TM_SMP) values (52,1124,'20181122');
Insert into VOTE.ROLE_MENU (ROLE_ID,MENU_ID,TM_SMP) values (52,1164,'20181122');
Insert into VOTE.ROLE_MENU (ROLE_ID,MENU_ID,TM_SMP) values (52,1165,'20181122');
Insert into VOTE.ROLE_MENU (ROLE_ID,MENU_ID,TM_SMP) values (52,1184,'20181122');
Insert into VOTE.ROLE_MENU (ROLE_ID,MENU_ID,TM_SMP) values (52,1204,'20181122');
Insert into VOTE.ROLE_MENU (ROLE_ID,MENU_ID,TM_SMP) values (52,1205,'20181122');
Insert into VOTE.ROLE_MENU (ROLE_ID,MENU_ID,TM_SMP) values (52,1185,'20181122');
Insert into VOTE.ROLE_MENU (ROLE_ID,MENU_ID,TM_SMP) values (52,1085,'20181122');
Insert into VOTE.ROLE_MENU (ROLE_ID,MENU_ID,TM_SMP) values (52,1064,'20181122');
Insert into VOTE.ROLE_MENU (ROLE_ID,MENU_ID,TM_SMP) values (52,1084,'20181122');
Insert into VOTE.ROLE_MENU (ROLE_ID,MENU_ID,TM_SMP) values (52,1066,'20181122');
Insert into VOTE.ROLE_MENU (ROLE_ID,MENU_ID,TM_SMP) values (52,1044,'20181122');
Insert into VOTE.ROLE_MENU (ROLE_ID,MENU_ID,TM_SMP) values (52,1087,'20181122');
Insert into VOTE.ROLE_MENU (ROLE_ID,MENU_ID,TM_SMP) values (999,100001,'20181122');
Insert into VOTE.ROLE_MENU (ROLE_ID,MENU_ID,TM_SMP) values (999,100002,'20181122');
Insert into VOTE.ROLE_MENU (ROLE_ID,MENU_ID,TM_SMP) values (999,100004,'20181122');
Insert into VOTE.ROLE_MENU (ROLE_ID,MENU_ID,TM_SMP) values (999,100008,'20181122');
Insert into VOTE.ROLE_MENU (ROLE_ID,MENU_ID,TM_SMP) values (999,100007,'20181122');
Insert into VOTE.ROLE_MENU (ROLE_ID,MENU_ID,TM_SMP) values (999,100003,'20181122');
Insert into VOTE.ROLE_MENU (ROLE_ID,MENU_ID,TM_SMP) values (999,100005,'20181122');
Insert into VOTE.ROLE_MENU (ROLE_ID,MENU_ID,TM_SMP) values (999,1026,'20181122');
Insert into VOTE.ROLE_MENU (ROLE_ID,MENU_ID,TM_SMP) values (999,1028,'20181122');
Insert into VOTE.ROLE_MENU (ROLE_ID,MENU_ID,TM_SMP) values (999,1124,'20181122');
Insert into VOTE.ROLE_MENU (ROLE_ID,MENU_ID,TM_SMP) values (999,1164,'20181122');
Insert into VOTE.ROLE_MENU (ROLE_ID,MENU_ID,TM_SMP) values (999,1165,'20181122');
Insert into VOTE.ROLE_MENU (ROLE_ID,MENU_ID,TM_SMP) values (999,1184,'20181122');
Insert into VOTE.ROLE_MENU (ROLE_ID,MENU_ID,TM_SMP) values (999,1204,'20181122');
Insert into VOTE.ROLE_MENU (ROLE_ID,MENU_ID,TM_SMP) values (999,1185,'20181122');
Insert into VOTE.ROLE_MENU (ROLE_ID,MENU_ID,TM_SMP) values (999,1085,'20181122');
Insert into VOTE.ROLE_MENU (ROLE_ID,MENU_ID,TM_SMP) values (999,1064,'20181122');
Insert into VOTE.ROLE_MENU (ROLE_ID,MENU_ID,TM_SMP) values (999,1084,'20181122');
Insert into VOTE.ROLE_MENU (ROLE_ID,MENU_ID,TM_SMP) values (999,1066,'20181122');
Insert into VOTE.ROLE_MENU (ROLE_ID,MENU_ID,TM_SMP) values (999,1044,'20181122');
Insert into VOTE.ROLE_MENU (ROLE_ID,MENU_ID,TM_SMP) values (999,1087,'20181122');
REM INSERTING into VOTE.TABLE_HEADER_INFO
SET DEFINE OFF;
REM INSERTING into VOTE.TABLE_TITLE_INFO
SET DEFINE OFF;
REM INSERTING into VOTE.USR_INFO
SET DEFINE OFF;
Insert into VOTE.USR_INFO (USR_ID,USR_NO,USR_NAME,SEX,PASS_WORD,BIRTH_DATE,MBL_NO,EMAIL,OPER_USR,USR_STA,TM_SMP,ORG_NO,ORG_TYPE,LICENCE_CODE,CERT_ID,SESSION_ID,LAST_ACTIVE_TIME,STR_REMARK) values (41,null,'PMS_管理员（娄）','1','111111','2018-11-03',13711111111,'mailwork_sh@163.com',22,'0','20181103',null,'01','111111111111111','111111111111111',null,null,'111111');
Insert into VOTE.USR_INFO (USR_ID,USR_NO,USR_NAME,SEX,PASS_WORD,BIRTH_DATE,MBL_NO,EMAIL,OPER_USR,USR_STA,TM_SMP,ORG_NO,ORG_TYPE,LICENCE_CODE,CERT_ID,SESSION_ID,LAST_ACTIVE_TIME,STR_REMARK) values (1000,'Aoot','系统管理员','0','111111','20170523',111111,'11111',null,'1','20170217',1000,'01',null,null,'819C06A70695DFAA1B0228B665CEB4B4','20181122184647364',null);
Insert into VOTE.USR_INFO (USR_ID,USR_NO,USR_NAME,SEX,PASS_WORD,BIRTH_DATE,MBL_NO,EMAIL,OPER_USR,USR_STA,TM_SMP,ORG_NO,ORG_TYPE,LICENCE_CODE,CERT_ID,SESSION_ID,LAST_ACTIVE_TIME,STR_REMARK) values (22,null,'系统管理员_TEST2','1','111111','2018-10-12',13666666666,'35q13w5eq@qq.com',22,'0','20181103',1000,'01','3123123','420123123123123',null,'20181118191742308','asda');
Insert into VOTE.USR_INFO (USR_ID,USR_NO,USR_NAME,SEX,PASS_WORD,BIRTH_DATE,MBL_NO,EMAIL,OPER_USR,USR_STA,TM_SMP,ORG_NO,ORG_TYPE,LICENCE_CODE,CERT_ID,SESSION_ID,LAST_ACTIVE_TIME,STR_REMARK) values (61,null,'交付部门经理','1','111111','2018-11-07',13711111111,'sssing@163.com',1000,'0','20181117',21,'04','11','111111111111111',null,null,'1');
Insert into VOTE.USR_INFO (USR_ID,USR_NO,USR_NAME,SEX,PASS_WORD,BIRTH_DATE,MBL_NO,EMAIL,OPER_USR,USR_STA,TM_SMP,ORG_NO,ORG_TYPE,LICENCE_CODE,CERT_ID,SESSION_ID,LAST_ACTIVE_TIME,STR_REMARK) values (62,null,'事业部负责人','1','111111','2018-11-14',13711111111,'mailwork_sh@163.com',1000,'0','20181117',9,'02','1','111111111111111',null,null,'1');
Insert into VOTE.USR_INFO (USR_ID,USR_NO,USR_NAME,SEX,PASS_WORD,BIRTH_DATE,MBL_NO,EMAIL,OPER_USR,USR_STA,TM_SMP,ORG_NO,ORG_TYPE,LICENCE_CODE,CERT_ID,SESSION_ID,LAST_ACTIVE_TIME,STR_REMARK) values (71,null,'项目经理','1','111111','2018-11-22',13312334411,'123123@123.com',1000,'0','20181118',10,'04','321321312','123123123123123123',null,null,'123');
REM INSERTING into VOTE.USR_MENU
SET DEFINE OFF;
REM INSERTING into VOTE.USR_ROLE
SET DEFINE OFF;
Insert into VOTE.USR_ROLE (USR_ID,ROLE_ID,TM_SMP) values (1000,53,'20181117120517');
Insert into VOTE.USR_ROLE (USR_ID,ROLE_ID,TM_SMP) values (1000,52,'20181117120517');
Insert into VOTE.USR_ROLE (USR_ID,ROLE_ID,TM_SMP) values (1000,51,'20181117120517');
Insert into VOTE.USR_ROLE (USR_ID,ROLE_ID,TM_SMP) values (1000,38,'20181117120517');
Insert into VOTE.USR_ROLE (USR_ID,ROLE_ID,TM_SMP) values (1000,34,'20181117120517');
Insert into VOTE.USR_ROLE (USR_ID,ROLE_ID,TM_SMP) values (1000,33,'20181117120517');
Insert into VOTE.USR_ROLE (USR_ID,ROLE_ID,TM_SMP) values (2,1,'20180731150933');
Insert into VOTE.USR_ROLE (USR_ID,ROLE_ID,TM_SMP) values (13,1,'20180813165527');
Insert into VOTE.USR_ROLE (USR_ID,ROLE_ID,TM_SMP) values (1000,32,'20181117120517');
Insert into VOTE.USR_ROLE (USR_ID,ROLE_ID,TM_SMP) values (22,53,'20181117114648');
Insert into VOTE.USR_ROLE (USR_ID,ROLE_ID,TM_SMP) values (22,52,'20181117114648');
Insert into VOTE.USR_ROLE (USR_ID,ROLE_ID,TM_SMP) values (22,51,'20181117114648');
Insert into VOTE.USR_ROLE (USR_ID,ROLE_ID,TM_SMP) values (22,38,'20181117114648');
Insert into VOTE.USR_ROLE (USR_ID,ROLE_ID,TM_SMP) values (22,37,'20181117114648');
Insert into VOTE.USR_ROLE (USR_ID,ROLE_ID,TM_SMP) values (22,36,'20181117114648');
Insert into VOTE.USR_ROLE (USR_ID,ROLE_ID,TM_SMP) values (22,35,'20181117114648');
Insert into VOTE.USR_ROLE (USR_ID,ROLE_ID,TM_SMP) values (22,34,'20181117114648');
Insert into VOTE.USR_ROLE (USR_ID,ROLE_ID,TM_SMP) values (22,33,'20181117114648');
Insert into VOTE.USR_ROLE (USR_ID,ROLE_ID,TM_SMP) values (22,32,'20181117114648');
Insert into VOTE.USR_ROLE (USR_ID,ROLE_ID,TM_SMP) values (22,31,'20181117114648');
Insert into VOTE.USR_ROLE (USR_ID,ROLE_ID,TM_SMP) values (61,36,'20181117122217');
Insert into VOTE.USR_ROLE (USR_ID,ROLE_ID,TM_SMP) values (62,63,'20181118191253');
Insert into VOTE.USR_ROLE (USR_ID,ROLE_ID,TM_SMP) values (62,34,'20181118191253');
Insert into VOTE.USR_ROLE (USR_ID,ROLE_ID,TM_SMP) values (71,51,'20181118231154');
REM INSERTING into VOTE.VOTE_APPLY_INFO
SET DEFINE OFF;
REM INSERTING into VOTE.VOTE_FILE_SIGN
SET DEFINE OFF;
REM INSERTING into VOTE.VOTE_HOUSE_INFO
SET DEFINE OFF;
REM INSERTING into VOTE.VOTE_OWNER_HISTORY
SET DEFINE OFF;
REM INSERTING into VOTE.VOTE_RESULT_INFO
SET DEFINE OFF;
REM INSERTING into VOTE.VOTE_RESULT_SUM
SET DEFINE OFF;
REM INSERTING into VOTE.VOTE_SCOPE_INFO
SET DEFINE OFF;
REM INSERTING into VOTE.VOTE_SECT_INFO
SET DEFINE OFF;
REM INSERTING into VOTE.VOTE_TOPIC_INFO
SET DEFINE OFF;
REM INSERTING into VOTE.VOTE_WORKSPACE
SET DEFINE OFF;
REM INSERTING into VOTE.WY_AGENT
SET DEFINE OFF;
REM INSERTING into VOTE.WY_GLC
SET DEFINE OFF;
REM INSERTING into VOTE.WY_HOC_STAFF
SET DEFINE OFF;
REM INSERTING into VOTE.WY_HPB
SET DEFINE OFF;
REM INSERTING into VOTE.WY_JD
SET DEFINE OFF;
REM INSERTING into VOTE.WY_KFS
SET DEFINE OFF;
REM INSERTING into VOTE.WY_SECT
SET DEFINE OFF;
REM INSERTING into VOTE.WY_SECT_HIS
SET DEFINE OFF;
REM INSERTING into VOTE.WY_SECT_TEMP
SET DEFINE OFF;
REM INSERTING into VOTE.WY_SQ
SET DEFINE OFF;
REM INSERTING into VOTE.WY_WYGS
SET DEFINE OFF;
REM INSERTING into VOTE.WY_WYGS_STAFF
SET DEFINE OFF;
REM INSERTING into VOTE.WY_YWH
SET DEFINE OFF;
--------------------------------------------------------
--  DDL for Index SYS_C0012837
--------------------------------------------------------

  CREATE UNIQUE INDEX "VOTE"."SYS_C0012837" ON "VOTE"."ACT_EVT_LOG" ("LOG_NR_") 
  PCTFREE 10 INITRANS 2 MAXTRANS 255 COMPUTE STATISTICS NOCOMPRESS LOGGING
  TABLESPACE "VOTE_USER" ;
--------------------------------------------------------
--  DDL for Index ACT_IDX_BYTEAR_DEPL
--------------------------------------------------------

  CREATE INDEX "VOTE"."ACT_IDX_BYTEAR_DEPL" ON "VOTE"."ACT_GE_BYTEARRAY" ("DEPLOYMENT_ID_") 
  PCTFREE 10 INITRANS 2 MAXTRANS 255 COMPUTE STATISTICS NOCOMPRESS LOGGING
  TABLESPACE "VOTE_USER" ;
--------------------------------------------------------
--  DDL for Index SYS_C0011223
--------------------------------------------------------

  CREATE UNIQUE INDEX "VOTE"."SYS_C0011223" ON "VOTE"."ACT_GE_BYTEARRAY" ("ID_") 
  PCTFREE 10 INITRANS 2 MAXTRANS 255 COMPUTE STATISTICS NOCOMPRESS LOGGING
  TABLESPACE "VOTE_USER" ;
--------------------------------------------------------
--  DDL for Index SYS_C0012841
--------------------------------------------------------

  CREATE UNIQUE INDEX "VOTE"."SYS_C0012841" ON "VOTE"."ACT_GE_PROPERTY" ("NAME_") 
  PCTFREE 10 INITRANS 2 MAXTRANS 255 COMPUTE STATISTICS 
  STORAGE(INITIAL 65536 NEXT 1048576 MINEXTENTS 1 MAXEXTENTS 2147483645
  PCTINCREASE 0 FREELISTS 1 FREELIST GROUPS 1 BUFFER_POOL DEFAULT FLASH_CACHE DEFAULT CELL_FLASH_CACHE DEFAULT)
  TABLESPACE "VOTE_USER" ;
--------------------------------------------------------
--  DDL for Index ACT_IDX_HI_ACT_INST_END
--------------------------------------------------------

  CREATE INDEX "VOTE"."ACT_IDX_HI_ACT_INST_END" ON "VOTE"."ACT_HI_ACTINST" ("END_TIME_") 
  PCTFREE 10 INITRANS 2 MAXTRANS 255 COMPUTE STATISTICS NOCOMPRESS LOGGING
  TABLESPACE "VOTE_USER" ;
--------------------------------------------------------
--  DDL for Index ACT_IDX_HI_ACT_INST_EXEC
--------------------------------------------------------

  CREATE INDEX "VOTE"."ACT_IDX_HI_ACT_INST_EXEC" ON "VOTE"."ACT_HI_ACTINST" ("EXECUTION_ID_", "ACT_ID_") 
  PCTFREE 10 INITRANS 2 MAXTRANS 255 COMPUTE STATISTICS NOCOMPRESS LOGGING
  TABLESPACE "VOTE_USER" ;
--------------------------------------------------------
--  DDL for Index ACT_IDX_HI_ACT_INST_PROCINST
--------------------------------------------------------

  CREATE INDEX "VOTE"."ACT_IDX_HI_ACT_INST_PROCINST" ON "VOTE"."ACT_HI_ACTINST" ("PROC_INST_ID_", "ACT_ID_") 
  PCTFREE 10 INITRANS 2 MAXTRANS 255 COMPUTE STATISTICS NOCOMPRESS LOGGING
  TABLESPACE "VOTE_USER" ;
--------------------------------------------------------
--  DDL for Index ACT_IDX_HI_ACT_INST_START
--------------------------------------------------------

  CREATE INDEX "VOTE"."ACT_IDX_HI_ACT_INST_START" ON "VOTE"."ACT_HI_ACTINST" ("START_TIME_") 
  PCTFREE 10 INITRANS 2 MAXTRANS 255 COMPUTE STATISTICS NOCOMPRESS LOGGING
  TABLESPACE "VOTE_USER" ;
--------------------------------------------------------
--  DDL for Index SYS_C0012856
--------------------------------------------------------

  CREATE UNIQUE INDEX "VOTE"."SYS_C0012856" ON "VOTE"."ACT_HI_ACTINST" ("ID_") 
  PCTFREE 10 INITRANS 2 MAXTRANS 255 COMPUTE STATISTICS NOCOMPRESS LOGGING
  TABLESPACE "VOTE_USER" ;
--------------------------------------------------------
--  DDL for Index SYS_C0012859
--------------------------------------------------------

  CREATE UNIQUE INDEX "VOTE"."SYS_C0012859" ON "VOTE"."ACT_HI_ATTACHMENT" ("ID_") 
  PCTFREE 10 INITRANS 2 MAXTRANS 255 COMPUTE STATISTICS NOCOMPRESS LOGGING
  TABLESPACE "VOTE_USER" ;
--------------------------------------------------------
--  DDL for Index SYS_C0012864
--------------------------------------------------------

  CREATE UNIQUE INDEX "VOTE"."SYS_C0012864" ON "VOTE"."ACT_HI_COMMENT" ("ID_") 
  PCTFREE 10 INITRANS 2 MAXTRANS 255 COMPUTE STATISTICS NOCOMPRESS LOGGING
  TABLESPACE "VOTE_USER" ;
--------------------------------------------------------
--  DDL for Index ACT_IDX_HI_DETAIL_ACT_INST
--------------------------------------------------------

  CREATE INDEX "VOTE"."ACT_IDX_HI_DETAIL_ACT_INST" ON "VOTE"."ACT_HI_DETAIL" ("ACT_INST_ID_") 
  PCTFREE 10 INITRANS 2 MAXTRANS 255 COMPUTE STATISTICS NOCOMPRESS LOGGING
  TABLESPACE "VOTE_USER" ;
--------------------------------------------------------
--  DDL for Index ACT_IDX_HI_DETAIL_NAME
--------------------------------------------------------

  CREATE INDEX "VOTE"."ACT_IDX_HI_DETAIL_NAME" ON "VOTE"."ACT_HI_DETAIL" ("NAME_") 
  PCTFREE 10 INITRANS 2 MAXTRANS 255 COMPUTE STATISTICS NOCOMPRESS LOGGING
  TABLESPACE "VOTE_USER" ;
--------------------------------------------------------
--  DDL for Index ACT_IDX_HI_DETAIL_PROC_INST
--------------------------------------------------------

  CREATE INDEX "VOTE"."ACT_IDX_HI_DETAIL_PROC_INST" ON "VOTE"."ACT_HI_DETAIL" ("PROC_INST_ID_") 
  PCTFREE 10 INITRANS 2 MAXTRANS 255 COMPUTE STATISTICS NOCOMPRESS LOGGING
  TABLESPACE "VOTE_USER" ;
--------------------------------------------------------
--  DDL for Index ACT_IDX_HI_DETAIL_TASK_ID
--------------------------------------------------------

  CREATE INDEX "VOTE"."ACT_IDX_HI_DETAIL_TASK_ID" ON "VOTE"."ACT_HI_DETAIL" ("TASK_ID_") 
  PCTFREE 10 INITRANS 2 MAXTRANS 255 COMPUTE STATISTICS NOCOMPRESS LOGGING
  TABLESPACE "VOTE_USER" ;
--------------------------------------------------------
--  DDL for Index ACT_IDX_HI_DETAIL_TIME
--------------------------------------------------------

  CREATE INDEX "VOTE"."ACT_IDX_HI_DETAIL_TIME" ON "VOTE"."ACT_HI_DETAIL" ("TIME_") 
  PCTFREE 10 INITRANS 2 MAXTRANS 255 COMPUTE STATISTICS NOCOMPRESS LOGGING
  TABLESPACE "VOTE_USER" ;
--------------------------------------------------------
--  DDL for Index SYS_C0012873
--------------------------------------------------------

  CREATE UNIQUE INDEX "VOTE"."SYS_C0012873" ON "VOTE"."ACT_HI_DETAIL" ("ID_") 
  PCTFREE 10 INITRANS 2 MAXTRANS 255 COMPUTE STATISTICS NOCOMPRESS LOGGING
  TABLESPACE "VOTE_USER" ;
--------------------------------------------------------
--  DDL for Index ACT_IDX_HI_IDENT_LNK_PROCINST
--------------------------------------------------------

  CREATE INDEX "VOTE"."ACT_IDX_HI_IDENT_LNK_PROCINST" ON "VOTE"."ACT_HI_IDENTITYLINK" ("PROC_INST_ID_") 
  PCTFREE 10 INITRANS 2 MAXTRANS 255 COMPUTE STATISTICS NOCOMPRESS LOGGING
  TABLESPACE "VOTE_USER" ;
--------------------------------------------------------
--  DDL for Index ACT_IDX_HI_IDENT_LNK_TASK
--------------------------------------------------------

  CREATE INDEX "VOTE"."ACT_IDX_HI_IDENT_LNK_TASK" ON "VOTE"."ACT_HI_IDENTITYLINK" ("TASK_ID_") 
  PCTFREE 10 INITRANS 2 MAXTRANS 255 COMPUTE STATISTICS NOCOMPRESS LOGGING
  TABLESPACE "VOTE_USER" ;
--------------------------------------------------------
--  DDL for Index ACT_IDX_HI_IDENT_LNK_USER
--------------------------------------------------------

  CREATE INDEX "VOTE"."ACT_IDX_HI_IDENT_LNK_USER" ON "VOTE"."ACT_HI_IDENTITYLINK" ("USER_ID_") 
  PCTFREE 10 INITRANS 2 MAXTRANS 255 COMPUTE STATISTICS NOCOMPRESS LOGGING
  TABLESPACE "VOTE_USER" ;
--------------------------------------------------------
--  DDL for Index SYS_C0012875
--------------------------------------------------------

  CREATE UNIQUE INDEX "VOTE"."SYS_C0012875" ON "VOTE"."ACT_HI_IDENTITYLINK" ("ID_") 
  PCTFREE 10 INITRANS 2 MAXTRANS 255 COMPUTE STATISTICS NOCOMPRESS LOGGING
  TABLESPACE "VOTE_USER" ;
--------------------------------------------------------
--  DDL for Index ACT_IDX_HI_PRO_INST_END
--------------------------------------------------------

  CREATE INDEX "VOTE"."ACT_IDX_HI_PRO_INST_END" ON "VOTE"."ACT_HI_PROCINST" ("END_TIME_") 
  PCTFREE 10 INITRANS 2 MAXTRANS 255 COMPUTE STATISTICS NOCOMPRESS LOGGING
  TABLESPACE "VOTE_USER" ;
--------------------------------------------------------
--  DDL for Index ACT_IDX_HI_PRO_I_BUSKEY
--------------------------------------------------------

  CREATE INDEX "VOTE"."ACT_IDX_HI_PRO_I_BUSKEY" ON "VOTE"."ACT_HI_PROCINST" ("BUSINESS_KEY_") 
  PCTFREE 10 INITRANS 2 MAXTRANS 255 COMPUTE STATISTICS NOCOMPRESS LOGGING
  TABLESPACE "VOTE_USER" ;
--------------------------------------------------------
--  DDL for Index SYS_C0012876
--------------------------------------------------------

  CREATE UNIQUE INDEX "VOTE"."SYS_C0012876" ON "VOTE"."ACT_HI_PROCINST" ("PROC_INST_ID_") 
  PCTFREE 10 INITRANS 2 MAXTRANS 255 COMPUTE STATISTICS NOCOMPRESS LOGGING
  TABLESPACE "VOTE_USER" ;
--------------------------------------------------------
--  DDL for Index SYS_C0012885
--------------------------------------------------------

  CREATE UNIQUE INDEX "VOTE"."SYS_C0012885" ON "VOTE"."ACT_HI_PROCINST" ("ID_") 
  PCTFREE 10 INITRANS 2 MAXTRANS 255 COMPUTE STATISTICS NOCOMPRESS LOGGING
  TABLESPACE "VOTE_USER" ;
--------------------------------------------------------
--  DDL for Index ACT_IDX_HI_TASK_INST_PROCINST
--------------------------------------------------------

  CREATE INDEX "VOTE"."ACT_IDX_HI_TASK_INST_PROCINST" ON "VOTE"."ACT_HI_TASKINST" ("PROC_INST_ID_") 
  PCTFREE 10 INITRANS 2 MAXTRANS 255 COMPUTE STATISTICS NOCOMPRESS LOGGING
  TABLESPACE "VOTE_USER" ;
--------------------------------------------------------
--  DDL for Index SYS_C0012890
--------------------------------------------------------

  CREATE UNIQUE INDEX "VOTE"."SYS_C0012890" ON "VOTE"."ACT_HI_TASKINST" ("ID_") 
  PCTFREE 10 INITRANS 2 MAXTRANS 255 COMPUTE STATISTICS NOCOMPRESS LOGGING
  TABLESPACE "VOTE_USER" ;
--------------------------------------------------------
--  DDL for Index ACT_IDX_HI_PROCVAR_NAME_TYPE
--------------------------------------------------------

  CREATE INDEX "VOTE"."ACT_IDX_HI_PROCVAR_NAME_TYPE" ON "VOTE"."ACT_HI_VARINST" ("NAME_", "VAR_TYPE_") 
  PCTFREE 10 INITRANS 2 MAXTRANS 255 COMPUTE STATISTICS NOCOMPRESS LOGGING
  TABLESPACE "VOTE_USER" ;
--------------------------------------------------------
--  DDL for Index ACT_IDX_HI_PROCVAR_PROC_INST
--------------------------------------------------------

  CREATE INDEX "VOTE"."ACT_IDX_HI_PROCVAR_PROC_INST" ON "VOTE"."ACT_HI_VARINST" ("PROC_INST_ID_") 
  PCTFREE 10 INITRANS 2 MAXTRANS 255 COMPUTE STATISTICS NOCOMPRESS LOGGING
  TABLESPACE "VOTE_USER" ;
--------------------------------------------------------
--  DDL for Index ACT_IDX_HI_PROCVAR_TASK_ID
--------------------------------------------------------

  CREATE INDEX "VOTE"."ACT_IDX_HI_PROCVAR_TASK_ID" ON "VOTE"."ACT_HI_VARINST" ("TASK_ID_") 
  PCTFREE 10 INITRANS 2 MAXTRANS 255 COMPUTE STATISTICS NOCOMPRESS LOGGING
  TABLESPACE "VOTE_USER" ;
--------------------------------------------------------
--  DDL for Index SYS_C0012895
--------------------------------------------------------

  CREATE UNIQUE INDEX "VOTE"."SYS_C0012895" ON "VOTE"."ACT_HI_VARINST" ("ID_") 
  PCTFREE 10 INITRANS 2 MAXTRANS 255 COMPUTE STATISTICS NOCOMPRESS LOGGING
  TABLESPACE "VOTE_USER" ;
--------------------------------------------------------
--  DDL for Index SYS_C0011256
--------------------------------------------------------

  CREATE UNIQUE INDEX "VOTE"."SYS_C0011256" ON "VOTE"."ACT_ID_GROUP" ("ID_") 
  PCTFREE 10 INITRANS 2 MAXTRANS 255 COMPUTE STATISTICS NOCOMPRESS LOGGING
  TABLESPACE "VOTE_USER" ;
--------------------------------------------------------
--  DDL for Index SYS_C0012897
--------------------------------------------------------

  CREATE UNIQUE INDEX "VOTE"."SYS_C0012897" ON "VOTE"."ACT_ID_INFO" ("ID_") 
  PCTFREE 10 INITRANS 2 MAXTRANS 255 COMPUTE STATISTICS NOCOMPRESS LOGGING
  TABLESPACE "VOTE_USER" ;
--------------------------------------------------------
--  DDL for Index ACT_IDX_MEMB_GROUP
--------------------------------------------------------

  CREATE INDEX "VOTE"."ACT_IDX_MEMB_GROUP" ON "VOTE"."ACT_ID_MEMBERSHIP" ("GROUP_ID_") 
  PCTFREE 10 INITRANS 2 MAXTRANS 255 COMPUTE STATISTICS NOCOMPRESS LOGGING
  TABLESPACE "VOTE_USER" ;
--------------------------------------------------------
--  DDL for Index ACT_IDX_MEMB_USER
--------------------------------------------------------

  CREATE INDEX "VOTE"."ACT_IDX_MEMB_USER" ON "VOTE"."ACT_ID_MEMBERSHIP" ("USER_ID_") 
  PCTFREE 10 INITRANS 2 MAXTRANS 255 COMPUTE STATISTICS NOCOMPRESS LOGGING
  TABLESPACE "VOTE_USER" ;
--------------------------------------------------------
--  DDL for Index SYS_C0012900
--------------------------------------------------------

  CREATE UNIQUE INDEX "VOTE"."SYS_C0012900" ON "VOTE"."ACT_ID_MEMBERSHIP" ("USER_ID_", "GROUP_ID_") 
  PCTFREE 10 INITRANS 2 MAXTRANS 255 COMPUTE STATISTICS NOCOMPRESS LOGGING
  TABLESPACE "VOTE_USER" ;
--------------------------------------------------------
--  DDL for Index SYS_C0012902
--------------------------------------------------------

  CREATE UNIQUE INDEX "VOTE"."SYS_C0012902" ON "VOTE"."ACT_ID_USER" ("ID_") 
  PCTFREE 10 INITRANS 2 MAXTRANS 255 COMPUTE STATISTICS NOCOMPRESS LOGGING
  TABLESPACE "VOTE_USER" ;
--------------------------------------------------------
--  DDL for Index ACT_IDX_PROCDEF_INFO_JSON
--------------------------------------------------------

  CREATE INDEX "VOTE"."ACT_IDX_PROCDEF_INFO_JSON" ON "VOTE"."ACT_PROCDEF_INFO" ("INFO_JSON_ID_") 
  PCTFREE 10 INITRANS 2 MAXTRANS 255 COMPUTE STATISTICS NOCOMPRESS LOGGING
  TABLESPACE "VOTE_USER" ;
--------------------------------------------------------
--  DDL for Index ACT_IDX_PROCDEF_INFO_PROC
--------------------------------------------------------

  CREATE INDEX "VOTE"."ACT_IDX_PROCDEF_INFO_PROC" ON "VOTE"."ACT_PROCDEF_INFO" ("PROC_DEF_ID_") 
  PCTFREE 10 INITRANS 2 MAXTRANS 255 COMPUTE STATISTICS NOCOMPRESS LOGGING
  TABLESPACE "VOTE_USER" ;
--------------------------------------------------------
--  DDL for Index SYS_C0012908
--------------------------------------------------------

  CREATE UNIQUE INDEX "VOTE"."SYS_C0012908" ON "VOTE"."ACT_PROCDEF_INFO" ("ID_") 
  PCTFREE 10 INITRANS 2 MAXTRANS 255 COMPUTE STATISTICS NOCOMPRESS LOGGING
  TABLESPACE "VOTE_USER" ;
--------------------------------------------------------
--  DDL for Index SYS_C0011264
--------------------------------------------------------

  CREATE UNIQUE INDEX "VOTE"."SYS_C0011264" ON "VOTE"."ACT_RE_DEPLOYMENT" ("ID_") 
  PCTFREE 10 INITRANS 2 MAXTRANS 255 COMPUTE STATISTICS NOCOMPRESS LOGGING
  TABLESPACE "VOTE_USER" ;
--------------------------------------------------------
--  DDL for Index ACT_IDX_MODEL_DEPLOYMENT
--------------------------------------------------------

  CREATE INDEX "VOTE"."ACT_IDX_MODEL_DEPLOYMENT" ON "VOTE"."ACT_RE_MODEL" ("DEPLOYMENT_ID_") 
  PCTFREE 10 INITRANS 2 MAXTRANS 255 COMPUTE STATISTICS NOCOMPRESS LOGGING
  TABLESPACE "VOTE_USER" ;
--------------------------------------------------------
--  DDL for Index ACT_IDX_MODEL_SOURCE
--------------------------------------------------------

  CREATE INDEX "VOTE"."ACT_IDX_MODEL_SOURCE" ON "VOTE"."ACT_RE_MODEL" ("EDITOR_SOURCE_VALUE_ID_") 
  PCTFREE 10 INITRANS 2 MAXTRANS 255 COMPUTE STATISTICS NOCOMPRESS LOGGING
  TABLESPACE "VOTE_USER" ;
--------------------------------------------------------
--  DDL for Index ACT_IDX_MODEL_SOURCE_EXTRA
--------------------------------------------------------

  CREATE INDEX "VOTE"."ACT_IDX_MODEL_SOURCE_EXTRA" ON "VOTE"."ACT_RE_MODEL" ("EDITOR_SOURCE_EXTRA_VALUE_ID_") 
  PCTFREE 10 INITRANS 2 MAXTRANS 255 COMPUTE STATISTICS NOCOMPRESS LOGGING
  TABLESPACE "VOTE_USER" ;
--------------------------------------------------------
--  DDL for Index SYS_C0012911
--------------------------------------------------------

  CREATE UNIQUE INDEX "VOTE"."SYS_C0012911" ON "VOTE"."ACT_RE_MODEL" ("ID_") 
  PCTFREE 10 INITRANS 2 MAXTRANS 255 COMPUTE STATISTICS NOCOMPRESS LOGGING
  TABLESPACE "VOTE_USER" ;
--------------------------------------------------------
--  DDL for Index SYS_C0011267
--------------------------------------------------------

  CREATE UNIQUE INDEX "VOTE"."SYS_C0011267" ON "VOTE"."ACT_RE_PROCDEF" ("KEY_", "VERSION_", "TENANT_ID_") 
  PCTFREE 10 INITRANS 2 MAXTRANS 255 COMPUTE STATISTICS NOCOMPRESS LOGGING
  TABLESPACE "VOTE_USER" ;
--------------------------------------------------------
--  DDL for Index SYS_C0011273
--------------------------------------------------------

  CREATE UNIQUE INDEX "VOTE"."SYS_C0011273" ON "VOTE"."ACT_RE_PROCDEF" ("ID_") 
  PCTFREE 10 INITRANS 2 MAXTRANS 255 COMPUTE STATISTICS NOCOMPRESS LOGGING
  TABLESPACE "VOTE_USER" ;
--------------------------------------------------------
--  DDL for Index ACT_IDX_EVENT_SUBSCR
--------------------------------------------------------

  CREATE INDEX "VOTE"."ACT_IDX_EVENT_SUBSCR" ON "VOTE"."ACT_RU_EVENT_SUBSCR" ("EXECUTION_ID_") 
  PCTFREE 10 INITRANS 2 MAXTRANS 255 COMPUTE STATISTICS NOCOMPRESS LOGGING
  TABLESPACE "VOTE_USER" ;
--------------------------------------------------------
--  DDL for Index ACT_IDX_EVENT_SUBSCR_CONFIG_
--------------------------------------------------------

  CREATE INDEX "VOTE"."ACT_IDX_EVENT_SUBSCR_CONFIG_" ON "VOTE"."ACT_RU_EVENT_SUBSCR" ("CONFIGURATION_") 
  PCTFREE 10 INITRANS 2 MAXTRANS 255 COMPUTE STATISTICS NOCOMPRESS LOGGING
  TABLESPACE "VOTE_USER" ;
--------------------------------------------------------
--  DDL for Index SYS_C0012928
--------------------------------------------------------

  CREATE UNIQUE INDEX "VOTE"."SYS_C0012928" ON "VOTE"."ACT_RU_EVENT_SUBSCR" ("ID_") 
  PCTFREE 10 INITRANS 2 MAXTRANS 255 COMPUTE STATISTICS NOCOMPRESS LOGGING
  TABLESPACE "VOTE_USER" ;
--------------------------------------------------------
--  DDL for Index ACT_IDX_EXEC_BUSKEY
--------------------------------------------------------

  CREATE INDEX "VOTE"."ACT_IDX_EXEC_BUSKEY" ON "VOTE"."ACT_RU_EXECUTION" ("BUSINESS_KEY_") 
  PCTFREE 10 INITRANS 2 MAXTRANS 255 COMPUTE STATISTICS NOCOMPRESS LOGGING
  TABLESPACE "VOTE_USER" ;
--------------------------------------------------------
--  DDL for Index ACT_IDX_EXE_PARENT
--------------------------------------------------------

  CREATE INDEX "VOTE"."ACT_IDX_EXE_PARENT" ON "VOTE"."ACT_RU_EXECUTION" ("PARENT_ID_") 
  PCTFREE 10 INITRANS 2 MAXTRANS 255 COMPUTE STATISTICS NOCOMPRESS LOGGING
  TABLESPACE "VOTE_USER" ;
--------------------------------------------------------
--  DDL for Index ACT_IDX_EXE_PROCDEF
--------------------------------------------------------

  CREATE INDEX "VOTE"."ACT_IDX_EXE_PROCDEF" ON "VOTE"."ACT_RU_EXECUTION" ("PROC_DEF_ID_") 
  PCTFREE 10 INITRANS 2 MAXTRANS 255 COMPUTE STATISTICS NOCOMPRESS LOGGING
  TABLESPACE "VOTE_USER" ;
--------------------------------------------------------
--  DDL for Index ACT_IDX_EXE_PROCINST
--------------------------------------------------------

  CREATE INDEX "VOTE"."ACT_IDX_EXE_PROCINST" ON "VOTE"."ACT_RU_EXECUTION" ("PROC_INST_ID_") 
  PCTFREE 10 INITRANS 2 MAXTRANS 255 COMPUTE STATISTICS NOCOMPRESS LOGGING
  TABLESPACE "VOTE_USER" ;
--------------------------------------------------------
--  DDL for Index ACT_IDX_EXE_SUPER
--------------------------------------------------------

  CREATE INDEX "VOTE"."ACT_IDX_EXE_SUPER" ON "VOTE"."ACT_RU_EXECUTION" ("SUPER_EXEC_") 
  PCTFREE 10 INITRANS 2 MAXTRANS 255 COMPUTE STATISTICS NOCOMPRESS LOGGING
  TABLESPACE "VOTE_USER" ;
--------------------------------------------------------
--  DDL for Index SYS_C0011282
--------------------------------------------------------

  CREATE UNIQUE INDEX "VOTE"."SYS_C0011282" ON "VOTE"."ACT_RU_EXECUTION" ("ID_") 
  PCTFREE 10 INITRANS 2 MAXTRANS 255 COMPUTE STATISTICS NOCOMPRESS LOGGING
  TABLESPACE "VOTE_USER" ;
--------------------------------------------------------
--  DDL for Index ACT_IDX_ATHRZ_PROCEDEF
--------------------------------------------------------

  CREATE INDEX "VOTE"."ACT_IDX_ATHRZ_PROCEDEF" ON "VOTE"."ACT_RU_IDENTITYLINK" ("PROC_DEF_ID_") 
  PCTFREE 10 INITRANS 2 MAXTRANS 255 COMPUTE STATISTICS NOCOMPRESS LOGGING
  TABLESPACE "VOTE_USER" ;
--------------------------------------------------------
--  DDL for Index ACT_IDX_IDENT_LNK_GROUP
--------------------------------------------------------

  CREATE INDEX "VOTE"."ACT_IDX_IDENT_LNK_GROUP" ON "VOTE"."ACT_RU_IDENTITYLINK" ("GROUP_ID_") 
  PCTFREE 10 INITRANS 2 MAXTRANS 255 COMPUTE STATISTICS NOCOMPRESS LOGGING
  TABLESPACE "VOTE_USER" ;
--------------------------------------------------------
--  DDL for Index ACT_IDX_IDENT_LNK_USER
--------------------------------------------------------

  CREATE INDEX "VOTE"."ACT_IDX_IDENT_LNK_USER" ON "VOTE"."ACT_RU_IDENTITYLINK" ("USER_ID_") 
  PCTFREE 10 INITRANS 2 MAXTRANS 255 COMPUTE STATISTICS NOCOMPRESS LOGGING
  TABLESPACE "VOTE_USER" ;
--------------------------------------------------------
--  DDL for Index ACT_IDX_IDL_PROCINST
--------------------------------------------------------

  CREATE INDEX "VOTE"."ACT_IDX_IDL_PROCINST" ON "VOTE"."ACT_RU_IDENTITYLINK" ("PROC_INST_ID_") 
  PCTFREE 10 INITRANS 2 MAXTRANS 255 COMPUTE STATISTICS NOCOMPRESS LOGGING
  TABLESPACE "VOTE_USER" ;
--------------------------------------------------------
--  DDL for Index ACT_IDX_TSKASS_TASK
--------------------------------------------------------

  CREATE INDEX "VOTE"."ACT_IDX_TSKASS_TASK" ON "VOTE"."ACT_RU_IDENTITYLINK" ("TASK_ID_") 
  PCTFREE 10 INITRANS 2 MAXTRANS 255 COMPUTE STATISTICS NOCOMPRESS LOGGING
  TABLESPACE "VOTE_USER" ;
--------------------------------------------------------
--  DDL for Index SYS_C0012938
--------------------------------------------------------

  CREATE UNIQUE INDEX "VOTE"."SYS_C0012938" ON "VOTE"."ACT_RU_IDENTITYLINK" ("ID_") 
  PCTFREE 10 INITRANS 2 MAXTRANS 255 COMPUTE STATISTICS NOCOMPRESS LOGGING
  TABLESPACE "VOTE_USER" ;
--------------------------------------------------------
--  DDL for Index ACT_IDX_JOB_EXCEPTION
--------------------------------------------------------

  CREATE INDEX "VOTE"."ACT_IDX_JOB_EXCEPTION" ON "VOTE"."ACT_RU_JOB" ("EXCEPTION_STACK_ID_") 
  PCTFREE 10 INITRANS 2 MAXTRANS 255 COMPUTE STATISTICS NOCOMPRESS LOGGING
  TABLESPACE "VOTE_USER" ;
--------------------------------------------------------
--  DDL for Index SYS_C0012944
--------------------------------------------------------

  CREATE UNIQUE INDEX "VOTE"."SYS_C0012944" ON "VOTE"."ACT_RU_JOB" ("ID_") 
  PCTFREE 10 INITRANS 2 MAXTRANS 255 COMPUTE STATISTICS NOCOMPRESS LOGGING
  TABLESPACE "VOTE_USER" ;
--------------------------------------------------------
--  DDL for Index ACT_IDX_TASK_CREATE
--------------------------------------------------------

  CREATE INDEX "VOTE"."ACT_IDX_TASK_CREATE" ON "VOTE"."ACT_RU_TASK" ("CREATE_TIME_") 
  PCTFREE 10 INITRANS 2 MAXTRANS 255 COMPUTE STATISTICS NOCOMPRESS LOGGING
  TABLESPACE "VOTE_USER" ;
--------------------------------------------------------
--  DDL for Index ACT_IDX_TASK_EXEC
--------------------------------------------------------

  CREATE INDEX "VOTE"."ACT_IDX_TASK_EXEC" ON "VOTE"."ACT_RU_TASK" ("EXECUTION_ID_") 
  PCTFREE 10 INITRANS 2 MAXTRANS 255 COMPUTE STATISTICS NOCOMPRESS LOGGING
  TABLESPACE "VOTE_USER" ;
--------------------------------------------------------
--  DDL for Index ACT_IDX_TASK_PROCDEF
--------------------------------------------------------

  CREATE INDEX "VOTE"."ACT_IDX_TASK_PROCDEF" ON "VOTE"."ACT_RU_TASK" ("PROC_DEF_ID_") 
  PCTFREE 10 INITRANS 2 MAXTRANS 255 COMPUTE STATISTICS NOCOMPRESS LOGGING
  TABLESPACE "VOTE_USER" ;
--------------------------------------------------------
--  DDL for Index ACT_IDX_TASK_PROCINST
--------------------------------------------------------

  CREATE INDEX "VOTE"."ACT_IDX_TASK_PROCINST" ON "VOTE"."ACT_RU_TASK" ("PROC_INST_ID_") 
  PCTFREE 10 INITRANS 2 MAXTRANS 255 COMPUTE STATISTICS NOCOMPRESS LOGGING
  TABLESPACE "VOTE_USER" ;
--------------------------------------------------------
--  DDL for Index SYS_C0012946
--------------------------------------------------------

  CREATE UNIQUE INDEX "VOTE"."SYS_C0012946" ON "VOTE"."ACT_RU_TASK" ("ID_") 
  PCTFREE 10 INITRANS 2 MAXTRANS 255 COMPUTE STATISTICS NOCOMPRESS LOGGING
  TABLESPACE "VOTE_USER" ;
--------------------------------------------------------
--  DDL for Index ACT_IDX_VAR_BYTEARRAY
--------------------------------------------------------

  CREATE INDEX "VOTE"."ACT_IDX_VAR_BYTEARRAY" ON "VOTE"."ACT_RU_VARIABLE" ("BYTEARRAY_ID_") 
  PCTFREE 10 INITRANS 2 MAXTRANS 255 COMPUTE STATISTICS NOCOMPRESS LOGGING
  TABLESPACE "VOTE_USER" ;
--------------------------------------------------------
--  DDL for Index ACT_IDX_VAR_EXE
--------------------------------------------------------

  CREATE INDEX "VOTE"."ACT_IDX_VAR_EXE" ON "VOTE"."ACT_RU_VARIABLE" ("EXECUTION_ID_") 
  PCTFREE 10 INITRANS 2 MAXTRANS 255 COMPUTE STATISTICS NOCOMPRESS LOGGING
  TABLESPACE "VOTE_USER" ;
--------------------------------------------------------
--  DDL for Index ACT_IDX_VAR_PROCINST
--------------------------------------------------------

  CREATE INDEX "VOTE"."ACT_IDX_VAR_PROCINST" ON "VOTE"."ACT_RU_VARIABLE" ("PROC_INST_ID_") 
  PCTFREE 10 INITRANS 2 MAXTRANS 255 COMPUTE STATISTICS NOCOMPRESS LOGGING
  TABLESPACE "VOTE_USER" ;
--------------------------------------------------------
--  DDL for Index SYS_C0012953
--------------------------------------------------------

  CREATE UNIQUE INDEX "VOTE"."SYS_C0012953" ON "VOTE"."ACT_RU_VARIABLE" ("ID_") 
  PCTFREE 10 INITRANS 2 MAXTRANS 255 COMPUTE STATISTICS NOCOMPRESS LOGGING
  TABLESPACE "VOTE_USER" ;
--------------------------------------------------------
--  DDL for Index ACT_IDX_VARIABLE_TASK_ID
--------------------------------------------------------

  CREATE INDEX "VOTE"."ACT_IDX_VARIABLE_TASK_ID" ON "VOTE"."ACT_RU_VARIABLE" ("TASK_ID_") 
  PCTFREE 10 INITRANS 2 MAXTRANS 255 COMPUTE STATISTICS NOCOMPRESS LOGGING
  TABLESPACE "VOTE_USER" ;
--------------------------------------------------------
--  DDL for Index SYS_C0012956
--------------------------------------------------------

  CREATE UNIQUE INDEX "VOTE"."SYS_C0012956" ON "VOTE"."APPLICATION" ("APP_ID") 
  PCTFREE 10 INITRANS 2 MAXTRANS 255 COMPUTE STATISTICS NOCOMPRESS LOGGING
  TABLESPACE "VOTE_USER" ;
--------------------------------------------------------
--  DDL for Index SYS_C0012961
--------------------------------------------------------

  CREATE UNIQUE INDEX "VOTE"."SYS_C0012961" ON "VOTE"."APPLICATION_IEDA" ("IDEA_ID") 
  PCTFREE 10 INITRANS 2 MAXTRANS 255 COMPUTE STATISTICS NOCOMPRESS LOGGING
  TABLESPACE "VOTE_USER" ;
--------------------------------------------------------
--  DDL for Index SYS_C0012964
--------------------------------------------------------

  CREATE UNIQUE INDEX "VOTE"."SYS_C0012964" ON "VOTE"."BASE_ORG_REL" ("REL_ID") 
  PCTFREE 10 INITRANS 2 MAXTRANS 255 COMPUTE STATISTICS NOCOMPRESS LOGGING
  TABLESPACE "VOTE_USER" ;
--------------------------------------------------------
--  DDL for Index SYS_C0012972
--------------------------------------------------------

  CREATE UNIQUE INDEX "VOTE"."SYS_C0012972" ON "VOTE"."BTN_ROLE" ("BTN_ID", "ROLE_ID") 
  PCTFREE 10 INITRANS 2 MAXTRANS 255 COMPUTE STATISTICS 
  STORAGE(INITIAL 65536 NEXT 1048576 MINEXTENTS 1 MAXEXTENTS 2147483645
  PCTINCREASE 0 FREELISTS 1 FREELIST GROUPS 1 BUFFER_POOL DEFAULT FLASH_CACHE DEFAULT CELL_FLASH_CACHE DEFAULT)
  TABLESPACE "VOTE_USER" ;
--------------------------------------------------------
--  DDL for Index SYS_C0012977
--------------------------------------------------------

  CREATE UNIQUE INDEX "VOTE"."SYS_C0012977" ON "VOTE"."BTN_USR" ("BTN_ID", "USR_ID") 
  PCTFREE 10 INITRANS 2 MAXTRANS 255 COMPUTE STATISTICS NOCOMPRESS LOGGING
  TABLESPACE "VOTE_USER" ;
--------------------------------------------------------
--  DDL for Index SYS_C0012984
--------------------------------------------------------

  CREATE UNIQUE INDEX "VOTE"."SYS_C0012984" ON "VOTE"."CODE_DATA" ("CODE_NO", "CODE_KEY") 
  PCTFREE 10 INITRANS 2 MAXTRANS 255 COMPUTE STATISTICS 
  STORAGE(INITIAL 65536 NEXT 1048576 MINEXTENTS 1 MAXEXTENTS 2147483645
  PCTINCREASE 0 FREELISTS 1 FREELIST GROUPS 1 BUFFER_POOL DEFAULT FLASH_CACHE DEFAULT CELL_FLASH_CACHE DEFAULT)
  TABLESPACE "VOTE_USER" ;
--------------------------------------------------------
--  DDL for Index SYS_C0013296
--------------------------------------------------------

  CREATE UNIQUE INDEX "VOTE"."SYS_C0013296" ON "VOTE"."COST_INFO" ("COST_ID") 
  PCTFREE 10 INITRANS 2 MAXTRANS 255 
  STORAGE(INITIAL 65536 NEXT 1048576 MINEXTENTS 1 MAXEXTENTS 2147483645
  PCTINCREASE 0 FREELISTS 1 FREELIST GROUPS 1 BUFFER_POOL DEFAULT FLASH_CACHE DEFAULT CELL_FLASH_CACHE DEFAULT)
  TABLESPACE "VOTE_USER" ;
--------------------------------------------------------
--  DDL for Index SYS_C0012988
--------------------------------------------------------

  CREATE UNIQUE INDEX "VOTE"."SYS_C0012988" ON "VOTE"."EXCEL_CELL" ("EXCEL_CELL_ID") 
  PCTFREE 10 INITRANS 2 MAXTRANS 255 COMPUTE STATISTICS 
  STORAGE(INITIAL 65536 NEXT 1048576 MINEXTENTS 1 MAXEXTENTS 2147483645
  PCTINCREASE 0 FREELISTS 1 FREELIST GROUPS 1 BUFFER_POOL DEFAULT FLASH_CACHE DEFAULT CELL_FLASH_CACHE DEFAULT)
  TABLESPACE "VOTE_USER" ;
--------------------------------------------------------
--  DDL for Index SYS_C0012992
--------------------------------------------------------

  CREATE UNIQUE INDEX "VOTE"."SYS_C0012992" ON "VOTE"."EXCEL_FILE" ("EXCEL_FILE_ID") 
  PCTFREE 10 INITRANS 2 MAXTRANS 255 COMPUTE STATISTICS 
  STORAGE(INITIAL 65536 NEXT 1048576 MINEXTENTS 1 MAXEXTENTS 2147483645
  PCTINCREASE 0 FREELISTS 1 FREELIST GROUPS 1 BUFFER_POOL DEFAULT FLASH_CACHE DEFAULT CELL_FLASH_CACHE DEFAULT)
  TABLESPACE "VOTE_USER" ;
--------------------------------------------------------
--  DDL for Index SYS_C0012996
--------------------------------------------------------

  CREATE UNIQUE INDEX "VOTE"."SYS_C0012996" ON "VOTE"."EXCEL_SHEET" ("EXCEL_SHEET_ID") 
  PCTFREE 10 INITRANS 2 MAXTRANS 255 COMPUTE STATISTICS 
  STORAGE(INITIAL 65536 NEXT 1048576 MINEXTENTS 1 MAXEXTENTS 2147483645
  PCTINCREASE 0 FREELISTS 1 FREELIST GROUPS 1 BUFFER_POOL DEFAULT FLASH_CACHE DEFAULT CELL_FLASH_CACHE DEFAULT)
  TABLESPACE "VOTE_USER" ;
--------------------------------------------------------
--  DDL for Index SYS_C0013003
--------------------------------------------------------

  CREATE UNIQUE INDEX "VOTE"."SYS_C0013003" ON "VOTE"."FILE_TYPE_CFG" ("ID") 
  PCTFREE 10 INITRANS 2 MAXTRANS 255 COMPUTE STATISTICS NOCOMPRESS LOGGING
  TABLESPACE "VOTE_USER" ;
--------------------------------------------------------
--  DDL for Index SYS_C0013006
--------------------------------------------------------

  CREATE UNIQUE INDEX "VOTE"."SYS_C0013006" ON "VOTE"."FILE_UPLOAD" ("FILE_ID") 
  PCTFREE 10 INITRANS 2 MAXTRANS 255 COMPUTE STATISTICS NOCOMPRESS LOGGING
  TABLESPACE "VOTE_USER" ;
--------------------------------------------------------
--  DDL for Index SYS_C0013009
--------------------------------------------------------

  CREATE UNIQUE INDEX "VOTE"."SYS_C0013009" ON "VOTE"."MENU_INFO" ("MENU_ID") 
  PCTFREE 10 INITRANS 2 MAXTRANS 255 COMPUTE STATISTICS 
  STORAGE(INITIAL 65536 NEXT 1048576 MINEXTENTS 1 MAXEXTENTS 2147483645
  PCTINCREASE 0 FREELISTS 1 FREELIST GROUPS 1 BUFFER_POOL DEFAULT FLASH_CACHE DEFAULT CELL_FLASH_CACHE DEFAULT)
  TABLESPACE "VOTE_USER" ;
--------------------------------------------------------
--  DDL for Index SYS_C0013018
--------------------------------------------------------

  CREATE UNIQUE INDEX "VOTE"."SYS_C0013018" ON "VOTE"."ORG_INFO" ("ORG_NO") 
  PCTFREE 10 INITRANS 2 MAXTRANS 255 COMPUTE STATISTICS 
  STORAGE(INITIAL 65536 NEXT 1048576 MINEXTENTS 1 MAXEXTENTS 2147483645
  PCTINCREASE 0 FREELISTS 1 FREELIST GROUPS 1 BUFFER_POOL DEFAULT FLASH_CACHE DEFAULT CELL_FLASH_CACHE DEFAULT)
  TABLESPACE "VOTE_USER" ;
--------------------------------------------------------
--  DDL for Index SYS_C0013021
--------------------------------------------------------

  CREATE UNIQUE INDEX "VOTE"."SYS_C0013021" ON "VOTE"."PARAMS_INFO" ("PARAMS_NO") 
  PCTFREE 10 INITRANS 2 MAXTRANS 255 COMPUTE STATISTICS 
  STORAGE(INITIAL 65536 NEXT 1048576 MINEXTENTS 1 MAXEXTENTS 2147483645
  PCTINCREASE 0 FREELISTS 1 FREELIST GROUPS 1 BUFFER_POOL DEFAULT FLASH_CACHE DEFAULT CELL_FLASH_CACHE DEFAULT)
  TABLESPACE "VOTE_USER" ;
--------------------------------------------------------
--  DDL for Index SYS_C0012760
--------------------------------------------------------

  CREATE UNIQUE INDEX "VOTE"."SYS_C0012760" ON "VOTE"."PM_COMPANY_INFO" ("COMPANY_CODE") 
  PCTFREE 10 INITRANS 2 MAXTRANS 255 COMPUTE STATISTICS 
  STORAGE(INITIAL 65536 NEXT 1048576 MINEXTENTS 1 MAXEXTENTS 2147483645
  PCTINCREASE 0 FREELISTS 1 FREELIST GROUPS 1 BUFFER_POOL DEFAULT FLASH_CACHE DEFAULT CELL_FLASH_CACHE DEFAULT)
  TABLESPACE "VOTE_USER" ;
--------------------------------------------------------
--  DDL for Index SYS_C0012762
--------------------------------------------------------

  CREATE UNIQUE INDEX "VOTE"."SYS_C0012762" ON "VOTE"."PM_CONFIRM_BID" ("BID_ID") 
  PCTFREE 10 INITRANS 2 MAXTRANS 255 COMPUTE STATISTICS 
  STORAGE(INITIAL 65536 NEXT 1048576 MINEXTENTS 1 MAXEXTENTS 2147483645
  PCTINCREASE 0 FREELISTS 1 FREELIST GROUPS 1 BUFFER_POOL DEFAULT FLASH_CACHE DEFAULT CELL_FLASH_CACHE DEFAULT)
  TABLESPACE "VOTE_USER" ;
--------------------------------------------------------
--  DDL for Index SYS_C0012764
--------------------------------------------------------

  CREATE UNIQUE INDEX "VOTE"."SYS_C0012764" ON "VOTE"."PM_CUSTOMER_GROUP" ("CUST_GROUP_ID") 
  PCTFREE 10 INITRANS 2 MAXTRANS 255 COMPUTE STATISTICS 
  STORAGE(INITIAL 65536 NEXT 1048576 MINEXTENTS 1 MAXEXTENTS 2147483645
  PCTINCREASE 0 FREELISTS 1 FREELIST GROUPS 1 BUFFER_POOL DEFAULT FLASH_CACHE DEFAULT CELL_FLASH_CACHE DEFAULT)
  TABLESPACE "VOTE_USER" ;
--------------------------------------------------------
--  DDL for Index SYS_C0012766
--------------------------------------------------------

  CREATE UNIQUE INDEX "VOTE"."SYS_C0012766" ON "VOTE"."PM_CUSTOMER_GROUP_RELATION" ("CUST_GROUP_RELATION_ID") 
  PCTFREE 10 INITRANS 2 MAXTRANS 255 COMPUTE STATISTICS 
  STORAGE(INITIAL 65536 NEXT 1048576 MINEXTENTS 1 MAXEXTENTS 2147483645
  PCTINCREASE 0 FREELISTS 1 FREELIST GROUPS 1 BUFFER_POOL DEFAULT FLASH_CACHE DEFAULT CELL_FLASH_CACHE DEFAULT)
  TABLESPACE "VOTE_USER" ;
--------------------------------------------------------
--  DDL for Index SYS_C0012768
--------------------------------------------------------

  CREATE UNIQUE INDEX "VOTE"."SYS_C0012768" ON "VOTE"."PM_CUSTOMER_INFO" ("CUST_ID") 
  PCTFREE 10 INITRANS 2 MAXTRANS 255 COMPUTE STATISTICS 
  STORAGE(INITIAL 65536 NEXT 1048576 MINEXTENTS 1 MAXEXTENTS 2147483645
  PCTINCREASE 0 FREELISTS 1 FREELIST GROUPS 1 BUFFER_POOL DEFAULT FLASH_CACHE DEFAULT CELL_FLASH_CACHE DEFAULT)
  TABLESPACE "VOTE_USER" ;
--------------------------------------------------------
--  DDL for Index SYS_C0012770
--------------------------------------------------------

  CREATE UNIQUE INDEX "VOTE"."SYS_C0012770" ON "VOTE"."PM_FILE" ("FILE_ID") 
  PCTFREE 10 INITRANS 2 MAXTRANS 255 COMPUTE STATISTICS 
  STORAGE(INITIAL 65536 NEXT 1048576 MINEXTENTS 1 MAXEXTENTS 2147483645
  PCTINCREASE 0 FREELISTS 1 FREELIST GROUPS 1 BUFFER_POOL DEFAULT FLASH_CACHE DEFAULT CELL_FLASH_CACHE DEFAULT)
  TABLESPACE "VOTE_USER" ;
--------------------------------------------------------
--  DDL for Index SYS_C0012772
--------------------------------------------------------

  CREATE UNIQUE INDEX "VOTE"."SYS_C0012772" ON "VOTE"."PM_PAYMENT_POINT" ("PAYMENT_ID") 
  PCTFREE 10 INITRANS 2 MAXTRANS 255 COMPUTE STATISTICS NOCOMPRESS LOGGING
  TABLESPACE "VOTE_USER" ;
--------------------------------------------------------
--  DDL for Index SYS_C0012774
--------------------------------------------------------

  CREATE UNIQUE INDEX "VOTE"."SYS_C0012774" ON "VOTE"."PM_PRODUCT_INFO" ("PRODUCT_ID") 
  PCTFREE 10 INITRANS 2 MAXTRANS 255 COMPUTE STATISTICS 
  STORAGE(INITIAL 65536 NEXT 1048576 MINEXTENTS 1 MAXEXTENTS 2147483645
  PCTINCREASE 0 FREELISTS 1 FREELIST GROUPS 1 BUFFER_POOL DEFAULT FLASH_CACHE DEFAULT CELL_FLASH_CACHE DEFAULT)
  TABLESPACE "VOTE_USER" ;
--------------------------------------------------------
--  DDL for Index SYS_C0012776
--------------------------------------------------------

  CREATE UNIQUE INDEX "VOTE"."SYS_C0012776" ON "VOTE"."PM_PRODUCT_PROJECT_RELATION" ("PRODUCT_RELATION_ID") 
  PCTFREE 10 INITRANS 2 MAXTRANS 255 COMPUTE STATISTICS NOCOMPRESS LOGGING
  TABLESPACE "VOTE_USER" ;
--------------------------------------------------------
--  DDL for Index SYS_C0012778
--------------------------------------------------------

  CREATE UNIQUE INDEX "VOTE"."SYS_C0012778" ON "VOTE"."PM_PROJECT_GROUP_INFO" ("PROJECT_GROUP_ID") 
  PCTFREE 10 INITRANS 2 MAXTRANS 255 COMPUTE STATISTICS 
  STORAGE(INITIAL 65536 NEXT 1048576 MINEXTENTS 1 MAXEXTENTS 2147483645
  PCTINCREASE 0 FREELISTS 1 FREELIST GROUPS 1 BUFFER_POOL DEFAULT FLASH_CACHE DEFAULT CELL_FLASH_CACHE DEFAULT)
  TABLESPACE "VOTE_USER" ;
--------------------------------------------------------
--  DDL for Index SYS_C0012780
--------------------------------------------------------

  CREATE UNIQUE INDEX "VOTE"."SYS_C0012780" ON "VOTE"."PM_PROJECT_GROUP_RELATION_INFO" ("RELATIONSHIP") 
  PCTFREE 10 INITRANS 2 MAXTRANS 255 COMPUTE STATISTICS 
  STORAGE(INITIAL 65536 NEXT 1048576 MINEXTENTS 1 MAXEXTENTS 2147483645
  PCTINCREASE 0 FREELISTS 1 FREELIST GROUPS 1 BUFFER_POOL DEFAULT FLASH_CACHE DEFAULT CELL_FLASH_CACHE DEFAULT)
  TABLESPACE "VOTE_USER" ;
--------------------------------------------------------
--  DDL for Index SYS_C0012782
--------------------------------------------------------

  CREATE UNIQUE INDEX "VOTE"."SYS_C0012782" ON "VOTE"."PM_PROJECT_INCOMMING_INFO" ("RECEIVE_ID") 
  PCTFREE 10 INITRANS 2 MAXTRANS 255 COMPUTE STATISTICS NOCOMPRESS LOGGING
  TABLESPACE "VOTE_USER" ;
--------------------------------------------------------
--  DDL for Index SYS_C0012784
--------------------------------------------------------

  CREATE UNIQUE INDEX "VOTE"."SYS_C0012784" ON "VOTE"."PM_PROJECT_INFO" ("PROJECT_ID") 
  PCTFREE 10 INITRANS 2 MAXTRANS 255 COMPUTE STATISTICS 
  STORAGE(INITIAL 65536 NEXT 1048576 MINEXTENTS 1 MAXEXTENTS 2147483645
  PCTINCREASE 0 FREELISTS 1 FREELIST GROUPS 1 BUFFER_POOL DEFAULT FLASH_CACHE DEFAULT CELL_FLASH_CACHE DEFAULT)
  TABLESPACE "VOTE_USER" ;
--------------------------------------------------------
--  DDL for Index SYS_C0012786
--------------------------------------------------------

  CREATE UNIQUE INDEX "VOTE"."SYS_C0012786" ON "VOTE"."PM_PROJECT_MILESTONE_INFO" ("MILESTONE_ID") 
  PCTFREE 10 INITRANS 2 MAXTRANS 255 COMPUTE STATISTICS NOCOMPRESS LOGGING
  TABLESPACE "VOTE_USER" ;
--------------------------------------------------------
--  DDL for Index SYS_C0012788
--------------------------------------------------------

  CREATE UNIQUE INDEX "VOTE"."SYS_C0012788" ON "VOTE"."PM_PROJECT_PROBLEM" ("PROBLEM_ID") 
  PCTFREE 10 INITRANS 2 MAXTRANS 255 COMPUTE STATISTICS NOCOMPRESS LOGGING
  TABLESPACE "VOTE_USER" ;
--------------------------------------------------------
--  DDL for Index SYS_C0012790
--------------------------------------------------------

  CREATE UNIQUE INDEX "VOTE"."SYS_C0012790" ON "VOTE"."PM_REVIEW_COMMENT_INFO" ("COMMENT_ID") 
  PCTFREE 10 INITRANS 2 MAXTRANS 255 COMPUTE STATISTICS NOCOMPRESS LOGGING
  TABLESPACE "VOTE_USER" ;
--------------------------------------------------------
--  DDL for Index SYS_C0012792
--------------------------------------------------------

  CREATE UNIQUE INDEX "VOTE"."SYS_C0012792" ON "VOTE"."PM_REVIEW_INFO" ("REVIEW_ID") 
  PCTFREE 10 INITRANS 2 MAXTRANS 255 COMPUTE STATISTICS 
  STORAGE(INITIAL 65536 NEXT 1048576 MINEXTENTS 1 MAXEXTENTS 2147483645
  PCTINCREASE 0 FREELISTS 1 FREELIST GROUPS 1 BUFFER_POOL DEFAULT FLASH_CACHE DEFAULT CELL_FLASH_CACHE DEFAULT)
  TABLESPACE "VOTE_USER" ;
--------------------------------------------------------
--  DDL for Index PM_REVIEW_NODE_PK
--------------------------------------------------------

  CREATE UNIQUE INDEX "VOTE"."PM_REVIEW_NODE_PK" ON "VOTE"."PM_REVIEW_NODE" ("NODE_ID") 
  PCTFREE 10 INITRANS 2 MAXTRANS 255 COMPUTE STATISTICS NOCOMPRESS LOGGING
  TABLESPACE "VOTE_USER" ;
--------------------------------------------------------
--  DDL for Index SYS_C0013056
--------------------------------------------------------

  CREATE UNIQUE INDEX "VOTE"."SYS_C0013056" ON "VOTE"."PM_SALE_MEMBER_INFO" ("MENBER_USR_ID", "GROUP_CODE") 
  PCTFREE 10 INITRANS 2 MAXTRANS 255 COMPUTE STATISTICS 
  STORAGE(INITIAL 65536 NEXT 1048576 MINEXTENTS 1 MAXEXTENTS 2147483645
  PCTINCREASE 0 FREELISTS 1 FREELIST GROUPS 1 BUFFER_POOL DEFAULT FLASH_CACHE DEFAULT CELL_FLASH_CACHE DEFAULT)
  TABLESPACE "VOTE_USER" ;
--------------------------------------------------------
--  DDL for Index PM_YEAR_BUDGET_PK
--------------------------------------------------------

  CREATE UNIQUE INDEX "VOTE"."PM_YEAR_BUDGET_PK" ON "VOTE"."PM_YEAR_BUDGET" ("YEAR_BUDGET_CODE") 
  PCTFREE 10 INITRANS 2 MAXTRANS 255 COMPUTE STATISTICS 
  STORAGE(INITIAL 65536 NEXT 1048576 MINEXTENTS 1 MAXEXTENTS 2147483645
  PCTINCREASE 0 FREELISTS 1 FREELIST GROUPS 1 BUFFER_POOL DEFAULT FLASH_CACHE DEFAULT CELL_FLASH_CACHE DEFAULT)
  TABLESPACE "VOTE_USER" ;
--------------------------------------------------------
--  DDL for Index PM_YEAR_BUDGET_PRODUCT_PK
--------------------------------------------------------

  CREATE UNIQUE INDEX "VOTE"."PM_YEAR_BUDGET_PRODUCT_PK" ON "VOTE"."PM_YEAR_BUDGET_PRODUCT" ("PAYMENT_ID") 
  PCTFREE 10 INITRANS 2 MAXTRANS 255 COMPUTE STATISTICS NOCOMPRESS LOGGING
  TABLESPACE "VOTE_USER" ;
--------------------------------------------------------
--  DDL for Index SYS_C0013298
--------------------------------------------------------

  CREATE UNIQUE INDEX "VOTE"."SYS_C0013298" ON "VOTE"."PROFIT_INFO" ("PROFIT_ID") 
  PCTFREE 10 INITRANS 2 MAXTRANS 255 
  STORAGE(INITIAL 65536 NEXT 1048576 MINEXTENTS 1 MAXEXTENTS 2147483645
  PCTINCREASE 0 FREELISTS 1 FREELIST GROUPS 1 BUFFER_POOL DEFAULT FLASH_CACHE DEFAULT CELL_FLASH_CACHE DEFAULT)
  TABLESPACE "VOTE_USER" ;
--------------------------------------------------------
--  DDL for Index SYS_C0013059
--------------------------------------------------------

  CREATE UNIQUE INDEX "VOTE"."SYS_C0013059" ON "VOTE"."REVIEW_INFO" ("REVIEW_ID") 
  PCTFREE 10 INITRANS 2 MAXTRANS 255 COMPUTE STATISTICS NOCOMPRESS LOGGING
  TABLESPACE "VOTE_USER" ;
--------------------------------------------------------
--  DDL for Index SYS_C0013062
--------------------------------------------------------

  CREATE UNIQUE INDEX "VOTE"."SYS_C0013062" ON "VOTE"."ROLE" ("ROLE_ID") 
  PCTFREE 10 INITRANS 2 MAXTRANS 255 COMPUTE STATISTICS 
  STORAGE(INITIAL 65536 NEXT 1048576 MINEXTENTS 1 MAXEXTENTS 2147483645
  PCTINCREASE 0 FREELISTS 1 FREELIST GROUPS 1 BUFFER_POOL DEFAULT FLASH_CACHE DEFAULT CELL_FLASH_CACHE DEFAULT)
  TABLESPACE "VOTE_USER" ;
--------------------------------------------------------
--  DDL for Index SYS_C0013067
--------------------------------------------------------

  CREATE UNIQUE INDEX "VOTE"."SYS_C0013067" ON "VOTE"."ROLE_MENU" ("ROLE_ID", "MENU_ID") 
  PCTFREE 10 INITRANS 2 MAXTRANS 255 COMPUTE STATISTICS 
  STORAGE(INITIAL 65536 NEXT 1048576 MINEXTENTS 1 MAXEXTENTS 2147483645
  PCTINCREASE 0 FREELISTS 1 FREELIST GROUPS 1 BUFFER_POOL DEFAULT FLASH_CACHE DEFAULT CELL_FLASH_CACHE DEFAULT)
  TABLESPACE "VOTE_USER" ;
--------------------------------------------------------
--  DDL for Index SYS_C0013070
--------------------------------------------------------

  CREATE UNIQUE INDEX "VOTE"."SYS_C0013070" ON "VOTE"."TABLE_HEADER_INFO" ("TABLE_ID") 
  PCTFREE 10 INITRANS 2 MAXTRANS 255 COMPUTE STATISTICS NOCOMPRESS LOGGING
  TABLESPACE "VOTE_USER" ;
--------------------------------------------------------
--  DDL for Index SYS_C0013073
--------------------------------------------------------

  CREATE UNIQUE INDEX "VOTE"."SYS_C0013073" ON "VOTE"."TABLE_TITLE_INFO" ("HEAD_ID") 
  PCTFREE 10 INITRANS 2 MAXTRANS 255 COMPUTE STATISTICS NOCOMPRESS LOGGING
  TABLESPACE "VOTE_USER" ;
--------------------------------------------------------
--  DDL for Index SYS_C0013080
--------------------------------------------------------

  CREATE UNIQUE INDEX "VOTE"."SYS_C0013080" ON "VOTE"."USR_INFO" ("USR_ID") 
  PCTFREE 10 INITRANS 2 MAXTRANS 255 COMPUTE STATISTICS 
  STORAGE(INITIAL 65536 NEXT 1048576 MINEXTENTS 1 MAXEXTENTS 2147483645
  PCTINCREASE 0 FREELISTS 1 FREELIST GROUPS 1 BUFFER_POOL DEFAULT FLASH_CACHE DEFAULT CELL_FLASH_CACHE DEFAULT)
  TABLESPACE "VOTE_USER" ;
--------------------------------------------------------
--  DDL for Index SYS_C0013085
--------------------------------------------------------

  CREATE UNIQUE INDEX "VOTE"."SYS_C0013085" ON "VOTE"."USR_MENU" ("USR_ID", "MENU_ID") 
  PCTFREE 10 INITRANS 2 MAXTRANS 255 COMPUTE STATISTICS NOCOMPRESS LOGGING
  TABLESPACE "VOTE_USER" ;
--------------------------------------------------------
--  DDL for Index SYS_C0013090
--------------------------------------------------------

  CREATE UNIQUE INDEX "VOTE"."SYS_C0013090" ON "VOTE"."USR_ROLE" ("USR_ID", "ROLE_ID") 
  PCTFREE 10 INITRANS 2 MAXTRANS 255 COMPUTE STATISTICS 
  STORAGE(INITIAL 65536 NEXT 1048576 MINEXTENTS 1 MAXEXTENTS 2147483645
  PCTINCREASE 0 FREELISTS 1 FREELIST GROUPS 1 BUFFER_POOL DEFAULT FLASH_CACHE DEFAULT CELL_FLASH_CACHE DEFAULT)
  TABLESPACE "VOTE_USER" ;
--------------------------------------------------------
--  DDL for Index VOTE_APPLY_INFO_INDEX1
--------------------------------------------------------

  CREATE UNIQUE INDEX "VOTE"."VOTE_APPLY_INFO_INDEX1" ON "VOTE"."VOTE_APPLY_INFO" ("USER_ID", "INFO_ID") 
  PCTFREE 10 INITRANS 2 MAXTRANS 255 COMPUTE STATISTICS NOCOMPRESS LOGGING
  TABLESPACE "VOTE_USER" ;
--------------------------------------------------------
--  DDL for Index VOTE_APPLY_INFO_INDEX2
--------------------------------------------------------

  CREATE UNIQUE INDEX "VOTE"."VOTE_APPLY_INFO_INDEX2" ON "VOTE"."VOTE_APPLY_INFO" ("INFO_ID") 
  PCTFREE 10 INITRANS 2 MAXTRANS 255 COMPUTE STATISTICS NOCOMPRESS LOGGING
  TABLESPACE "VOTE_USER" ;
--------------------------------------------------------
--  DDL for Index SYS_C0013093
--------------------------------------------------------

  CREATE UNIQUE INDEX "VOTE"."SYS_C0013093" ON "VOTE"."VOTE_APPLY_INFO" ("APPLY_ID") 
  PCTFREE 10 INITRANS 2 MAXTRANS 255 COMPUTE STATISTICS NOCOMPRESS LOGGING
  TABLESPACE "VOTE_USER" ;
--------------------------------------------------------
--  DDL for Index SYS_C0013096
--------------------------------------------------------

  CREATE UNIQUE INDEX "VOTE"."SYS_C0013096" ON "VOTE"."VOTE_FILE_SIGN" ("SIGN_ID") 
  PCTFREE 10 INITRANS 2 MAXTRANS 255 COMPUTE STATISTICS NOCOMPRESS LOGGING
  TABLESPACE "VOTE_USER" ;
--------------------------------------------------------
--  DDL for Index VOTE_HOUSE_INFO_INDEX1
--------------------------------------------------------

  CREATE UNIQUE INDEX "VOTE"."VOTE_HOUSE_INFO_INDEX1" ON "VOTE"."VOTE_HOUSE_INFO" ("SECT_NAME", "BUILD_CODE", "UNIT_CODE", "FLOOR_CODE", "ROOM_CODE", "CERT_CODE") 
  PCTFREE 10 INITRANS 2 MAXTRANS 255 COMPUTE STATISTICS NOCOMPRESS LOGGING
  TABLESPACE "VOTE_USER" ;
--------------------------------------------------------
--  DDL for Index SYS_C0013099
--------------------------------------------------------

  CREATE UNIQUE INDEX "VOTE"."SYS_C0013099" ON "VOTE"."VOTE_HOUSE_INFO" ("INFO_ID") 
  PCTFREE 10 INITRANS 2 MAXTRANS 255 COMPUTE STATISTICS NOCOMPRESS LOGGING
  TABLESPACE "VOTE_USER" ;
--------------------------------------------------------
--  DDL for Index SYS_C0013102
--------------------------------------------------------

  CREATE UNIQUE INDEX "VOTE"."SYS_C0013102" ON "VOTE"."VOTE_OWNER_HISTORY" ("RECORD_ID") 
  PCTFREE 10 INITRANS 2 MAXTRANS 255 COMPUTE STATISTICS NOCOMPRESS LOGGING
  TABLESPACE "VOTE_USER" ;
--------------------------------------------------------
--  DDL for Index VOTE_RESULT_INFO_INDEX1
--------------------------------------------------------

  CREATE UNIQUE INDEX "VOTE"."VOTE_RESULT_INFO_INDEX1" ON "VOTE"."VOTE_RESULT_INFO" ("TOPIC_ID", "INFO_ID") 
  PCTFREE 10 INITRANS 2 MAXTRANS 255 COMPUTE STATISTICS NOCOMPRESS LOGGING
  TABLESPACE "VOTE_USER" ;
--------------------------------------------------------
--  DDL for Index SYS_C0013105
--------------------------------------------------------

  CREATE UNIQUE INDEX "VOTE"."SYS_C0013105" ON "VOTE"."VOTE_RESULT_INFO" ("RESULT_ID") 
  PCTFREE 10 INITRANS 2 MAXTRANS 255 COMPUTE STATISTICS NOCOMPRESS LOGGING
  TABLESPACE "VOTE_USER" ;
--------------------------------------------------------
--  DDL for Index SYS_C0013108
--------------------------------------------------------

  CREATE UNIQUE INDEX "VOTE"."SYS_C0013108" ON "VOTE"."VOTE_RESULT_SUM" ("TOPIC_ID") 
  PCTFREE 10 INITRANS 2 MAXTRANS 255 COMPUTE STATISTICS NOCOMPRESS LOGGING
  TABLESPACE "VOTE_USER" ;
--------------------------------------------------------
--  DDL for Index SYS_C0013113
--------------------------------------------------------

  CREATE UNIQUE INDEX "VOTE"."SYS_C0013113" ON "VOTE"."VOTE_SCOPE_INFO" ("INFO_ID", "TOPIC_ID") 
  PCTFREE 10 INITRANS 2 MAXTRANS 255 COMPUTE STATISTICS NOCOMPRESS LOGGING
  TABLESPACE "VOTE_USER" ;
--------------------------------------------------------
--  DDL for Index SYS_C0013116
--------------------------------------------------------

  CREATE UNIQUE INDEX "VOTE"."SYS_C0013116" ON "VOTE"."VOTE_SECT_INFO" ("SECT_ID") 
  PCTFREE 10 INITRANS 2 MAXTRANS 255 COMPUTE STATISTICS NOCOMPRESS LOGGING
  TABLESPACE "VOTE_USER" ;
--------------------------------------------------------
--  DDL for Index SYS_C0013119
--------------------------------------------------------

  CREATE UNIQUE INDEX "VOTE"."SYS_C0013119" ON "VOTE"."VOTE_TOPIC_INFO" ("TOPIC_ID") 
  PCTFREE 10 INITRANS 2 MAXTRANS 255 COMPUTE STATISTICS NOCOMPRESS LOGGING
  TABLESPACE "VOTE_USER" ;
--------------------------------------------------------
--  DDL for Index SYS_C0013122
--------------------------------------------------------

  CREATE UNIQUE INDEX "VOTE"."SYS_C0013122" ON "VOTE"."VOTE_WORKSPACE" ("WS_ID") 
  PCTFREE 10 INITRANS 2 MAXTRANS 255 COMPUTE STATISTICS NOCOMPRESS LOGGING
  TABLESPACE "VOTE_USER" ;
--------------------------------------------------------
--  DDL for Index SYS_C0013125
--------------------------------------------------------

  CREATE UNIQUE INDEX "VOTE"."SYS_C0013125" ON "VOTE"."WY_AGENT" ("AGEID") 
  PCTFREE 10 INITRANS 2 MAXTRANS 255 COMPUTE STATISTICS NOCOMPRESS LOGGING
  TABLESPACE "VOTE_USER" ;
--------------------------------------------------------
--  DDL for Index SYS_C0013128
--------------------------------------------------------

  CREATE UNIQUE INDEX "VOTE"."SYS_C0013128" ON "VOTE"."WY_GLC" ("GLCID") 
  PCTFREE 10 INITRANS 2 MAXTRANS 255 COMPUTE STATISTICS NOCOMPRESS LOGGING
  TABLESPACE "VOTE_USER" ;
--------------------------------------------------------
--  DDL for Index SYS_C0013131
--------------------------------------------------------

  CREATE UNIQUE INDEX "VOTE"."SYS_C0013131" ON "VOTE"."WY_HOC_STAFF" ("YWHRYID") 
  PCTFREE 10 INITRANS 2 MAXTRANS 255 COMPUTE STATISTICS NOCOMPRESS LOGGING
  TABLESPACE "VOTE_USER" ;
--------------------------------------------------------
--  DDL for Index SYS_C0013134
--------------------------------------------------------

  CREATE UNIQUE INDEX "VOTE"."SYS_C0013134" ON "VOTE"."WY_HPB" ("HPBID") 
  PCTFREE 10 INITRANS 2 MAXTRANS 255 COMPUTE STATISTICS NOCOMPRESS LOGGING
  TABLESPACE "VOTE_USER" ;
--------------------------------------------------------
--  DDL for Index SYS_C0013137
--------------------------------------------------------

  CREATE UNIQUE INDEX "VOTE"."SYS_C0013137" ON "VOTE"."WY_JD" ("JDID") 
  PCTFREE 10 INITRANS 2 MAXTRANS 255 COMPUTE STATISTICS NOCOMPRESS LOGGING
  TABLESPACE "VOTE_USER" ;
--------------------------------------------------------
--  DDL for Index SYS_C0013140
--------------------------------------------------------

  CREATE UNIQUE INDEX "VOTE"."SYS_C0013140" ON "VOTE"."WY_KFS" ("KFSID") 
  PCTFREE 10 INITRANS 2 MAXTRANS 255 COMPUTE STATISTICS NOCOMPRESS LOGGING
  TABLESPACE "VOTE_USER" ;
--------------------------------------------------------
--  DDL for Index SYS_C0013143
--------------------------------------------------------

  CREATE UNIQUE INDEX "VOTE"."SYS_C0013143" ON "VOTE"."WY_SECT" ("XMID") 
  PCTFREE 10 INITRANS 2 MAXTRANS 255 COMPUTE STATISTICS NOCOMPRESS LOGGING
  TABLESPACE "VOTE_USER" ;
--------------------------------------------------------
--  DDL for Index SYS_C0013148
--------------------------------------------------------

  CREATE UNIQUE INDEX "VOTE"."SYS_C0013148" ON "VOTE"."WY_SECT_HIS" ("TASK_ID", "XMID") 
  PCTFREE 10 INITRANS 2 MAXTRANS 255 COMPUTE STATISTICS NOCOMPRESS LOGGING
  TABLESPACE "VOTE_USER" ;
--------------------------------------------------------
--  DDL for Index SYS_C0013151
--------------------------------------------------------

  CREATE UNIQUE INDEX "VOTE"."SYS_C0013151" ON "VOTE"."WY_SECT_TEMP" ("XMID") 
  PCTFREE 10 INITRANS 2 MAXTRANS 255 COMPUTE STATISTICS NOCOMPRESS LOGGING
  TABLESPACE "VOTE_USER" ;
--------------------------------------------------------
--  DDL for Index SYS_C0013154
--------------------------------------------------------

  CREATE UNIQUE INDEX "VOTE"."SYS_C0013154" ON "VOTE"."WY_SQ" ("SQID") 
  PCTFREE 10 INITRANS 2 MAXTRANS 255 COMPUTE STATISTICS NOCOMPRESS LOGGING
  TABLESPACE "VOTE_USER" ;
--------------------------------------------------------
--  DDL for Index SYS_C0013157
--------------------------------------------------------

  CREATE UNIQUE INDEX "VOTE"."SYS_C0013157" ON "VOTE"."WY_WYGS" ("WYGSID") 
  PCTFREE 10 INITRANS 2 MAXTRANS 255 COMPUTE STATISTICS NOCOMPRESS LOGGING
  TABLESPACE "VOTE_USER" ;
--------------------------------------------------------
--  DDL for Index SYS_C0013160
--------------------------------------------------------

  CREATE UNIQUE INDEX "VOTE"."SYS_C0013160" ON "VOTE"."WY_WYGS_STAFF" ("GSRYID") 
  PCTFREE 10 INITRANS 2 MAXTRANS 255 COMPUTE STATISTICS NOCOMPRESS LOGGING
  TABLESPACE "VOTE_USER" ;
--------------------------------------------------------
--  DDL for Index SYS_C0013163
--------------------------------------------------------

  CREATE UNIQUE INDEX "VOTE"."SYS_C0013163" ON "VOTE"."WY_YWH" ("YWHID") 
  PCTFREE 10 INITRANS 2 MAXTRANS 255 COMPUTE STATISTICS NOCOMPRESS LOGGING
  TABLESPACE "VOTE_USER" ;
--------------------------------------------------------
--  Constraints for Table ACT_EVT_LOG
--------------------------------------------------------

  ALTER TABLE "VOTE"."ACT_EVT_LOG" MODIFY ("LOG_NR_" NOT NULL ENABLE);
 
  ALTER TABLE "VOTE"."ACT_EVT_LOG" MODIFY ("TIME_STAMP_" NOT NULL ENABLE);
 
  ALTER TABLE "VOTE"."ACT_EVT_LOG" ADD CHECK ("LOG_NR_" IS NOT NULL) ENABLE;
 
  ALTER TABLE "VOTE"."ACT_EVT_LOG" ADD CHECK ("TIME_STAMP_" IS NOT NULL) ENABLE;
 
  ALTER TABLE "VOTE"."ACT_EVT_LOG" ADD CHECK ("TIME_STAMP_" IS NOT NULL) ENABLE;
 
  ALTER TABLE "VOTE"."ACT_EVT_LOG" ADD PRIMARY KEY ("LOG_NR_")
  USING INDEX PCTFREE 10 INITRANS 2 MAXTRANS 255 COMPUTE STATISTICS NOCOMPRESS LOGGING
  TABLESPACE "VOTE_USER"  ENABLE;
--------------------------------------------------------
--  Constraints for Table ACT_GE_BYTEARRAY
--------------------------------------------------------

  ALTER TABLE "VOTE"."ACT_GE_BYTEARRAY" MODIFY ("ID_" NOT NULL ENABLE);
 
  ALTER TABLE "VOTE"."ACT_GE_BYTEARRAY" ADD CHECK (GENERATED_ IN (1,0)) ENABLE;
 
  ALTER TABLE "VOTE"."ACT_GE_BYTEARRAY" ADD PRIMARY KEY ("ID_")
  USING INDEX PCTFREE 10 INITRANS 2 MAXTRANS 255 COMPUTE STATISTICS NOCOMPRESS LOGGING
  TABLESPACE "VOTE_USER"  ENABLE;
 
  ALTER TABLE "VOTE"."ACT_GE_BYTEARRAY" ADD CHECK (GENERATED_ IN (1,0)) ENABLE;
 
  ALTER TABLE "VOTE"."ACT_GE_BYTEARRAY" ADD CHECK (GENERATED_ IN (1,0)) ENABLE;
 
  ALTER TABLE "VOTE"."ACT_GE_BYTEARRAY" ADD CHECK (GENERATED_ IN (1,0)) ENABLE;
 
  ALTER TABLE "VOTE"."ACT_GE_BYTEARRAY" ADD CHECK (GENERATED_ IN (1,0)) ENABLE;
 
  ALTER TABLE "VOTE"."ACT_GE_BYTEARRAY" ADD CHECK (GENERATED_ IN (1,0)) ENABLE;
--------------------------------------------------------
--  Constraints for Table ACT_GE_PROPERTY
--------------------------------------------------------

  ALTER TABLE "VOTE"."ACT_GE_PROPERTY" MODIFY ("NAME_" NOT NULL ENABLE);
 
  ALTER TABLE "VOTE"."ACT_GE_PROPERTY" ADD CHECK ("NAME_" IS NOT NULL) ENABLE;
 
  ALTER TABLE "VOTE"."ACT_GE_PROPERTY" ADD PRIMARY KEY ("NAME_")
  USING INDEX PCTFREE 10 INITRANS 2 MAXTRANS 255 COMPUTE STATISTICS 
  STORAGE(INITIAL 65536 NEXT 1048576 MINEXTENTS 1 MAXEXTENTS 2147483645
  PCTINCREASE 0 FREELISTS 1 FREELIST GROUPS 1 BUFFER_POOL DEFAULT FLASH_CACHE DEFAULT CELL_FLASH_CACHE DEFAULT)
  TABLESPACE "VOTE_USER"  ENABLE;
--------------------------------------------------------
--  Constraints for Table ACT_HI_ACTINST
--------------------------------------------------------

  ALTER TABLE "VOTE"."ACT_HI_ACTINST" MODIFY ("ID_" NOT NULL ENABLE);
 
  ALTER TABLE "VOTE"."ACT_HI_ACTINST" MODIFY ("PROC_DEF_ID_" NOT NULL ENABLE);
 
  ALTER TABLE "VOTE"."ACT_HI_ACTINST" MODIFY ("PROC_INST_ID_" NOT NULL ENABLE);
 
  ALTER TABLE "VOTE"."ACT_HI_ACTINST" MODIFY ("EXECUTION_ID_" NOT NULL ENABLE);
 
  ALTER TABLE "VOTE"."ACT_HI_ACTINST" MODIFY ("ACT_ID_" NOT NULL ENABLE);
 
  ALTER TABLE "VOTE"."ACT_HI_ACTINST" MODIFY ("ACT_TYPE_" NOT NULL ENABLE);
 
  ALTER TABLE "VOTE"."ACT_HI_ACTINST" MODIFY ("START_TIME_" NOT NULL ENABLE);
 
  ALTER TABLE "VOTE"."ACT_HI_ACTINST" ADD CHECK ("ID_" IS NOT NULL) ENABLE;
 
  ALTER TABLE "VOTE"."ACT_HI_ACTINST" ADD CHECK ("PROC_DEF_ID_" IS NOT NULL) ENABLE;
 
  ALTER TABLE "VOTE"."ACT_HI_ACTINST" ADD CHECK ("PROC_INST_ID_" IS NOT NULL) ENABLE;
 
  ALTER TABLE "VOTE"."ACT_HI_ACTINST" ADD CHECK ("EXECUTION_ID_" IS NOT NULL) ENABLE;
 
  ALTER TABLE "VOTE"."ACT_HI_ACTINST" ADD CHECK ("ACT_ID_" IS NOT NULL) ENABLE;
 
  ALTER TABLE "VOTE"."ACT_HI_ACTINST" ADD CHECK ("ACT_TYPE_" IS NOT NULL) ENABLE;
 
  ALTER TABLE "VOTE"."ACT_HI_ACTINST" ADD CHECK ("START_TIME_" IS NOT NULL) ENABLE;
 
  ALTER TABLE "VOTE"."ACT_HI_ACTINST" ADD CHECK ("ID_" IS NOT NULL) ENABLE;
 
  ALTER TABLE "VOTE"."ACT_HI_ACTINST" ADD CHECK ("PROC_DEF_ID_" IS NOT NULL) ENABLE;
 
  ALTER TABLE "VOTE"."ACT_HI_ACTINST" ADD CHECK ("PROC_INST_ID_" IS NOT NULL) ENABLE;
 
  ALTER TABLE "VOTE"."ACT_HI_ACTINST" ADD CHECK ("EXECUTION_ID_" IS NOT NULL) ENABLE;
 
  ALTER TABLE "VOTE"."ACT_HI_ACTINST" ADD CHECK ("ACT_ID_" IS NOT NULL) ENABLE;
 
  ALTER TABLE "VOTE"."ACT_HI_ACTINST" ADD CHECK ("ACT_TYPE_" IS NOT NULL) ENABLE;
 
  ALTER TABLE "VOTE"."ACT_HI_ACTINST" ADD CHECK ("START_TIME_" IS NOT NULL) ENABLE;
 
  ALTER TABLE "VOTE"."ACT_HI_ACTINST" ADD PRIMARY KEY ("ID_")
  USING INDEX PCTFREE 10 INITRANS 2 MAXTRANS 255 COMPUTE STATISTICS NOCOMPRESS LOGGING
  TABLESPACE "VOTE_USER"  ENABLE;
--------------------------------------------------------
--  Constraints for Table ACT_HI_ATTACHMENT
--------------------------------------------------------

  ALTER TABLE "VOTE"."ACT_HI_ATTACHMENT" MODIFY ("ID_" NOT NULL ENABLE);
 
  ALTER TABLE "VOTE"."ACT_HI_ATTACHMENT" ADD CHECK ("ID_" IS NOT NULL) ENABLE;
 
  ALTER TABLE "VOTE"."ACT_HI_ATTACHMENT" ADD CHECK ("ID_" IS NOT NULL) ENABLE;
 
  ALTER TABLE "VOTE"."ACT_HI_ATTACHMENT" ADD PRIMARY KEY ("ID_")
  USING INDEX PCTFREE 10 INITRANS 2 MAXTRANS 255 COMPUTE STATISTICS NOCOMPRESS LOGGING
  TABLESPACE "VOTE_USER"  ENABLE;
--------------------------------------------------------
--  Constraints for Table ACT_HI_COMMENT
--------------------------------------------------------

  ALTER TABLE "VOTE"."ACT_HI_COMMENT" MODIFY ("ID_" NOT NULL ENABLE);
 
  ALTER TABLE "VOTE"."ACT_HI_COMMENT" MODIFY ("TIME_" NOT NULL ENABLE);
 
  ALTER TABLE "VOTE"."ACT_HI_COMMENT" ADD CHECK ("ID_" IS NOT NULL) ENABLE;
 
  ALTER TABLE "VOTE"."ACT_HI_COMMENT" ADD CHECK ("TIME_" IS NOT NULL) ENABLE;
 
  ALTER TABLE "VOTE"."ACT_HI_COMMENT" ADD CHECK ("ID_" IS NOT NULL) ENABLE;
 
  ALTER TABLE "VOTE"."ACT_HI_COMMENT" ADD CHECK ("TIME_" IS NOT NULL) ENABLE;
 
  ALTER TABLE "VOTE"."ACT_HI_COMMENT" ADD PRIMARY KEY ("ID_")
  USING INDEX PCTFREE 10 INITRANS 2 MAXTRANS 255 COMPUTE STATISTICS NOCOMPRESS LOGGING
  TABLESPACE "VOTE_USER"  ENABLE;
--------------------------------------------------------
--  Constraints for Table ACT_HI_DETAIL
--------------------------------------------------------

  ALTER TABLE "VOTE"."ACT_HI_DETAIL" MODIFY ("ID_" NOT NULL ENABLE);
 
  ALTER TABLE "VOTE"."ACT_HI_DETAIL" MODIFY ("TYPE_" NOT NULL ENABLE);
 
  ALTER TABLE "VOTE"."ACT_HI_DETAIL" MODIFY ("NAME_" NOT NULL ENABLE);
 
  ALTER TABLE "VOTE"."ACT_HI_DETAIL" MODIFY ("TIME_" NOT NULL ENABLE);
 
  ALTER TABLE "VOTE"."ACT_HI_DETAIL" ADD CHECK ("ID_" IS NOT NULL) ENABLE;
 
  ALTER TABLE "VOTE"."ACT_HI_DETAIL" ADD CHECK ("TYPE_" IS NOT NULL) ENABLE;
 
  ALTER TABLE "VOTE"."ACT_HI_DETAIL" ADD CHECK ("NAME_" IS NOT NULL) ENABLE;
 
  ALTER TABLE "VOTE"."ACT_HI_DETAIL" ADD CHECK ("TIME_" IS NOT NULL) ENABLE;
 
  ALTER TABLE "VOTE"."ACT_HI_DETAIL" ADD CHECK ("ID_" IS NOT NULL) ENABLE;
 
  ALTER TABLE "VOTE"."ACT_HI_DETAIL" ADD CHECK ("TYPE_" IS NOT NULL) ENABLE;
 
  ALTER TABLE "VOTE"."ACT_HI_DETAIL" ADD CHECK ("NAME_" IS NOT NULL) ENABLE;
 
  ALTER TABLE "VOTE"."ACT_HI_DETAIL" ADD CHECK ("TIME_" IS NOT NULL) ENABLE;
 
  ALTER TABLE "VOTE"."ACT_HI_DETAIL" ADD PRIMARY KEY ("ID_")
  USING INDEX PCTFREE 10 INITRANS 2 MAXTRANS 255 COMPUTE STATISTICS NOCOMPRESS LOGGING
  TABLESPACE "VOTE_USER"  ENABLE;
--------------------------------------------------------
--  Constraints for Table ACT_HI_IDENTITYLINK
--------------------------------------------------------

  ALTER TABLE "VOTE"."ACT_HI_IDENTITYLINK" MODIFY ("ID_" NOT NULL ENABLE);
 
  ALTER TABLE "VOTE"."ACT_HI_IDENTITYLINK" ADD CHECK ("ID_" IS NOT NULL) ENABLE;
 
  ALTER TABLE "VOTE"."ACT_HI_IDENTITYLINK" ADD PRIMARY KEY ("ID_")
  USING INDEX PCTFREE 10 INITRANS 2 MAXTRANS 255 COMPUTE STATISTICS NOCOMPRESS LOGGING
  TABLESPACE "VOTE_USER"  ENABLE;
--------------------------------------------------------
--  Constraints for Table ACT_HI_PROCINST
--------------------------------------------------------

  ALTER TABLE "VOTE"."ACT_HI_PROCINST" MODIFY ("ID_" NOT NULL ENABLE);
 
  ALTER TABLE "VOTE"."ACT_HI_PROCINST" MODIFY ("PROC_INST_ID_" NOT NULL ENABLE);
 
  ALTER TABLE "VOTE"."ACT_HI_PROCINST" MODIFY ("PROC_DEF_ID_" NOT NULL ENABLE);
 
  ALTER TABLE "VOTE"."ACT_HI_PROCINST" MODIFY ("START_TIME_" NOT NULL ENABLE);
 
  ALTER TABLE "VOTE"."ACT_HI_PROCINST" ADD UNIQUE ("PROC_INST_ID_")
  USING INDEX PCTFREE 10 INITRANS 2 MAXTRANS 255 COMPUTE STATISTICS NOCOMPRESS LOGGING
  TABLESPACE "VOTE_USER"  ENABLE;
 
  ALTER TABLE "VOTE"."ACT_HI_PROCINST" ADD CHECK ("ID_" IS NOT NULL) ENABLE;
 
  ALTER TABLE "VOTE"."ACT_HI_PROCINST" ADD CHECK ("PROC_INST_ID_" IS NOT NULL) ENABLE;
 
  ALTER TABLE "VOTE"."ACT_HI_PROCINST" ADD CHECK ("PROC_DEF_ID_" IS NOT NULL) ENABLE;
 
  ALTER TABLE "VOTE"."ACT_HI_PROCINST" ADD CHECK ("START_TIME_" IS NOT NULL) ENABLE;
 
  ALTER TABLE "VOTE"."ACT_HI_PROCINST" ADD CHECK ("ID_" IS NOT NULL) ENABLE;
 
  ALTER TABLE "VOTE"."ACT_HI_PROCINST" ADD CHECK ("PROC_INST_ID_" IS NOT NULL) ENABLE;
 
  ALTER TABLE "VOTE"."ACT_HI_PROCINST" ADD CHECK ("PROC_DEF_ID_" IS NOT NULL) ENABLE;
 
  ALTER TABLE "VOTE"."ACT_HI_PROCINST" ADD CHECK ("START_TIME_" IS NOT NULL) ENABLE;
 
  ALTER TABLE "VOTE"."ACT_HI_PROCINST" ADD PRIMARY KEY ("ID_")
  USING INDEX PCTFREE 10 INITRANS 2 MAXTRANS 255 COMPUTE STATISTICS NOCOMPRESS LOGGING
  TABLESPACE "VOTE_USER"  ENABLE;
--------------------------------------------------------
--  Constraints for Table ACT_HI_TASKINST
--------------------------------------------------------

  ALTER TABLE "VOTE"."ACT_HI_TASKINST" MODIFY ("ID_" NOT NULL ENABLE);
 
  ALTER TABLE "VOTE"."ACT_HI_TASKINST" MODIFY ("START_TIME_" NOT NULL ENABLE);
 
  ALTER TABLE "VOTE"."ACT_HI_TASKINST" ADD CHECK ("ID_" IS NOT NULL) ENABLE;
 
  ALTER TABLE "VOTE"."ACT_HI_TASKINST" ADD CHECK ("START_TIME_" IS NOT NULL) ENABLE;
 
  ALTER TABLE "VOTE"."ACT_HI_TASKINST" ADD CHECK ("ID_" IS NOT NULL) ENABLE;
 
  ALTER TABLE "VOTE"."ACT_HI_TASKINST" ADD CHECK ("START_TIME_" IS NOT NULL) ENABLE;
 
  ALTER TABLE "VOTE"."ACT_HI_TASKINST" ADD PRIMARY KEY ("ID_")
  USING INDEX PCTFREE 10 INITRANS 2 MAXTRANS 255 COMPUTE STATISTICS NOCOMPRESS LOGGING
  TABLESPACE "VOTE_USER"  ENABLE;
--------------------------------------------------------
--  Constraints for Table ACT_HI_VARINST
--------------------------------------------------------

  ALTER TABLE "VOTE"."ACT_HI_VARINST" MODIFY ("ID_" NOT NULL ENABLE);
 
  ALTER TABLE "VOTE"."ACT_HI_VARINST" MODIFY ("NAME_" NOT NULL ENABLE);
 
  ALTER TABLE "VOTE"."ACT_HI_VARINST" ADD CHECK ("ID_" IS NOT NULL) ENABLE;
 
  ALTER TABLE "VOTE"."ACT_HI_VARINST" ADD CHECK ("NAME_" IS NOT NULL) ENABLE;
 
  ALTER TABLE "VOTE"."ACT_HI_VARINST" ADD CHECK ("ID_" IS NOT NULL) ENABLE;
 
  ALTER TABLE "VOTE"."ACT_HI_VARINST" ADD CHECK ("NAME_" IS NOT NULL) ENABLE;
 
  ALTER TABLE "VOTE"."ACT_HI_VARINST" ADD PRIMARY KEY ("ID_")
  USING INDEX PCTFREE 10 INITRANS 2 MAXTRANS 255 COMPUTE STATISTICS NOCOMPRESS LOGGING
  TABLESPACE "VOTE_USER"  ENABLE;
--------------------------------------------------------
--  Constraints for Table ACT_ID_GROUP
--------------------------------------------------------

  ALTER TABLE "VOTE"."ACT_ID_GROUP" MODIFY ("ID_" NOT NULL ENABLE);
 
  ALTER TABLE "VOTE"."ACT_ID_GROUP" ADD PRIMARY KEY ("ID_")
  USING INDEX PCTFREE 10 INITRANS 2 MAXTRANS 255 COMPUTE STATISTICS NOCOMPRESS LOGGING
  TABLESPACE "VOTE_USER"  ENABLE;
--------------------------------------------------------
--  Constraints for Table ACT_ID_INFO
--------------------------------------------------------

  ALTER TABLE "VOTE"."ACT_ID_INFO" MODIFY ("ID_" NOT NULL ENABLE);
 
  ALTER TABLE "VOTE"."ACT_ID_INFO" ADD CHECK ("ID_" IS NOT NULL) ENABLE;
 
  ALTER TABLE "VOTE"."ACT_ID_INFO" ADD PRIMARY KEY ("ID_")
  USING INDEX PCTFREE 10 INITRANS 2 MAXTRANS 255 COMPUTE STATISTICS NOCOMPRESS LOGGING
  TABLESPACE "VOTE_USER"  ENABLE;
--------------------------------------------------------
--  Constraints for Table ACT_ID_MEMBERSHIP
--------------------------------------------------------

  ALTER TABLE "VOTE"."ACT_ID_MEMBERSHIP" MODIFY ("USER_ID_" NOT NULL ENABLE);
 
  ALTER TABLE "VOTE"."ACT_ID_MEMBERSHIP" MODIFY ("GROUP_ID_" NOT NULL ENABLE);
 
  ALTER TABLE "VOTE"."ACT_ID_MEMBERSHIP" ADD CHECK ("USER_ID_" IS NOT NULL) ENABLE;
 
  ALTER TABLE "VOTE"."ACT_ID_MEMBERSHIP" ADD CHECK ("GROUP_ID_" IS NOT NULL) ENABLE;
 
  ALTER TABLE "VOTE"."ACT_ID_MEMBERSHIP" ADD PRIMARY KEY ("USER_ID_", "GROUP_ID_")
  USING INDEX PCTFREE 10 INITRANS 2 MAXTRANS 255 COMPUTE STATISTICS NOCOMPRESS LOGGING
  TABLESPACE "VOTE_USER"  ENABLE;
--------------------------------------------------------
--  Constraints for Table ACT_ID_USER
--------------------------------------------------------

  ALTER TABLE "VOTE"."ACT_ID_USER" MODIFY ("ID_" NOT NULL ENABLE);
 
  ALTER TABLE "VOTE"."ACT_ID_USER" ADD CHECK ("ID_" IS NOT NULL) ENABLE;
 
  ALTER TABLE "VOTE"."ACT_ID_USER" ADD PRIMARY KEY ("ID_")
  USING INDEX PCTFREE 10 INITRANS 2 MAXTRANS 255 COMPUTE STATISTICS NOCOMPRESS LOGGING
  TABLESPACE "VOTE_USER"  ENABLE;
--------------------------------------------------------
--  Constraints for Table ACT_PROCDEF_INFO
--------------------------------------------------------

  ALTER TABLE "VOTE"."ACT_PROCDEF_INFO" MODIFY ("ID_" NOT NULL ENABLE);
 
  ALTER TABLE "VOTE"."ACT_PROCDEF_INFO" MODIFY ("PROC_DEF_ID_" NOT NULL ENABLE);
 
  ALTER TABLE "VOTE"."ACT_PROCDEF_INFO" ADD UNIQUE ("PROC_DEF_ID_")
  USING INDEX PCTFREE 10 INITRANS 2 MAXTRANS 255 COMPUTE STATISTICS NOCOMPRESS LOGGING
  TABLESPACE "VOTE_USER"  ENABLE;
 
  ALTER TABLE "VOTE"."ACT_PROCDEF_INFO" ADD CHECK ("ID_" IS NOT NULL) ENABLE;
 
  ALTER TABLE "VOTE"."ACT_PROCDEF_INFO" ADD CHECK ("PROC_DEF_ID_" IS NOT NULL) ENABLE;
 
  ALTER TABLE "VOTE"."ACT_PROCDEF_INFO" ADD CHECK ("ID_" IS NOT NULL) ENABLE;
 
  ALTER TABLE "VOTE"."ACT_PROCDEF_INFO" ADD CHECK ("PROC_DEF_ID_" IS NOT NULL) ENABLE;
 
  ALTER TABLE "VOTE"."ACT_PROCDEF_INFO" ADD PRIMARY KEY ("ID_")
  USING INDEX PCTFREE 10 INITRANS 2 MAXTRANS 255 COMPUTE STATISTICS NOCOMPRESS LOGGING
  TABLESPACE "VOTE_USER"  ENABLE;
--------------------------------------------------------
--  Constraints for Table ACT_RE_DEPLOYMENT
--------------------------------------------------------

  ALTER TABLE "VOTE"."ACT_RE_DEPLOYMENT" MODIFY ("ID_" NOT NULL ENABLE);
 
  ALTER TABLE "VOTE"."ACT_RE_DEPLOYMENT" ADD PRIMARY KEY ("ID_")
  USING INDEX PCTFREE 10 INITRANS 2 MAXTRANS 255 COMPUTE STATISTICS NOCOMPRESS LOGGING
  TABLESPACE "VOTE_USER"  ENABLE;
--------------------------------------------------------
--  Constraints for Table ACT_RE_MODEL
--------------------------------------------------------

  ALTER TABLE "VOTE"."ACT_RE_MODEL" MODIFY ("ID_" NOT NULL ENABLE);
 
  ALTER TABLE "VOTE"."ACT_RE_MODEL" ADD CHECK ("ID_" IS NOT NULL) ENABLE;
 
  ALTER TABLE "VOTE"."ACT_RE_MODEL" ADD CHECK ("ID_" IS NOT NULL) ENABLE;
 
  ALTER TABLE "VOTE"."ACT_RE_MODEL" ADD PRIMARY KEY ("ID_")
  USING INDEX PCTFREE 10 INITRANS 2 MAXTRANS 255 COMPUTE STATISTICS NOCOMPRESS LOGGING
  TABLESPACE "VOTE_USER"  ENABLE;
--------------------------------------------------------
--  Constraints for Table ACT_RE_PROCDEF
--------------------------------------------------------

  ALTER TABLE "VOTE"."ACT_RE_PROCDEF" MODIFY ("ID_" NOT NULL ENABLE);
 
  ALTER TABLE "VOTE"."ACT_RE_PROCDEF" MODIFY ("KEY_" NOT NULL ENABLE);
 
  ALTER TABLE "VOTE"."ACT_RE_PROCDEF" MODIFY ("VERSION_" NOT NULL ENABLE);
 
  ALTER TABLE "VOTE"."ACT_RE_PROCDEF" ADD UNIQUE ("KEY_", "VERSION_", "TENANT_ID_")
  USING INDEX PCTFREE 10 INITRANS 2 MAXTRANS 255 COMPUTE STATISTICS NOCOMPRESS LOGGING
  TABLESPACE "VOTE_USER"  ENABLE;
 
  ALTER TABLE "VOTE"."ACT_RE_PROCDEF" ADD CHECK ("ID_" IS NOT NULL) ENABLE;
 
  ALTER TABLE "VOTE"."ACT_RE_PROCDEF" ADD CHECK ("KEY_" IS NOT NULL) ENABLE;
 
  ALTER TABLE "VOTE"."ACT_RE_PROCDEF" ADD CHECK ("VERSION_" IS NOT NULL) ENABLE;
 
  ALTER TABLE "VOTE"."ACT_RE_PROCDEF" ADD CHECK (HAS_START_FORM_KEY_ IN (1,0)) ENABLE;
 
  ALTER TABLE "VOTE"."ACT_RE_PROCDEF" ADD CHECK (HAS_GRAPHICAL_NOTATION_ IN (1,0)) ENABLE;
 
  ALTER TABLE "VOTE"."ACT_RE_PROCDEF" ADD PRIMARY KEY ("ID_")
  USING INDEX PCTFREE 10 INITRANS 2 MAXTRANS 255 COMPUTE STATISTICS NOCOMPRESS LOGGING
  TABLESPACE "VOTE_USER"  ENABLE;
 
  ALTER TABLE "VOTE"."ACT_RE_PROCDEF" ADD CHECK ("ID_" IS NOT NULL) ENABLE;
 
  ALTER TABLE "VOTE"."ACT_RE_PROCDEF" ADD CHECK ("KEY_" IS NOT NULL) ENABLE;
 
  ALTER TABLE "VOTE"."ACT_RE_PROCDEF" ADD CHECK ("VERSION_" IS NOT NULL) ENABLE;
 
  ALTER TABLE "VOTE"."ACT_RE_PROCDEF" ADD CHECK (HAS_START_FORM_KEY_ IN (1,0)) ENABLE;
 
  ALTER TABLE "VOTE"."ACT_RE_PROCDEF" ADD CHECK (HAS_GRAPHICAL_NOTATION_ IN (1,0)) ENABLE;
 
  ALTER TABLE "VOTE"."ACT_RE_PROCDEF" ADD CHECK ("ID_" IS NOT NULL) ENABLE;
 
  ALTER TABLE "VOTE"."ACT_RE_PROCDEF" ADD CHECK ("KEY_" IS NOT NULL) ENABLE;
 
  ALTER TABLE "VOTE"."ACT_RE_PROCDEF" ADD CHECK ("VERSION_" IS NOT NULL) ENABLE;
 
  ALTER TABLE "VOTE"."ACT_RE_PROCDEF" ADD CHECK (HAS_START_FORM_KEY_ IN (1,0)) ENABLE;
 
  ALTER TABLE "VOTE"."ACT_RE_PROCDEF" ADD CHECK (HAS_GRAPHICAL_NOTATION_ IN (1,0)) ENABLE;
 
  ALTER TABLE "VOTE"."ACT_RE_PROCDEF" ADD CHECK ("ID_" IS NOT NULL) ENABLE;
 
  ALTER TABLE "VOTE"."ACT_RE_PROCDEF" ADD CHECK ("KEY_" IS NOT NULL) ENABLE;
 
  ALTER TABLE "VOTE"."ACT_RE_PROCDEF" ADD CHECK ("VERSION_" IS NOT NULL) ENABLE;
 
  ALTER TABLE "VOTE"."ACT_RE_PROCDEF" ADD CHECK (HAS_START_FORM_KEY_ IN (1,0)) ENABLE;
 
  ALTER TABLE "VOTE"."ACT_RE_PROCDEF" ADD CHECK (HAS_GRAPHICAL_NOTATION_ IN (1,0)) ENABLE;
 
  ALTER TABLE "VOTE"."ACT_RE_PROCDEF" ADD CHECK ("ID_" IS NOT NULL) ENABLE;
 
  ALTER TABLE "VOTE"."ACT_RE_PROCDEF" ADD CHECK ("KEY_" IS NOT NULL) ENABLE;
 
  ALTER TABLE "VOTE"."ACT_RE_PROCDEF" ADD CHECK ("VERSION_" IS NOT NULL) ENABLE;
 
  ALTER TABLE "VOTE"."ACT_RE_PROCDEF" ADD CHECK (HAS_START_FORM_KEY_ IN (1,0)) ENABLE;
 
  ALTER TABLE "VOTE"."ACT_RE_PROCDEF" ADD CHECK (HAS_GRAPHICAL_NOTATION_ IN (1,0)) ENABLE;
 
  ALTER TABLE "VOTE"."ACT_RE_PROCDEF" ADD CHECK ("ID_" IS NOT NULL) ENABLE;
 
  ALTER TABLE "VOTE"."ACT_RE_PROCDEF" ADD CHECK ("KEY_" IS NOT NULL) ENABLE;
 
  ALTER TABLE "VOTE"."ACT_RE_PROCDEF" ADD CHECK ("VERSION_" IS NOT NULL) ENABLE;
 
  ALTER TABLE "VOTE"."ACT_RE_PROCDEF" ADD CHECK (HAS_START_FORM_KEY_ IN (1,0)) ENABLE;
 
  ALTER TABLE "VOTE"."ACT_RE_PROCDEF" ADD CHECK (HAS_GRAPHICAL_NOTATION_ IN (1,0)) ENABLE;
--------------------------------------------------------
--  Constraints for Table ACT_RU_EVENT_SUBSCR
--------------------------------------------------------

  ALTER TABLE "VOTE"."ACT_RU_EVENT_SUBSCR" MODIFY ("ID_" NOT NULL ENABLE);
 
  ALTER TABLE "VOTE"."ACT_RU_EVENT_SUBSCR" MODIFY ("EVENT_TYPE_" NOT NULL ENABLE);
 
  ALTER TABLE "VOTE"."ACT_RU_EVENT_SUBSCR" MODIFY ("CREATED_" NOT NULL ENABLE);
 
  ALTER TABLE "VOTE"."ACT_RU_EVENT_SUBSCR" ADD CHECK ("ID_" IS NOT NULL) ENABLE;
 
  ALTER TABLE "VOTE"."ACT_RU_EVENT_SUBSCR" ADD CHECK ("EVENT_TYPE_" IS NOT NULL) ENABLE;
 
  ALTER TABLE "VOTE"."ACT_RU_EVENT_SUBSCR" ADD CHECK ("CREATED_" IS NOT NULL) ENABLE;
 
  ALTER TABLE "VOTE"."ACT_RU_EVENT_SUBSCR" ADD CHECK ("ID_" IS NOT NULL) ENABLE;
 
  ALTER TABLE "VOTE"."ACT_RU_EVENT_SUBSCR" ADD CHECK ("EVENT_TYPE_" IS NOT NULL) ENABLE;
 
  ALTER TABLE "VOTE"."ACT_RU_EVENT_SUBSCR" ADD CHECK ("CREATED_" IS NOT NULL) ENABLE;
 
  ALTER TABLE "VOTE"."ACT_RU_EVENT_SUBSCR" ADD PRIMARY KEY ("ID_")
  USING INDEX PCTFREE 10 INITRANS 2 MAXTRANS 255 COMPUTE STATISTICS NOCOMPRESS LOGGING
  TABLESPACE "VOTE_USER"  ENABLE;
--------------------------------------------------------
--  Constraints for Table ACT_RU_EXECUTION
--------------------------------------------------------

  ALTER TABLE "VOTE"."ACT_RU_EXECUTION" MODIFY ("ID_" NOT NULL ENABLE);
 
  ALTER TABLE "VOTE"."ACT_RU_EXECUTION" ADD CHECK (IS_ACTIVE_ IN (1,0)) ENABLE;
 
  ALTER TABLE "VOTE"."ACT_RU_EXECUTION" ADD CHECK (IS_CONCURRENT_ IN (1,0)) ENABLE;
 
  ALTER TABLE "VOTE"."ACT_RU_EXECUTION" ADD CHECK (IS_SCOPE_ IN (1,0)) ENABLE;
 
  ALTER TABLE "VOTE"."ACT_RU_EXECUTION" ADD CHECK (IS_EVENT_SCOPE_ IN (1,0)) ENABLE;
 
  ALTER TABLE "VOTE"."ACT_RU_EXECUTION" ADD PRIMARY KEY ("ID_")
  USING INDEX PCTFREE 10 INITRANS 2 MAXTRANS 255 COMPUTE STATISTICS NOCOMPRESS LOGGING
  TABLESPACE "VOTE_USER"  ENABLE;
 
  ALTER TABLE "VOTE"."ACT_RU_EXECUTION" ADD CHECK (IS_ACTIVE_ IN (1,0)) ENABLE;
 
  ALTER TABLE "VOTE"."ACT_RU_EXECUTION" ADD CHECK (IS_CONCURRENT_ IN (1,0)) ENABLE;
 
  ALTER TABLE "VOTE"."ACT_RU_EXECUTION" ADD CHECK (IS_SCOPE_ IN (1,0)) ENABLE;
 
  ALTER TABLE "VOTE"."ACT_RU_EXECUTION" ADD CHECK (IS_EVENT_SCOPE_ IN (1,0)) ENABLE;
 
  ALTER TABLE "VOTE"."ACT_RU_EXECUTION" ADD CHECK (IS_ACTIVE_ IN (1,0)) ENABLE;
 
  ALTER TABLE "VOTE"."ACT_RU_EXECUTION" ADD CHECK (IS_CONCURRENT_ IN (1,0)) ENABLE;
 
  ALTER TABLE "VOTE"."ACT_RU_EXECUTION" ADD CHECK (IS_SCOPE_ IN (1,0)) ENABLE;
 
  ALTER TABLE "VOTE"."ACT_RU_EXECUTION" ADD CHECK (IS_EVENT_SCOPE_ IN (1,0)) ENABLE;
 
  ALTER TABLE "VOTE"."ACT_RU_EXECUTION" ADD CHECK (IS_ACTIVE_ IN (1,0)) ENABLE;
 
  ALTER TABLE "VOTE"."ACT_RU_EXECUTION" ADD CHECK (IS_CONCURRENT_ IN (1,0)) ENABLE;
 
  ALTER TABLE "VOTE"."ACT_RU_EXECUTION" ADD CHECK (IS_SCOPE_ IN (1,0)) ENABLE;
 
  ALTER TABLE "VOTE"."ACT_RU_EXECUTION" ADD CHECK (IS_EVENT_SCOPE_ IN (1,0)) ENABLE;
 
  ALTER TABLE "VOTE"."ACT_RU_EXECUTION" ADD CHECK (IS_ACTIVE_ IN (1,0)) ENABLE;
 
  ALTER TABLE "VOTE"."ACT_RU_EXECUTION" ADD CHECK (IS_CONCURRENT_ IN (1,0)) ENABLE;
 
  ALTER TABLE "VOTE"."ACT_RU_EXECUTION" ADD CHECK (IS_SCOPE_ IN (1,0)) ENABLE;
 
  ALTER TABLE "VOTE"."ACT_RU_EXECUTION" ADD CHECK (IS_EVENT_SCOPE_ IN (1,0)) ENABLE;
 
  ALTER TABLE "VOTE"."ACT_RU_EXECUTION" ADD CHECK (IS_ACTIVE_ IN (1,0)) ENABLE;
 
  ALTER TABLE "VOTE"."ACT_RU_EXECUTION" ADD CHECK (IS_CONCURRENT_ IN (1,0)) ENABLE;
 
  ALTER TABLE "VOTE"."ACT_RU_EXECUTION" ADD CHECK (IS_SCOPE_ IN (1,0)) ENABLE;
 
  ALTER TABLE "VOTE"."ACT_RU_EXECUTION" ADD CHECK (IS_EVENT_SCOPE_ IN (1,0)) ENABLE;
--------------------------------------------------------
--  Constraints for Table ACT_RU_IDENTITYLINK
--------------------------------------------------------

  ALTER TABLE "VOTE"."ACT_RU_IDENTITYLINK" MODIFY ("ID_" NOT NULL ENABLE);
 
  ALTER TABLE "VOTE"."ACT_RU_IDENTITYLINK" ADD CHECK ("ID_" IS NOT NULL) ENABLE;
 
  ALTER TABLE "VOTE"."ACT_RU_IDENTITYLINK" ADD PRIMARY KEY ("ID_")
  USING INDEX PCTFREE 10 INITRANS 2 MAXTRANS 255 COMPUTE STATISTICS NOCOMPRESS LOGGING
  TABLESPACE "VOTE_USER"  ENABLE;
--------------------------------------------------------
--  Constraints for Table ACT_RU_JOB
--------------------------------------------------------

  ALTER TABLE "VOTE"."ACT_RU_JOB" MODIFY ("ID_" NOT NULL ENABLE);
 
  ALTER TABLE "VOTE"."ACT_RU_JOB" MODIFY ("TYPE_" NOT NULL ENABLE);
 
  ALTER TABLE "VOTE"."ACT_RU_JOB" ADD CHECK ("ID_" IS NOT NULL) ENABLE;
 
  ALTER TABLE "VOTE"."ACT_RU_JOB" ADD CHECK ("TYPE_" IS NOT NULL) ENABLE;
 
  ALTER TABLE "VOTE"."ACT_RU_JOB" ADD CHECK ("ID_" IS NOT NULL) ENABLE;
 
  ALTER TABLE "VOTE"."ACT_RU_JOB" ADD CHECK ("TYPE_" IS NOT NULL) ENABLE;
 
  ALTER TABLE "VOTE"."ACT_RU_JOB" ADD CHECK (EXCLUSIVE_ IN (1,0)) ENABLE;
 
  ALTER TABLE "VOTE"."ACT_RU_JOB" ADD PRIMARY KEY ("ID_")
  USING INDEX PCTFREE 10 INITRANS 2 MAXTRANS 255 COMPUTE STATISTICS NOCOMPRESS LOGGING
  TABLESPACE "VOTE_USER"  ENABLE;
--------------------------------------------------------
--  Constraints for Table ACT_RU_TASK
--------------------------------------------------------

  ALTER TABLE "VOTE"."ACT_RU_TASK" MODIFY ("ID_" NOT NULL ENABLE);
 
  ALTER TABLE "VOTE"."ACT_RU_TASK" ADD CHECK ("ID_" IS NOT NULL) ENABLE;
 
  ALTER TABLE "VOTE"."ACT_RU_TASK" ADD PRIMARY KEY ("ID_")
  USING INDEX PCTFREE 10 INITRANS 2 MAXTRANS 255 COMPUTE STATISTICS NOCOMPRESS LOGGING
  TABLESPACE "VOTE_USER"  ENABLE;
--------------------------------------------------------
--  Constraints for Table ACT_RU_VARIABLE
--------------------------------------------------------

  ALTER TABLE "VOTE"."ACT_RU_VARIABLE" MODIFY ("ID_" NOT NULL ENABLE);
 
  ALTER TABLE "VOTE"."ACT_RU_VARIABLE" MODIFY ("TYPE_" NOT NULL ENABLE);
 
  ALTER TABLE "VOTE"."ACT_RU_VARIABLE" MODIFY ("NAME_" NOT NULL ENABLE);
 
  ALTER TABLE "VOTE"."ACT_RU_VARIABLE" ADD CHECK ("ID_" IS NOT NULL) ENABLE;
 
  ALTER TABLE "VOTE"."ACT_RU_VARIABLE" ADD CHECK ("TYPE_" IS NOT NULL) ENABLE;
 
  ALTER TABLE "VOTE"."ACT_RU_VARIABLE" ADD CHECK ("NAME_" IS NOT NULL) ENABLE;
 
  ALTER TABLE "VOTE"."ACT_RU_VARIABLE" ADD CHECK ("ID_" IS NOT NULL) ENABLE;
 
  ALTER TABLE "VOTE"."ACT_RU_VARIABLE" ADD CHECK ("TYPE_" IS NOT NULL) ENABLE;
 
  ALTER TABLE "VOTE"."ACT_RU_VARIABLE" ADD CHECK ("NAME_" IS NOT NULL) ENABLE;
 
  ALTER TABLE "VOTE"."ACT_RU_VARIABLE" ADD PRIMARY KEY ("ID_")
  USING INDEX PCTFREE 10 INITRANS 2 MAXTRANS 255 COMPUTE STATISTICS NOCOMPRESS LOGGING
  TABLESPACE "VOTE_USER"  ENABLE;
--------------------------------------------------------
--  Constraints for Table APPLICATION
--------------------------------------------------------

  ALTER TABLE "VOTE"."APPLICATION" MODIFY ("APP_ID" NOT NULL ENABLE);
 
  ALTER TABLE "VOTE"."APPLICATION" ADD CHECK ("APP_ID" IS NOT NULL) ENABLE;
 
  ALTER TABLE "VOTE"."APPLICATION" ADD CHECK ("APP_ID" IS NOT NULL) ENABLE;
 
  ALTER TABLE "VOTE"."APPLICATION" ADD PRIMARY KEY ("APP_ID")
  USING INDEX PCTFREE 10 INITRANS 2 MAXTRANS 255 COMPUTE STATISTICS NOCOMPRESS LOGGING
  TABLESPACE "VOTE_USER"  ENABLE;
--------------------------------------------------------
--  Constraints for Table APPLICATION_IEDA
--------------------------------------------------------

  ALTER TABLE "VOTE"."APPLICATION_IEDA" MODIFY ("IDEA_ID" NOT NULL ENABLE);
 
  ALTER TABLE "VOTE"."APPLICATION_IEDA" MODIFY ("APP_ID" NOT NULL ENABLE);
 
  ALTER TABLE "VOTE"."APPLICATION_IEDA" ADD CHECK ("IDEA_ID" IS NOT NULL) ENABLE;
 
  ALTER TABLE "VOTE"."APPLICATION_IEDA" ADD CHECK ("APP_ID" IS NOT NULL) ENABLE;
 
  ALTER TABLE "VOTE"."APPLICATION_IEDA" ADD CHECK ("IDEA_ID" IS NOT NULL) ENABLE;
 
  ALTER TABLE "VOTE"."APPLICATION_IEDA" ADD CHECK ("APP_ID" IS NOT NULL) ENABLE;
 
  ALTER TABLE "VOTE"."APPLICATION_IEDA" ADD PRIMARY KEY ("IDEA_ID")
  USING INDEX PCTFREE 10 INITRANS 2 MAXTRANS 255 COMPUTE STATISTICS NOCOMPRESS LOGGING
  TABLESPACE "VOTE_USER"  ENABLE;
--------------------------------------------------------
--  Constraints for Table BASE_ORG_REL
--------------------------------------------------------

  ALTER TABLE "VOTE"."BASE_ORG_REL" MODIFY ("REL_ID" NOT NULL ENABLE);
 
  ALTER TABLE "VOTE"."BASE_ORG_REL" ADD CHECK ("REL_ID" IS NOT NULL) ENABLE;
 
  ALTER TABLE "VOTE"."BASE_ORG_REL" ADD CHECK ("REL_ID" IS NOT NULL) ENABLE;
 
  ALTER TABLE "VOTE"."BASE_ORG_REL" ADD PRIMARY KEY ("REL_ID")
  USING INDEX PCTFREE 10 INITRANS 2 MAXTRANS 255 COMPUTE STATISTICS NOCOMPRESS LOGGING
  TABLESPACE "VOTE_USER"  ENABLE;
--------------------------------------------------------
--  Constraints for Table BTN_INFO
--------------------------------------------------------

  ALTER TABLE "VOTE"."BTN_INFO" MODIFY ("BTN_ID" NOT NULL ENABLE);
--------------------------------------------------------
--  Constraints for Table BTN_ROLE
--------------------------------------------------------

  ALTER TABLE "VOTE"."BTN_ROLE" MODIFY ("BTN_ID" NOT NULL ENABLE);
 
  ALTER TABLE "VOTE"."BTN_ROLE" MODIFY ("ROLE_ID" NOT NULL ENABLE);
 
  ALTER TABLE "VOTE"."BTN_ROLE" ADD CHECK ("BTN_ID" IS NOT NULL) ENABLE;
 
  ALTER TABLE "VOTE"."BTN_ROLE" ADD CHECK ("ROLE_ID" IS NOT NULL) ENABLE;
 
  ALTER TABLE "VOTE"."BTN_ROLE" ADD CHECK ("BTN_ID" IS NOT NULL) ENABLE;
 
  ALTER TABLE "VOTE"."BTN_ROLE" ADD CHECK ("ROLE_ID" IS NOT NULL) ENABLE;
 
  ALTER TABLE "VOTE"."BTN_ROLE" ADD PRIMARY KEY ("BTN_ID", "ROLE_ID")
  USING INDEX PCTFREE 10 INITRANS 2 MAXTRANS 255 COMPUTE STATISTICS 
  STORAGE(INITIAL 65536 NEXT 1048576 MINEXTENTS 1 MAXEXTENTS 2147483645
  PCTINCREASE 0 FREELISTS 1 FREELIST GROUPS 1 BUFFER_POOL DEFAULT FLASH_CACHE DEFAULT CELL_FLASH_CACHE DEFAULT)
  TABLESPACE "VOTE_USER"  ENABLE;
--------------------------------------------------------
--  Constraints for Table BTN_USR
--------------------------------------------------------

  ALTER TABLE "VOTE"."BTN_USR" MODIFY ("BTN_ID" NOT NULL ENABLE);
 
  ALTER TABLE "VOTE"."BTN_USR" MODIFY ("USR_ID" NOT NULL ENABLE);
 
  ALTER TABLE "VOTE"."BTN_USR" ADD CHECK ("BTN_ID" IS NOT NULL) ENABLE;
 
  ALTER TABLE "VOTE"."BTN_USR" ADD CHECK ("USR_ID" IS NOT NULL) ENABLE;
 
  ALTER TABLE "VOTE"."BTN_USR" ADD CHECK ("BTN_ID" IS NOT NULL) ENABLE;
 
  ALTER TABLE "VOTE"."BTN_USR" ADD CHECK ("USR_ID" IS NOT NULL) ENABLE;
 
  ALTER TABLE "VOTE"."BTN_USR" ADD PRIMARY KEY ("BTN_ID", "USR_ID")
  USING INDEX PCTFREE 10 INITRANS 2 MAXTRANS 255 COMPUTE STATISTICS NOCOMPRESS LOGGING
  TABLESPACE "VOTE_USER"  ENABLE;
--------------------------------------------------------
--  Constraints for Table CODE_DATA
--------------------------------------------------------

  ALTER TABLE "VOTE"."CODE_DATA" MODIFY ("CODE_NO" NOT NULL ENABLE);
 
  ALTER TABLE "VOTE"."CODE_DATA" MODIFY ("CODE_KEY" NOT NULL ENABLE);
 
  ALTER TABLE "VOTE"."CODE_DATA" ADD CHECK ("CODE_NO" IS NOT NULL) ENABLE;
 
  ALTER TABLE "VOTE"."CODE_DATA" ADD CHECK ("CODE_KEY" IS NOT NULL) ENABLE;
 
  ALTER TABLE "VOTE"."CODE_DATA" ADD CHECK ("CODE_NO" IS NOT NULL) ENABLE;
 
  ALTER TABLE "VOTE"."CODE_DATA" ADD CHECK ("CODE_KEY" IS NOT NULL) ENABLE;
 
  ALTER TABLE "VOTE"."CODE_DATA" ADD CHECK ("CODE_NO" IS NOT NULL) ENABLE;
 
  ALTER TABLE "VOTE"."CODE_DATA" ADD CHECK ("CODE_KEY" IS NOT NULL) ENABLE;
 
  ALTER TABLE "VOTE"."CODE_DATA" ADD PRIMARY KEY ("CODE_NO", "CODE_KEY")
  USING INDEX PCTFREE 10 INITRANS 2 MAXTRANS 255 COMPUTE STATISTICS 
  STORAGE(INITIAL 65536 NEXT 1048576 MINEXTENTS 1 MAXEXTENTS 2147483645
  PCTINCREASE 0 FREELISTS 1 FREELIST GROUPS 1 BUFFER_POOL DEFAULT FLASH_CACHE DEFAULT CELL_FLASH_CACHE DEFAULT)
  TABLESPACE "VOTE_USER"  ENABLE;
--------------------------------------------------------
--  Constraints for Table COST_INFO
--------------------------------------------------------

  ALTER TABLE "VOTE"."COST_INFO" MODIFY ("COST_ID" NOT NULL ENABLE);
 
  ALTER TABLE "VOTE"."COST_INFO" ADD PRIMARY KEY ("COST_ID")
  USING INDEX PCTFREE 10 INITRANS 2 MAXTRANS 255 
  STORAGE(INITIAL 65536 NEXT 1048576 MINEXTENTS 1 MAXEXTENTS 2147483645
  PCTINCREASE 0 FREELISTS 1 FREELIST GROUPS 1 BUFFER_POOL DEFAULT FLASH_CACHE DEFAULT CELL_FLASH_CACHE DEFAULT)
  TABLESPACE "VOTE_USER"  ENABLE;
--------------------------------------------------------
--  Constraints for Table EXCEL_CELL
--------------------------------------------------------

  ALTER TABLE "VOTE"."EXCEL_CELL" MODIFY ("EXCEL_CELL_ID" NOT NULL ENABLE);
 
  ALTER TABLE "VOTE"."EXCEL_CELL" ADD CHECK ("EXCEL_CELL_ID" IS NOT NULL) ENABLE;
 
  ALTER TABLE "VOTE"."EXCEL_CELL" ADD CHECK ("EXCEL_CELL_ID" IS NOT NULL) ENABLE;
 
  ALTER TABLE "VOTE"."EXCEL_CELL" ADD CHECK ("EXCEL_CELL_ID" IS NOT NULL) ENABLE;
 
  ALTER TABLE "VOTE"."EXCEL_CELL" ADD PRIMARY KEY ("EXCEL_CELL_ID")
  USING INDEX PCTFREE 10 INITRANS 2 MAXTRANS 255 COMPUTE STATISTICS 
  STORAGE(INITIAL 65536 NEXT 1048576 MINEXTENTS 1 MAXEXTENTS 2147483645
  PCTINCREASE 0 FREELISTS 1 FREELIST GROUPS 1 BUFFER_POOL DEFAULT FLASH_CACHE DEFAULT CELL_FLASH_CACHE DEFAULT)
  TABLESPACE "VOTE_USER"  ENABLE;
--------------------------------------------------------
--  Constraints for Table EXCEL_FILE
--------------------------------------------------------

  ALTER TABLE "VOTE"."EXCEL_FILE" MODIFY ("EXCEL_FILE_ID" NOT NULL ENABLE);
 
  ALTER TABLE "VOTE"."EXCEL_FILE" ADD CHECK ("EXCEL_FILE_ID" IS NOT NULL) ENABLE;
 
  ALTER TABLE "VOTE"."EXCEL_FILE" ADD CHECK ("EXCEL_FILE_ID" IS NOT NULL) ENABLE;
 
  ALTER TABLE "VOTE"."EXCEL_FILE" ADD CHECK ("EXCEL_FILE_ID" IS NOT NULL) ENABLE;
 
  ALTER TABLE "VOTE"."EXCEL_FILE" ADD PRIMARY KEY ("EXCEL_FILE_ID")
  USING INDEX PCTFREE 10 INITRANS 2 MAXTRANS 255 COMPUTE STATISTICS 
  STORAGE(INITIAL 65536 NEXT 1048576 MINEXTENTS 1 MAXEXTENTS 2147483645
  PCTINCREASE 0 FREELISTS 1 FREELIST GROUPS 1 BUFFER_POOL DEFAULT FLASH_CACHE DEFAULT CELL_FLASH_CACHE DEFAULT)
  TABLESPACE "VOTE_USER"  ENABLE;
--------------------------------------------------------
--  Constraints for Table EXCEL_SHEET
--------------------------------------------------------

  ALTER TABLE "VOTE"."EXCEL_SHEET" MODIFY ("EXCEL_SHEET_ID" NOT NULL ENABLE);
 
  ALTER TABLE "VOTE"."EXCEL_SHEET" ADD CHECK ("EXCEL_SHEET_ID" IS NOT NULL) ENABLE;
 
  ALTER TABLE "VOTE"."EXCEL_SHEET" ADD CHECK ("EXCEL_SHEET_ID" IS NOT NULL) ENABLE;
 
  ALTER TABLE "VOTE"."EXCEL_SHEET" ADD CHECK ("EXCEL_SHEET_ID" IS NOT NULL) ENABLE;
 
  ALTER TABLE "VOTE"."EXCEL_SHEET" ADD PRIMARY KEY ("EXCEL_SHEET_ID")
  USING INDEX PCTFREE 10 INITRANS 2 MAXTRANS 255 COMPUTE STATISTICS 
  STORAGE(INITIAL 65536 NEXT 1048576 MINEXTENTS 1 MAXEXTENTS 2147483645
  PCTINCREASE 0 FREELISTS 1 FREELIST GROUPS 1 BUFFER_POOL DEFAULT FLASH_CACHE DEFAULT CELL_FLASH_CACHE DEFAULT)
  TABLESPACE "VOTE_USER"  ENABLE;
--------------------------------------------------------
--  Constraints for Table FILE_TYPE_CFG
--------------------------------------------------------

  ALTER TABLE "VOTE"."FILE_TYPE_CFG" MODIFY ("ID" NOT NULL ENABLE);
 
  ALTER TABLE "VOTE"."FILE_TYPE_CFG" MODIFY ("TRAN_TYPE" NOT NULL ENABLE);
 
  ALTER TABLE "VOTE"."FILE_TYPE_CFG" MODIFY ("FILE_TYPE" NOT NULL ENABLE);
 
  ALTER TABLE "VOTE"."FILE_TYPE_CFG" ADD CHECK ("ID" IS NOT NULL) ENABLE;
 
  ALTER TABLE "VOTE"."FILE_TYPE_CFG" ADD CHECK ("TRAN_TYPE" IS NOT NULL) ENABLE;
 
  ALTER TABLE "VOTE"."FILE_TYPE_CFG" ADD CHECK ("FILE_TYPE" IS NOT NULL) ENABLE;
 
  ALTER TABLE "VOTE"."FILE_TYPE_CFG" ADD CHECK ("ID" IS NOT NULL) ENABLE;
 
  ALTER TABLE "VOTE"."FILE_TYPE_CFG" ADD CHECK ("TRAN_TYPE" IS NOT NULL) ENABLE;
 
  ALTER TABLE "VOTE"."FILE_TYPE_CFG" ADD CHECK ("FILE_TYPE" IS NOT NULL) ENABLE;
 
  ALTER TABLE "VOTE"."FILE_TYPE_CFG" ADD PRIMARY KEY ("ID")
  USING INDEX PCTFREE 10 INITRANS 2 MAXTRANS 255 COMPUTE STATISTICS NOCOMPRESS LOGGING
  TABLESPACE "VOTE_USER"  ENABLE;
--------------------------------------------------------
--  Constraints for Table FILE_UPLOAD
--------------------------------------------------------

  ALTER TABLE "VOTE"."FILE_UPLOAD" MODIFY ("FILE_ID" NOT NULL ENABLE);
 
  ALTER TABLE "VOTE"."FILE_UPLOAD" ADD CHECK ("FILE_ID" IS NOT NULL) ENABLE;
 
  ALTER TABLE "VOTE"."FILE_UPLOAD" ADD CHECK ("FILE_ID" IS NOT NULL) ENABLE;
 
  ALTER TABLE "VOTE"."FILE_UPLOAD" ADD PRIMARY KEY ("FILE_ID")
  USING INDEX PCTFREE 10 INITRANS 2 MAXTRANS 255 COMPUTE STATISTICS NOCOMPRESS LOGGING
  TABLESPACE "VOTE_USER"  ENABLE;
--------------------------------------------------------
--  Constraints for Table MENU_INFO
--------------------------------------------------------

  ALTER TABLE "VOTE"."MENU_INFO" MODIFY ("MENU_ID" NOT NULL ENABLE);
 
  ALTER TABLE "VOTE"."MENU_INFO" ADD CHECK ("MENU_ID" IS NOT NULL) ENABLE;
 
  ALTER TABLE "VOTE"."MENU_INFO" ADD CHECK ("MENU_ID" IS NOT NULL) ENABLE;
 
  ALTER TABLE "VOTE"."MENU_INFO" ADD PRIMARY KEY ("MENU_ID")
  USING INDEX PCTFREE 10 INITRANS 2 MAXTRANS 255 COMPUTE STATISTICS 
  STORAGE(INITIAL 65536 NEXT 1048576 MINEXTENTS 1 MAXEXTENTS 2147483645
  PCTINCREASE 0 FREELISTS 1 FREELIST GROUPS 1 BUFFER_POOL DEFAULT FLASH_CACHE DEFAULT CELL_FLASH_CACHE DEFAULT)
  TABLESPACE "VOTE_USER"  ENABLE;
--------------------------------------------------------
--  Constraints for Table ORG_INFO
--------------------------------------------------------

  ALTER TABLE "VOTE"."ORG_INFO" MODIFY ("ORG_NO" NOT NULL ENABLE);
 
  ALTER TABLE "VOTE"."ORG_INFO" MODIFY ("ORG_NAME" NOT NULL ENABLE);
 
  ALTER TABLE "VOTE"."ORG_INFO" MODIFY ("ORG_TYPE" NOT NULL ENABLE);
 
  ALTER TABLE "VOTE"."ORG_INFO" MODIFY ("ORG_STATUS" NOT NULL ENABLE);
 
  ALTER TABLE "VOTE"."ORG_INFO" ADD CHECK ("ORG_NO" IS NOT NULL) ENABLE;
 
  ALTER TABLE "VOTE"."ORG_INFO" ADD CHECK ("ORG_NAME" IS NOT NULL) ENABLE;
 
  ALTER TABLE "VOTE"."ORG_INFO" ADD CHECK ("ORG_TYPE" IS NOT NULL) ENABLE;
 
  ALTER TABLE "VOTE"."ORG_INFO" ADD CHECK ("ORG_STATUS" IS NOT NULL) ENABLE;
 
  ALTER TABLE "VOTE"."ORG_INFO" ADD CHECK ("ORG_NO" IS NOT NULL) ENABLE;
 
  ALTER TABLE "VOTE"."ORG_INFO" ADD CHECK ("ORG_NAME" IS NOT NULL) ENABLE;
 
  ALTER TABLE "VOTE"."ORG_INFO" ADD CHECK ("ORG_TYPE" IS NOT NULL) ENABLE;
 
  ALTER TABLE "VOTE"."ORG_INFO" ADD CHECK ("ORG_STATUS" IS NOT NULL) ENABLE;
 
  ALTER TABLE "VOTE"."ORG_INFO" ADD PRIMARY KEY ("ORG_NO")
  USING INDEX PCTFREE 10 INITRANS 2 MAXTRANS 255 COMPUTE STATISTICS 
  STORAGE(INITIAL 65536 NEXT 1048576 MINEXTENTS 1 MAXEXTENTS 2147483645
  PCTINCREASE 0 FREELISTS 1 FREELIST GROUPS 1 BUFFER_POOL DEFAULT FLASH_CACHE DEFAULT CELL_FLASH_CACHE DEFAULT)
  TABLESPACE "VOTE_USER"  ENABLE;
--------------------------------------------------------
--  Constraints for Table PARAMS_INFO
--------------------------------------------------------

  ALTER TABLE "VOTE"."PARAMS_INFO" MODIFY ("PARAMS_NO" NOT NULL ENABLE);
 
  ALTER TABLE "VOTE"."PARAMS_INFO" ADD CHECK ("PARAMS_NO" IS NOT NULL) ENABLE;
 
  ALTER TABLE "VOTE"."PARAMS_INFO" ADD CHECK ("PARAMS_NO" IS NOT NULL) ENABLE;
 
  ALTER TABLE "VOTE"."PARAMS_INFO" ADD PRIMARY KEY ("PARAMS_NO")
  USING INDEX PCTFREE 10 INITRANS 2 MAXTRANS 255 COMPUTE STATISTICS 
  STORAGE(INITIAL 65536 NEXT 1048576 MINEXTENTS 1 MAXEXTENTS 2147483645
  PCTINCREASE 0 FREELISTS 1 FREELIST GROUPS 1 BUFFER_POOL DEFAULT FLASH_CACHE DEFAULT CELL_FLASH_CACHE DEFAULT)
  TABLESPACE "VOTE_USER"  ENABLE;
--------------------------------------------------------
--  Constraints for Table PM_COMPANY_INFO
--------------------------------------------------------

  ALTER TABLE "VOTE"."PM_COMPANY_INFO" MODIFY ("COMPANY_CODE" NOT NULL ENABLE);
 
  ALTER TABLE "VOTE"."PM_COMPANY_INFO" MODIFY ("COMPANY_NAME" NOT NULL ENABLE);
 
  ALTER TABLE "VOTE"."PM_COMPANY_INFO" ADD PRIMARY KEY ("COMPANY_CODE")
  USING INDEX PCTFREE 10 INITRANS 2 MAXTRANS 255 COMPUTE STATISTICS 
  STORAGE(INITIAL 65536 NEXT 1048576 MINEXTENTS 1 MAXEXTENTS 2147483645
  PCTINCREASE 0 FREELISTS 1 FREELIST GROUPS 1 BUFFER_POOL DEFAULT FLASH_CACHE DEFAULT CELL_FLASH_CACHE DEFAULT)
  TABLESPACE "VOTE_USER"  ENABLE;
 
  ALTER TABLE "VOTE"."PM_COMPANY_INFO" ADD CHECK ("COMPANY_CODE" IS NOT NULL) ENABLE;
 
  ALTER TABLE "VOTE"."PM_COMPANY_INFO" ADD CHECK ("COMPANY_NAME" IS NOT NULL) ENABLE;
 
  ALTER TABLE "VOTE"."PM_COMPANY_INFO" ADD CHECK ("COMPANY_CODE" IS NOT NULL) ENABLE;
 
  ALTER TABLE "VOTE"."PM_COMPANY_INFO" ADD CHECK ("COMPANY_NAME" IS NOT NULL) ENABLE;
--------------------------------------------------------
--  Constraints for Table PM_CONFIRM_BID
--------------------------------------------------------

  ALTER TABLE "VOTE"."PM_CONFIRM_BID" MODIFY ("BID_ID" NOT NULL ENABLE);
 
  ALTER TABLE "VOTE"."PM_CONFIRM_BID" ADD PRIMARY KEY ("BID_ID")
  USING INDEX PCTFREE 10 INITRANS 2 MAXTRANS 255 COMPUTE STATISTICS 
  STORAGE(INITIAL 65536 NEXT 1048576 MINEXTENTS 1 MAXEXTENTS 2147483645
  PCTINCREASE 0 FREELISTS 1 FREELIST GROUPS 1 BUFFER_POOL DEFAULT FLASH_CACHE DEFAULT CELL_FLASH_CACHE DEFAULT)
  TABLESPACE "VOTE_USER"  ENABLE;
 
  ALTER TABLE "VOTE"."PM_CONFIRM_BID" ADD CHECK ("BID_ID" IS NOT NULL) ENABLE;
--------------------------------------------------------
--  Constraints for Table PM_CUSTOMER_GROUP
--------------------------------------------------------

  ALTER TABLE "VOTE"."PM_CUSTOMER_GROUP" MODIFY ("CUST_GROUP_ID" NOT NULL ENABLE);
 
  ALTER TABLE "VOTE"."PM_CUSTOMER_GROUP" ADD PRIMARY KEY ("CUST_GROUP_ID")
  USING INDEX PCTFREE 10 INITRANS 2 MAXTRANS 255 COMPUTE STATISTICS 
  STORAGE(INITIAL 65536 NEXT 1048576 MINEXTENTS 1 MAXEXTENTS 2147483645
  PCTINCREASE 0 FREELISTS 1 FREELIST GROUPS 1 BUFFER_POOL DEFAULT FLASH_CACHE DEFAULT CELL_FLASH_CACHE DEFAULT)
  TABLESPACE "VOTE_USER"  ENABLE;
 
  ALTER TABLE "VOTE"."PM_CUSTOMER_GROUP" ADD CHECK ("CUST_GROUP_ID" IS NOT NULL) ENABLE;
 
  ALTER TABLE "VOTE"."PM_CUSTOMER_GROUP" ADD CHECK ("CUST_GROUP_ID" IS NOT NULL) ENABLE;
 
  ALTER TABLE "VOTE"."PM_CUSTOMER_GROUP" ADD CHECK ("CUST_GROUP_ID" IS NOT NULL) ENABLE;
--------------------------------------------------------
--  Constraints for Table PM_CUSTOMER_GROUP_RELATION
--------------------------------------------------------

  ALTER TABLE "VOTE"."PM_CUSTOMER_GROUP_RELATION" MODIFY ("CUST_GROUP_RELATION_ID" NOT NULL ENABLE);
 
  ALTER TABLE "VOTE"."PM_CUSTOMER_GROUP_RELATION" ADD PRIMARY KEY ("CUST_GROUP_RELATION_ID")
  USING INDEX PCTFREE 10 INITRANS 2 MAXTRANS 255 COMPUTE STATISTICS 
  STORAGE(INITIAL 65536 NEXT 1048576 MINEXTENTS 1 MAXEXTENTS 2147483645
  PCTINCREASE 0 FREELISTS 1 FREELIST GROUPS 1 BUFFER_POOL DEFAULT FLASH_CACHE DEFAULT CELL_FLASH_CACHE DEFAULT)
  TABLESPACE "VOTE_USER"  ENABLE;
 
  ALTER TABLE "VOTE"."PM_CUSTOMER_GROUP_RELATION" ADD CHECK ("CUST_GROUP_RELATION_ID" IS NOT NULL) ENABLE;
 
  ALTER TABLE "VOTE"."PM_CUSTOMER_GROUP_RELATION" ADD CHECK ("CUST_GROUP_RELATION_ID" IS NOT NULL) ENABLE;
 
  ALTER TABLE "VOTE"."PM_CUSTOMER_GROUP_RELATION" ADD CHECK ("CUST_GROUP_RELATION_ID" IS NOT NULL) ENABLE;
--------------------------------------------------------
--  Constraints for Table PM_CUSTOMER_INFO
--------------------------------------------------------

  ALTER TABLE "VOTE"."PM_CUSTOMER_INFO" MODIFY ("CUST_ID" NOT NULL ENABLE);
 
  ALTER TABLE "VOTE"."PM_CUSTOMER_INFO" ADD PRIMARY KEY ("CUST_ID")
  USING INDEX PCTFREE 10 INITRANS 2 MAXTRANS 255 COMPUTE STATISTICS 
  STORAGE(INITIAL 65536 NEXT 1048576 MINEXTENTS 1 MAXEXTENTS 2147483645
  PCTINCREASE 0 FREELISTS 1 FREELIST GROUPS 1 BUFFER_POOL DEFAULT FLASH_CACHE DEFAULT CELL_FLASH_CACHE DEFAULT)
  TABLESPACE "VOTE_USER"  ENABLE;
 
  ALTER TABLE "VOTE"."PM_CUSTOMER_INFO" ADD CHECK ("CUST_ID" IS NOT NULL) ENABLE;
 
  ALTER TABLE "VOTE"."PM_CUSTOMER_INFO" ADD CHECK ("CUST_ID" IS NOT NULL) ENABLE;
 
  ALTER TABLE "VOTE"."PM_CUSTOMER_INFO" ADD CHECK ("CUST_ID" IS NOT NULL) ENABLE;
--------------------------------------------------------
--  Constraints for Table PM_FILE
--------------------------------------------------------

  ALTER TABLE "VOTE"."PM_FILE" MODIFY ("FILE_ID" NOT NULL ENABLE);
 
  ALTER TABLE "VOTE"."PM_FILE" ADD PRIMARY KEY ("FILE_ID")
  USING INDEX PCTFREE 10 INITRANS 2 MAXTRANS 255 COMPUTE STATISTICS 
  STORAGE(INITIAL 65536 NEXT 1048576 MINEXTENTS 1 MAXEXTENTS 2147483645
  PCTINCREASE 0 FREELISTS 1 FREELIST GROUPS 1 BUFFER_POOL DEFAULT FLASH_CACHE DEFAULT CELL_FLASH_CACHE DEFAULT)
  TABLESPACE "VOTE_USER"  ENABLE;
 
  ALTER TABLE "VOTE"."PM_FILE" ADD CHECK ("FILE_ID" IS NOT NULL) ENABLE;
--------------------------------------------------------
--  Constraints for Table PM_PAYMENT_POINT
--------------------------------------------------------

  ALTER TABLE "VOTE"."PM_PAYMENT_POINT" MODIFY ("PAYMENT_ID" NOT NULL ENABLE);
 
  ALTER TABLE "VOTE"."PM_PAYMENT_POINT" ADD PRIMARY KEY ("PAYMENT_ID")
  USING INDEX PCTFREE 10 INITRANS 2 MAXTRANS 255 COMPUTE STATISTICS NOCOMPRESS LOGGING
  TABLESPACE "VOTE_USER"  ENABLE;
 
  ALTER TABLE "VOTE"."PM_PAYMENT_POINT" ADD CHECK ("PAYMENT_ID" IS NOT NULL) ENABLE;
--------------------------------------------------------
--  Constraints for Table PM_PRODUCT_INFO
--------------------------------------------------------

  ALTER TABLE "VOTE"."PM_PRODUCT_INFO" MODIFY ("PRODUCT_ID" NOT NULL ENABLE);
 
  ALTER TABLE "VOTE"."PM_PRODUCT_INFO" ADD PRIMARY KEY ("PRODUCT_ID")
  USING INDEX PCTFREE 10 INITRANS 2 MAXTRANS 255 COMPUTE STATISTICS 
  STORAGE(INITIAL 65536 NEXT 1048576 MINEXTENTS 1 MAXEXTENTS 2147483645
  PCTINCREASE 0 FREELISTS 1 FREELIST GROUPS 1 BUFFER_POOL DEFAULT FLASH_CACHE DEFAULT CELL_FLASH_CACHE DEFAULT)
  TABLESPACE "VOTE_USER"  ENABLE;
 
  ALTER TABLE "VOTE"."PM_PRODUCT_INFO" ADD CHECK ("PRODUCT_ID" IS NOT NULL) ENABLE;
 
  ALTER TABLE "VOTE"."PM_PRODUCT_INFO" ADD CHECK ("PRODUCT_ID" IS NOT NULL) ENABLE;
--------------------------------------------------------
--  Constraints for Table PM_PRODUCT_PROJECT_RELATION
--------------------------------------------------------

  ALTER TABLE "VOTE"."PM_PRODUCT_PROJECT_RELATION" MODIFY ("PRODUCT_RELATION_ID" NOT NULL ENABLE);
 
  ALTER TABLE "VOTE"."PM_PRODUCT_PROJECT_RELATION" ADD PRIMARY KEY ("PRODUCT_RELATION_ID")
  USING INDEX PCTFREE 10 INITRANS 2 MAXTRANS 255 COMPUTE STATISTICS NOCOMPRESS LOGGING
  TABLESPACE "VOTE_USER"  ENABLE;
 
  ALTER TABLE "VOTE"."PM_PRODUCT_PROJECT_RELATION" ADD CHECK ("PRODUCT_RELATION_ID" IS NOT NULL) ENABLE;
 
  ALTER TABLE "VOTE"."PM_PRODUCT_PROJECT_RELATION" ADD CHECK ("PRODUCT_RELATION_ID" IS NOT NULL) ENABLE;
--------------------------------------------------------
--  Constraints for Table PM_PROJECT_GROUP_INFO
--------------------------------------------------------

  ALTER TABLE "VOTE"."PM_PROJECT_GROUP_INFO" MODIFY ("PROJECT_GROUP_ID" NOT NULL ENABLE);
 
  ALTER TABLE "VOTE"."PM_PROJECT_GROUP_INFO" ADD PRIMARY KEY ("PROJECT_GROUP_ID")
  USING INDEX PCTFREE 10 INITRANS 2 MAXTRANS 255 COMPUTE STATISTICS 
  STORAGE(INITIAL 65536 NEXT 1048576 MINEXTENTS 1 MAXEXTENTS 2147483645
  PCTINCREASE 0 FREELISTS 1 FREELIST GROUPS 1 BUFFER_POOL DEFAULT FLASH_CACHE DEFAULT CELL_FLASH_CACHE DEFAULT)
  TABLESPACE "VOTE_USER"  ENABLE;
 
  ALTER TABLE "VOTE"."PM_PROJECT_GROUP_INFO" ADD CHECK ("PROJECT_GROUP_ID" IS NOT NULL) ENABLE;
--------------------------------------------------------
--  Constraints for Table PM_PROJECT_GROUP_RELATION_INFO
--------------------------------------------------------

  ALTER TABLE "VOTE"."PM_PROJECT_GROUP_RELATION_INFO" MODIFY ("RELATIONSHIP" NOT NULL ENABLE);
 
  ALTER TABLE "VOTE"."PM_PROJECT_GROUP_RELATION_INFO" ADD PRIMARY KEY ("RELATIONSHIP")
  USING INDEX PCTFREE 10 INITRANS 2 MAXTRANS 255 COMPUTE STATISTICS 
  STORAGE(INITIAL 65536 NEXT 1048576 MINEXTENTS 1 MAXEXTENTS 2147483645
  PCTINCREASE 0 FREELISTS 1 FREELIST GROUPS 1 BUFFER_POOL DEFAULT FLASH_CACHE DEFAULT CELL_FLASH_CACHE DEFAULT)
  TABLESPACE "VOTE_USER"  ENABLE;
 
  ALTER TABLE "VOTE"."PM_PROJECT_GROUP_RELATION_INFO" ADD CHECK ("RELATIONSHIP" IS NOT NULL) ENABLE;
--------------------------------------------------------
--  Constraints for Table PM_PROJECT_INCOMMING_INFO
--------------------------------------------------------

  ALTER TABLE "VOTE"."PM_PROJECT_INCOMMING_INFO" MODIFY ("RECEIVE_ID" NOT NULL ENABLE);
 
  ALTER TABLE "VOTE"."PM_PROJECT_INCOMMING_INFO" ADD PRIMARY KEY ("RECEIVE_ID")
  USING INDEX PCTFREE 10 INITRANS 2 MAXTRANS 255 COMPUTE STATISTICS NOCOMPRESS LOGGING
  TABLESPACE "VOTE_USER"  ENABLE;
 
  ALTER TABLE "VOTE"."PM_PROJECT_INCOMMING_INFO" ADD CHECK ("RECEIVE_ID" IS NOT NULL) ENABLE;
--------------------------------------------------------
--  Constraints for Table PM_PROJECT_INFO
--------------------------------------------------------

  ALTER TABLE "VOTE"."PM_PROJECT_INFO" MODIFY ("PROJECT_ID" NOT NULL ENABLE);
 
  ALTER TABLE "VOTE"."PM_PROJECT_INFO" ADD PRIMARY KEY ("PROJECT_ID")
  USING INDEX PCTFREE 10 INITRANS 2 MAXTRANS 255 COMPUTE STATISTICS 
  STORAGE(INITIAL 65536 NEXT 1048576 MINEXTENTS 1 MAXEXTENTS 2147483645
  PCTINCREASE 0 FREELISTS 1 FREELIST GROUPS 1 BUFFER_POOL DEFAULT FLASH_CACHE DEFAULT CELL_FLASH_CACHE DEFAULT)
  TABLESPACE "VOTE_USER"  ENABLE;
 
  ALTER TABLE "VOTE"."PM_PROJECT_INFO" ADD CHECK ("PROJECT_ID" IS NOT NULL) ENABLE;
--------------------------------------------------------
--  Constraints for Table PM_PROJECT_MILESTONE_INFO
--------------------------------------------------------

  ALTER TABLE "VOTE"."PM_PROJECT_MILESTONE_INFO" MODIFY ("MILESTONE_ID" NOT NULL ENABLE);
 
  ALTER TABLE "VOTE"."PM_PROJECT_MILESTONE_INFO" ADD PRIMARY KEY ("MILESTONE_ID")
  USING INDEX PCTFREE 10 INITRANS 2 MAXTRANS 255 COMPUTE STATISTICS NOCOMPRESS LOGGING
  TABLESPACE "VOTE_USER"  ENABLE;
 
  ALTER TABLE "VOTE"."PM_PROJECT_MILESTONE_INFO" ADD CHECK ("MILESTONE_ID" IS NOT NULL) ENABLE;
--------------------------------------------------------
--  Constraints for Table PM_PROJECT_PROBLEM
--------------------------------------------------------

  ALTER TABLE "VOTE"."PM_PROJECT_PROBLEM" MODIFY ("PROBLEM_ID" NOT NULL ENABLE);
 
  ALTER TABLE "VOTE"."PM_PROJECT_PROBLEM" ADD PRIMARY KEY ("PROBLEM_ID")
  USING INDEX PCTFREE 10 INITRANS 2 MAXTRANS 255 COMPUTE STATISTICS NOCOMPRESS LOGGING
  TABLESPACE "VOTE_USER"  ENABLE;
 
  ALTER TABLE "VOTE"."PM_PROJECT_PROBLEM" ADD CHECK ("PROBLEM_ID" IS NOT NULL) ENABLE;
--------------------------------------------------------
--  Constraints for Table PM_REVIEW_COMMENT_INFO
--------------------------------------------------------

  ALTER TABLE "VOTE"."PM_REVIEW_COMMENT_INFO" MODIFY ("COMMENT_ID" NOT NULL ENABLE);
 
  ALTER TABLE "VOTE"."PM_REVIEW_COMMENT_INFO" ADD PRIMARY KEY ("COMMENT_ID")
  USING INDEX PCTFREE 10 INITRANS 2 MAXTRANS 255 COMPUTE STATISTICS NOCOMPRESS LOGGING
  TABLESPACE "VOTE_USER"  ENABLE;
 
  ALTER TABLE "VOTE"."PM_REVIEW_COMMENT_INFO" ADD CHECK ("COMMENT_ID" IS NOT NULL) ENABLE;
--------------------------------------------------------
--  Constraints for Table PM_REVIEW_INFO
--------------------------------------------------------

  ALTER TABLE "VOTE"."PM_REVIEW_INFO" MODIFY ("REVIEW_ID" NOT NULL ENABLE);
 
  ALTER TABLE "VOTE"."PM_REVIEW_INFO" ADD PRIMARY KEY ("REVIEW_ID")
  USING INDEX PCTFREE 10 INITRANS 2 MAXTRANS 255 COMPUTE STATISTICS 
  STORAGE(INITIAL 65536 NEXT 1048576 MINEXTENTS 1 MAXEXTENTS 2147483645
  PCTINCREASE 0 FREELISTS 1 FREELIST GROUPS 1 BUFFER_POOL DEFAULT FLASH_CACHE DEFAULT CELL_FLASH_CACHE DEFAULT)
  TABLESPACE "VOTE_USER"  ENABLE;
 
  ALTER TABLE "VOTE"."PM_REVIEW_INFO" ADD CHECK ("REVIEW_ID" IS NOT NULL) ENABLE;
--------------------------------------------------------
--  Constraints for Table PM_REVIEW_NODE
--------------------------------------------------------

  ALTER TABLE "VOTE"."PM_REVIEW_NODE" ADD CONSTRAINT "PM_REVIEW_NODE_PK" PRIMARY KEY ("NODE_ID")
  USING INDEX PCTFREE 10 INITRANS 2 MAXTRANS 255 COMPUTE STATISTICS NOCOMPRESS LOGGING
  TABLESPACE "VOTE_USER"  ENABLE;
 
  ALTER TABLE "VOTE"."PM_REVIEW_NODE" MODIFY ("NODE_ID" NOT NULL ENABLE);
--------------------------------------------------------
--  Constraints for Table PM_SALE_GROUP_INFO
--------------------------------------------------------

  ALTER TABLE "VOTE"."PM_SALE_GROUP_INFO" MODIFY ("GROUP_ID" NOT NULL ENABLE);
 
  ALTER TABLE "VOTE"."PM_SALE_GROUP_INFO" ADD CHECK ("GROUP_ID" IS NOT NULL) ENABLE;
 
  ALTER TABLE "VOTE"."PM_SALE_GROUP_INFO" ADD CHECK ("GROUP_ID" IS NOT NULL) ENABLE;
--------------------------------------------------------
--  Constraints for Table PM_SALE_MEMBER_INFO
--------------------------------------------------------

  ALTER TABLE "VOTE"."PM_SALE_MEMBER_INFO" MODIFY ("MENBER_USR_ID" NOT NULL ENABLE);
 
  ALTER TABLE "VOTE"."PM_SALE_MEMBER_INFO" MODIFY ("GROUP_CODE" NOT NULL ENABLE);
 
  ALTER TABLE "VOTE"."PM_SALE_MEMBER_INFO" ADD CHECK ("MENBER_USR_ID" IS NOT NULL) ENABLE;
 
  ALTER TABLE "VOTE"."PM_SALE_MEMBER_INFO" ADD CHECK ("GROUP_CODE" IS NOT NULL) ENABLE;
 
  ALTER TABLE "VOTE"."PM_SALE_MEMBER_INFO" ADD CHECK ("MENBER_USR_ID" IS NOT NULL) ENABLE;
 
  ALTER TABLE "VOTE"."PM_SALE_MEMBER_INFO" ADD CHECK ("GROUP_CODE" IS NOT NULL) ENABLE;
 
  ALTER TABLE "VOTE"."PM_SALE_MEMBER_INFO" ADD PRIMARY KEY ("MENBER_USR_ID", "GROUP_CODE")
  USING INDEX PCTFREE 10 INITRANS 2 MAXTRANS 255 COMPUTE STATISTICS 
  STORAGE(INITIAL 65536 NEXT 1048576 MINEXTENTS 1 MAXEXTENTS 2147483645
  PCTINCREASE 0 FREELISTS 1 FREELIST GROUPS 1 BUFFER_POOL DEFAULT FLASH_CACHE DEFAULT CELL_FLASH_CACHE DEFAULT)
  TABLESPACE "VOTE_USER"  ENABLE;
--------------------------------------------------------
--  Constraints for Table PM_YEAR_BUDGET
--------------------------------------------------------

  ALTER TABLE "VOTE"."PM_YEAR_BUDGET" ADD CONSTRAINT "PM_YEAR_BUDGET_PK" PRIMARY KEY ("YEAR_BUDGET_CODE")
  USING INDEX PCTFREE 10 INITRANS 2 MAXTRANS 255 COMPUTE STATISTICS 
  STORAGE(INITIAL 65536 NEXT 1048576 MINEXTENTS 1 MAXEXTENTS 2147483645
  PCTINCREASE 0 FREELISTS 1 FREELIST GROUPS 1 BUFFER_POOL DEFAULT FLASH_CACHE DEFAULT CELL_FLASH_CACHE DEFAULT)
  TABLESPACE "VOTE_USER"  ENABLE;
--------------------------------------------------------
--  Constraints for Table PM_YEAR_BUDGET_PRODUCT
--------------------------------------------------------

  ALTER TABLE "VOTE"."PM_YEAR_BUDGET_PRODUCT" ADD CONSTRAINT "PM_YEAR_BUDGET_PRODUCT_PK" PRIMARY KEY ("PAYMENT_ID")
  USING INDEX PCTFREE 10 INITRANS 2 MAXTRANS 255 COMPUTE STATISTICS NOCOMPRESS LOGGING
  TABLESPACE "VOTE_USER"  ENABLE;
 
  ALTER TABLE "VOTE"."PM_YEAR_BUDGET_PRODUCT" MODIFY ("PAYMENT_ID" NOT NULL ENABLE);
--------------------------------------------------------
--  Constraints for Table PROFIT_INFO
--------------------------------------------------------

  ALTER TABLE "VOTE"."PROFIT_INFO" MODIFY ("PROFIT_ID" NOT NULL ENABLE);
 
  ALTER TABLE "VOTE"."PROFIT_INFO" ADD PRIMARY KEY ("PROFIT_ID")
  USING INDEX PCTFREE 10 INITRANS 2 MAXTRANS 255 
  STORAGE(INITIAL 65536 NEXT 1048576 MINEXTENTS 1 MAXEXTENTS 2147483645
  PCTINCREASE 0 FREELISTS 1 FREELIST GROUPS 1 BUFFER_POOL DEFAULT FLASH_CACHE DEFAULT CELL_FLASH_CACHE DEFAULT)
  TABLESPACE "VOTE_USER"  ENABLE;
--------------------------------------------------------
--  Constraints for Table REVIEW_INFO
--------------------------------------------------------

  ALTER TABLE "VOTE"."REVIEW_INFO" MODIFY ("REVIEW_ID" NOT NULL ENABLE);
 
  ALTER TABLE "VOTE"."REVIEW_INFO" ADD CHECK ("REVIEW_ID" IS NOT NULL) ENABLE;
 
  ALTER TABLE "VOTE"."REVIEW_INFO" ADD CHECK ("REVIEW_ID" IS NOT NULL) ENABLE;
 
  ALTER TABLE "VOTE"."REVIEW_INFO" ADD PRIMARY KEY ("REVIEW_ID")
  USING INDEX PCTFREE 10 INITRANS 2 MAXTRANS 255 COMPUTE STATISTICS NOCOMPRESS LOGGING
  TABLESPACE "VOTE_USER"  ENABLE;
--------------------------------------------------------
--  Constraints for Table ROLE
--------------------------------------------------------

  ALTER TABLE "VOTE"."ROLE" MODIFY ("ROLE_ID" NOT NULL ENABLE);
 
  ALTER TABLE "VOTE"."ROLE" ADD CHECK ("ROLE_ID" IS NOT NULL) ENABLE;
 
  ALTER TABLE "VOTE"."ROLE" ADD CHECK ("ROLE_ID" IS NOT NULL) ENABLE;
 
  ALTER TABLE "VOTE"."ROLE" ADD PRIMARY KEY ("ROLE_ID")
  USING INDEX PCTFREE 10 INITRANS 2 MAXTRANS 255 COMPUTE STATISTICS 
  STORAGE(INITIAL 65536 NEXT 1048576 MINEXTENTS 1 MAXEXTENTS 2147483645
  PCTINCREASE 0 FREELISTS 1 FREELIST GROUPS 1 BUFFER_POOL DEFAULT FLASH_CACHE DEFAULT CELL_FLASH_CACHE DEFAULT)
  TABLESPACE "VOTE_USER"  ENABLE;
--------------------------------------------------------
--  Constraints for Table ROLE_MENU
--------------------------------------------------------

  ALTER TABLE "VOTE"."ROLE_MENU" MODIFY ("ROLE_ID" NOT NULL ENABLE);
 
  ALTER TABLE "VOTE"."ROLE_MENU" MODIFY ("MENU_ID" NOT NULL ENABLE);
 
  ALTER TABLE "VOTE"."ROLE_MENU" ADD CHECK ("ROLE_ID" IS NOT NULL) ENABLE;
 
  ALTER TABLE "VOTE"."ROLE_MENU" ADD CHECK ("MENU_ID" IS NOT NULL) ENABLE;
 
  ALTER TABLE "VOTE"."ROLE_MENU" ADD CHECK ("ROLE_ID" IS NOT NULL) ENABLE;
 
  ALTER TABLE "VOTE"."ROLE_MENU" ADD CHECK ("MENU_ID" IS NOT NULL) ENABLE;
 
  ALTER TABLE "VOTE"."ROLE_MENU" ADD PRIMARY KEY ("ROLE_ID", "MENU_ID")
  USING INDEX PCTFREE 10 INITRANS 2 MAXTRANS 255 COMPUTE STATISTICS 
  STORAGE(INITIAL 65536 NEXT 1048576 MINEXTENTS 1 MAXEXTENTS 2147483645
  PCTINCREASE 0 FREELISTS 1 FREELIST GROUPS 1 BUFFER_POOL DEFAULT FLASH_CACHE DEFAULT CELL_FLASH_CACHE DEFAULT)
  TABLESPACE "VOTE_USER"  ENABLE;
--------------------------------------------------------
--  Constraints for Table TABLE_HEADER_INFO
--------------------------------------------------------

  ALTER TABLE "VOTE"."TABLE_HEADER_INFO" MODIFY ("TABLE_ID" NOT NULL ENABLE);
 
  ALTER TABLE "VOTE"."TABLE_HEADER_INFO" ADD CHECK ("TABLE_ID" IS NOT NULL) ENABLE;
 
  ALTER TABLE "VOTE"."TABLE_HEADER_INFO" ADD CHECK ("TABLE_ID" IS NOT NULL) ENABLE;
 
  ALTER TABLE "VOTE"."TABLE_HEADER_INFO" ADD PRIMARY KEY ("TABLE_ID")
  USING INDEX PCTFREE 10 INITRANS 2 MAXTRANS 255 COMPUTE STATISTICS NOCOMPRESS LOGGING
  TABLESPACE "VOTE_USER"  ENABLE;
--------------------------------------------------------
--  Constraints for Table TABLE_TITLE_INFO
--------------------------------------------------------

  ALTER TABLE "VOTE"."TABLE_TITLE_INFO" MODIFY ("HEAD_ID" NOT NULL ENABLE);
 
  ALTER TABLE "VOTE"."TABLE_TITLE_INFO" ADD CHECK ("HEAD_ID" IS NOT NULL) ENABLE;
 
  ALTER TABLE "VOTE"."TABLE_TITLE_INFO" ADD CHECK ("HEAD_ID" IS NOT NULL) ENABLE;
 
  ALTER TABLE "VOTE"."TABLE_TITLE_INFO" ADD PRIMARY KEY ("HEAD_ID")
  USING INDEX PCTFREE 10 INITRANS 2 MAXTRANS 255 COMPUTE STATISTICS NOCOMPRESS LOGGING
  TABLESPACE "VOTE_USER"  ENABLE;
--------------------------------------------------------
--  Constraints for Table USR_INFO
--------------------------------------------------------

  ALTER TABLE "VOTE"."USR_INFO" MODIFY ("USR_ID" NOT NULL ENABLE);
 
  ALTER TABLE "VOTE"."USR_INFO" MODIFY ("USR_NAME" NOT NULL ENABLE);
 
  ALTER TABLE "VOTE"."USR_INFO" MODIFY ("PASS_WORD" NOT NULL ENABLE);
 
  ALTER TABLE "VOTE"."USR_INFO" ADD CHECK ("USR_ID" IS NOT NULL) ENABLE;
 
  ALTER TABLE "VOTE"."USR_INFO" ADD CHECK ("USR_NAME" IS NOT NULL) ENABLE;
 
  ALTER TABLE "VOTE"."USR_INFO" ADD CHECK ("PASS_WORD" IS NOT NULL) ENABLE;
 
  ALTER TABLE "VOTE"."USR_INFO" ADD CHECK ("USR_ID" IS NOT NULL) ENABLE;
 
  ALTER TABLE "VOTE"."USR_INFO" ADD CHECK ("USR_NAME" IS NOT NULL) ENABLE;
 
  ALTER TABLE "VOTE"."USR_INFO" ADD CHECK ("PASS_WORD" IS NOT NULL) ENABLE;
 
  ALTER TABLE "VOTE"."USR_INFO" ADD PRIMARY KEY ("USR_ID")
  USING INDEX PCTFREE 10 INITRANS 2 MAXTRANS 255 COMPUTE STATISTICS 
  STORAGE(INITIAL 65536 NEXT 1048576 MINEXTENTS 1 MAXEXTENTS 2147483645
  PCTINCREASE 0 FREELISTS 1 FREELIST GROUPS 1 BUFFER_POOL DEFAULT FLASH_CACHE DEFAULT CELL_FLASH_CACHE DEFAULT)
  TABLESPACE "VOTE_USER"  ENABLE;
--------------------------------------------------------
--  Constraints for Table USR_MENU
--------------------------------------------------------

  ALTER TABLE "VOTE"."USR_MENU" MODIFY ("USR_ID" NOT NULL ENABLE);
 
  ALTER TABLE "VOTE"."USR_MENU" MODIFY ("MENU_ID" NOT NULL ENABLE);
 
  ALTER TABLE "VOTE"."USR_MENU" ADD CHECK ("USR_ID" IS NOT NULL) ENABLE;
 
  ALTER TABLE "VOTE"."USR_MENU" ADD CHECK ("MENU_ID" IS NOT NULL) ENABLE;
 
  ALTER TABLE "VOTE"."USR_MENU" ADD CHECK ("USR_ID" IS NOT NULL) ENABLE;
 
  ALTER TABLE "VOTE"."USR_MENU" ADD CHECK ("MENU_ID" IS NOT NULL) ENABLE;
 
  ALTER TABLE "VOTE"."USR_MENU" ADD PRIMARY KEY ("USR_ID", "MENU_ID")
  USING INDEX PCTFREE 10 INITRANS 2 MAXTRANS 255 COMPUTE STATISTICS NOCOMPRESS LOGGING
  TABLESPACE "VOTE_USER"  ENABLE;
--------------------------------------------------------
--  Constraints for Table USR_ROLE
--------------------------------------------------------

  ALTER TABLE "VOTE"."USR_ROLE" MODIFY ("USR_ID" NOT NULL ENABLE);
 
  ALTER TABLE "VOTE"."USR_ROLE" MODIFY ("ROLE_ID" NOT NULL ENABLE);
 
  ALTER TABLE "VOTE"."USR_ROLE" ADD CHECK ("USR_ID" IS NOT NULL) ENABLE;
 
  ALTER TABLE "VOTE"."USR_ROLE" ADD CHECK ("ROLE_ID" IS NOT NULL) ENABLE;
 
  ALTER TABLE "VOTE"."USR_ROLE" ADD CHECK ("USR_ID" IS NOT NULL) ENABLE;
 
  ALTER TABLE "VOTE"."USR_ROLE" ADD CHECK ("ROLE_ID" IS NOT NULL) ENABLE;
 
  ALTER TABLE "VOTE"."USR_ROLE" ADD PRIMARY KEY ("USR_ID", "ROLE_ID")
  USING INDEX PCTFREE 10 INITRANS 2 MAXTRANS 255 COMPUTE STATISTICS 
  STORAGE(INITIAL 65536 NEXT 1048576 MINEXTENTS 1 MAXEXTENTS 2147483645
  PCTINCREASE 0 FREELISTS 1 FREELIST GROUPS 1 BUFFER_POOL DEFAULT FLASH_CACHE DEFAULT CELL_FLASH_CACHE DEFAULT)
  TABLESPACE "VOTE_USER"  ENABLE;
--------------------------------------------------------
--  Constraints for Table VOTE_APPLY_INFO
--------------------------------------------------------

  ALTER TABLE "VOTE"."VOTE_APPLY_INFO" MODIFY ("APPLY_ID" NOT NULL ENABLE);
 
  ALTER TABLE "VOTE"."VOTE_APPLY_INFO" ADD CHECK ("APPLY_ID" IS NOT NULL) ENABLE;
 
  ALTER TABLE "VOTE"."VOTE_APPLY_INFO" ADD CHECK ("APPLY_ID" IS NOT NULL) ENABLE;
 
  ALTER TABLE "VOTE"."VOTE_APPLY_INFO" ADD PRIMARY KEY ("APPLY_ID")
  USING INDEX PCTFREE 10 INITRANS 2 MAXTRANS 255 COMPUTE STATISTICS NOCOMPRESS LOGGING
  TABLESPACE "VOTE_USER"  ENABLE;
--------------------------------------------------------
--  Constraints for Table VOTE_FILE_SIGN
--------------------------------------------------------

  ALTER TABLE "VOTE"."VOTE_FILE_SIGN" MODIFY ("SIGN_ID" NOT NULL ENABLE);
 
  ALTER TABLE "VOTE"."VOTE_FILE_SIGN" ADD CHECK ("SIGN_ID" IS NOT NULL) ENABLE;
 
  ALTER TABLE "VOTE"."VOTE_FILE_SIGN" ADD CHECK ("SIGN_ID" IS NOT NULL) ENABLE;
 
  ALTER TABLE "VOTE"."VOTE_FILE_SIGN" ADD PRIMARY KEY ("SIGN_ID")
  USING INDEX PCTFREE 10 INITRANS 2 MAXTRANS 255 COMPUTE STATISTICS NOCOMPRESS LOGGING
  TABLESPACE "VOTE_USER"  ENABLE;
--------------------------------------------------------
--  Constraints for Table VOTE_HOUSE_INFO
--------------------------------------------------------

  ALTER TABLE "VOTE"."VOTE_HOUSE_INFO" MODIFY ("INFO_ID" NOT NULL ENABLE);
 
  ALTER TABLE "VOTE"."VOTE_HOUSE_INFO" ADD CHECK ("INFO_ID" IS NOT NULL) ENABLE;
 
  ALTER TABLE "VOTE"."VOTE_HOUSE_INFO" ADD CHECK ("INFO_ID" IS NOT NULL) ENABLE;
 
  ALTER TABLE "VOTE"."VOTE_HOUSE_INFO" ADD PRIMARY KEY ("INFO_ID")
  USING INDEX PCTFREE 10 INITRANS 2 MAXTRANS 255 COMPUTE STATISTICS NOCOMPRESS LOGGING
  TABLESPACE "VOTE_USER"  ENABLE;
--------------------------------------------------------
--  Constraints for Table VOTE_OWNER_HISTORY
--------------------------------------------------------

  ALTER TABLE "VOTE"."VOTE_OWNER_HISTORY" MODIFY ("RECORD_ID" NOT NULL ENABLE);
 
  ALTER TABLE "VOTE"."VOTE_OWNER_HISTORY" ADD CHECK ("RECORD_ID" IS NOT NULL) ENABLE;
 
  ALTER TABLE "VOTE"."VOTE_OWNER_HISTORY" ADD CHECK ("RECORD_ID" IS NOT NULL) ENABLE;
 
  ALTER TABLE "VOTE"."VOTE_OWNER_HISTORY" ADD PRIMARY KEY ("RECORD_ID")
  USING INDEX PCTFREE 10 INITRANS 2 MAXTRANS 255 COMPUTE STATISTICS NOCOMPRESS LOGGING
  TABLESPACE "VOTE_USER"  ENABLE;
--------------------------------------------------------
--  Constraints for Table VOTE_RESULT_INFO
--------------------------------------------------------

  ALTER TABLE "VOTE"."VOTE_RESULT_INFO" MODIFY ("RESULT_ID" NOT NULL ENABLE);
 
  ALTER TABLE "VOTE"."VOTE_RESULT_INFO" ADD CHECK ("RESULT_ID" IS NOT NULL) ENABLE;
 
  ALTER TABLE "VOTE"."VOTE_RESULT_INFO" ADD CHECK ("RESULT_ID" IS NOT NULL) ENABLE;
 
  ALTER TABLE "VOTE"."VOTE_RESULT_INFO" ADD PRIMARY KEY ("RESULT_ID")
  USING INDEX PCTFREE 10 INITRANS 2 MAXTRANS 255 COMPUTE STATISTICS NOCOMPRESS LOGGING
  TABLESPACE "VOTE_USER"  ENABLE;
--------------------------------------------------------
--  Constraints for Table VOTE_RESULT_SUM
--------------------------------------------------------

  ALTER TABLE "VOTE"."VOTE_RESULT_SUM" MODIFY ("TOPIC_ID" NOT NULL ENABLE);
 
  ALTER TABLE "VOTE"."VOTE_RESULT_SUM" ADD CHECK ("TOPIC_ID" IS NOT NULL) ENABLE;
 
  ALTER TABLE "VOTE"."VOTE_RESULT_SUM" ADD CHECK ("TOPIC_ID" IS NOT NULL) ENABLE;
 
  ALTER TABLE "VOTE"."VOTE_RESULT_SUM" ADD PRIMARY KEY ("TOPIC_ID")
  USING INDEX PCTFREE 10 INITRANS 2 MAXTRANS 255 COMPUTE STATISTICS NOCOMPRESS LOGGING
  TABLESPACE "VOTE_USER"  ENABLE;
--------------------------------------------------------
--  Constraints for Table VOTE_SCOPE_INFO
--------------------------------------------------------

  ALTER TABLE "VOTE"."VOTE_SCOPE_INFO" MODIFY ("TOPIC_ID" NOT NULL ENABLE);
 
  ALTER TABLE "VOTE"."VOTE_SCOPE_INFO" MODIFY ("INFO_ID" NOT NULL ENABLE);
 
  ALTER TABLE "VOTE"."VOTE_SCOPE_INFO" ADD CHECK ("TOPIC_ID" IS NOT NULL) ENABLE;
 
  ALTER TABLE "VOTE"."VOTE_SCOPE_INFO" ADD CHECK ("INFO_ID" IS NOT NULL) ENABLE;
 
  ALTER TABLE "VOTE"."VOTE_SCOPE_INFO" ADD CHECK ("TOPIC_ID" IS NOT NULL) ENABLE;
 
  ALTER TABLE "VOTE"."VOTE_SCOPE_INFO" ADD CHECK ("INFO_ID" IS NOT NULL) ENABLE;
 
  ALTER TABLE "VOTE"."VOTE_SCOPE_INFO" ADD PRIMARY KEY ("INFO_ID", "TOPIC_ID")
  USING INDEX PCTFREE 10 INITRANS 2 MAXTRANS 255 COMPUTE STATISTICS NOCOMPRESS LOGGING
  TABLESPACE "VOTE_USER"  ENABLE;
--------------------------------------------------------
--  Constraints for Table VOTE_SECT_INFO
--------------------------------------------------------

  ALTER TABLE "VOTE"."VOTE_SECT_INFO" MODIFY ("SECT_ID" NOT NULL ENABLE);
 
  ALTER TABLE "VOTE"."VOTE_SECT_INFO" ADD CHECK ("SECT_ID" IS NOT NULL) ENABLE;
 
  ALTER TABLE "VOTE"."VOTE_SECT_INFO" ADD CHECK ("SECT_ID" IS NOT NULL) ENABLE;
 
  ALTER TABLE "VOTE"."VOTE_SECT_INFO" ADD PRIMARY KEY ("SECT_ID")
  USING INDEX PCTFREE 10 INITRANS 2 MAXTRANS 255 COMPUTE STATISTICS NOCOMPRESS LOGGING
  TABLESPACE "VOTE_USER"  ENABLE;
--------------------------------------------------------
--  Constraints for Table VOTE_TOPIC_INFO
--------------------------------------------------------

  ALTER TABLE "VOTE"."VOTE_TOPIC_INFO" MODIFY ("TOPIC_ID" NOT NULL ENABLE);
 
  ALTER TABLE "VOTE"."VOTE_TOPIC_INFO" ADD CHECK ("TOPIC_ID" IS NOT NULL) ENABLE;
 
  ALTER TABLE "VOTE"."VOTE_TOPIC_INFO" ADD CHECK ("TOPIC_ID" IS NOT NULL) ENABLE;
 
  ALTER TABLE "VOTE"."VOTE_TOPIC_INFO" ADD PRIMARY KEY ("TOPIC_ID")
  USING INDEX PCTFREE 10 INITRANS 2 MAXTRANS 255 COMPUTE STATISTICS NOCOMPRESS LOGGING
  TABLESPACE "VOTE_USER"  ENABLE;
--------------------------------------------------------
--  Constraints for Table VOTE_WORKSPACE
--------------------------------------------------------

  ALTER TABLE "VOTE"."VOTE_WORKSPACE" MODIFY ("WS_ID" NOT NULL ENABLE);
 
  ALTER TABLE "VOTE"."VOTE_WORKSPACE" ADD CHECK ("WS_ID" IS NOT NULL) ENABLE;
 
  ALTER TABLE "VOTE"."VOTE_WORKSPACE" ADD CHECK ("WS_ID" IS NOT NULL) ENABLE;
 
  ALTER TABLE "VOTE"."VOTE_WORKSPACE" ADD PRIMARY KEY ("WS_ID")
  USING INDEX PCTFREE 10 INITRANS 2 MAXTRANS 255 COMPUTE STATISTICS NOCOMPRESS LOGGING
  TABLESPACE "VOTE_USER"  ENABLE;
--------------------------------------------------------
--  Constraints for Table WY_AGENT
--------------------------------------------------------

  ALTER TABLE "VOTE"."WY_AGENT" MODIFY ("AGEID" NOT NULL ENABLE);
 
  ALTER TABLE "VOTE"."WY_AGENT" ADD CHECK ("AGEID" IS NOT NULL) ENABLE;
 
  ALTER TABLE "VOTE"."WY_AGENT" ADD CHECK ("AGEID" IS NOT NULL) ENABLE;
 
  ALTER TABLE "VOTE"."WY_AGENT" ADD PRIMARY KEY ("AGEID")
  USING INDEX PCTFREE 10 INITRANS 2 MAXTRANS 255 COMPUTE STATISTICS NOCOMPRESS LOGGING
  TABLESPACE "VOTE_USER"  ENABLE;
--------------------------------------------------------
--  Constraints for Table WY_GLC
--------------------------------------------------------

  ALTER TABLE "VOTE"."WY_GLC" MODIFY ("GLCID" NOT NULL ENABLE);
 
  ALTER TABLE "VOTE"."WY_GLC" ADD CHECK ("GLCID" IS NOT NULL) ENABLE;
 
  ALTER TABLE "VOTE"."WY_GLC" ADD CHECK ("GLCID" IS NOT NULL) ENABLE;
 
  ALTER TABLE "VOTE"."WY_GLC" ADD PRIMARY KEY ("GLCID")
  USING INDEX PCTFREE 10 INITRANS 2 MAXTRANS 255 COMPUTE STATISTICS NOCOMPRESS LOGGING
  TABLESPACE "VOTE_USER"  ENABLE;
--------------------------------------------------------
--  Constraints for Table WY_HOC_STAFF
--------------------------------------------------------

  ALTER TABLE "VOTE"."WY_HOC_STAFF" MODIFY ("YWHRYID" NOT NULL ENABLE);
 
  ALTER TABLE "VOTE"."WY_HOC_STAFF" ADD CHECK ("YWHRYID" IS NOT NULL) ENABLE;
 
  ALTER TABLE "VOTE"."WY_HOC_STAFF" ADD CHECK ("YWHRYID" IS NOT NULL) ENABLE;
 
  ALTER TABLE "VOTE"."WY_HOC_STAFF" ADD PRIMARY KEY ("YWHRYID")
  USING INDEX PCTFREE 10 INITRANS 2 MAXTRANS 255 COMPUTE STATISTICS NOCOMPRESS LOGGING
  TABLESPACE "VOTE_USER"  ENABLE;
--------------------------------------------------------
--  Constraints for Table WY_HPB
--------------------------------------------------------

  ALTER TABLE "VOTE"."WY_HPB" MODIFY ("HPBID" NOT NULL ENABLE);
 
  ALTER TABLE "VOTE"."WY_HPB" ADD CHECK ("HPBID" IS NOT NULL) ENABLE;
 
  ALTER TABLE "VOTE"."WY_HPB" ADD CHECK ("HPBID" IS NOT NULL) ENABLE;
 
  ALTER TABLE "VOTE"."WY_HPB" ADD PRIMARY KEY ("HPBID")
  USING INDEX PCTFREE 10 INITRANS 2 MAXTRANS 255 COMPUTE STATISTICS NOCOMPRESS LOGGING
  TABLESPACE "VOTE_USER"  ENABLE;
--------------------------------------------------------
--  Constraints for Table WY_JD
--------------------------------------------------------

  ALTER TABLE "VOTE"."WY_JD" MODIFY ("JDID" NOT NULL ENABLE);
 
  ALTER TABLE "VOTE"."WY_JD" ADD CHECK ("JDID" IS NOT NULL) ENABLE;
 
  ALTER TABLE "VOTE"."WY_JD" ADD CHECK ("JDID" IS NOT NULL) ENABLE;
 
  ALTER TABLE "VOTE"."WY_JD" ADD PRIMARY KEY ("JDID")
  USING INDEX PCTFREE 10 INITRANS 2 MAXTRANS 255 COMPUTE STATISTICS NOCOMPRESS LOGGING
  TABLESPACE "VOTE_USER"  ENABLE;
--------------------------------------------------------
--  Constraints for Table WY_KFS
--------------------------------------------------------

  ALTER TABLE "VOTE"."WY_KFS" MODIFY ("KFSID" NOT NULL ENABLE);
 
  ALTER TABLE "VOTE"."WY_KFS" ADD CHECK ("KFSID" IS NOT NULL) ENABLE;
 
  ALTER TABLE "VOTE"."WY_KFS" ADD CHECK ("KFSID" IS NOT NULL) ENABLE;
 
  ALTER TABLE "VOTE"."WY_KFS" ADD PRIMARY KEY ("KFSID")
  USING INDEX PCTFREE 10 INITRANS 2 MAXTRANS 255 COMPUTE STATISTICS NOCOMPRESS LOGGING
  TABLESPACE "VOTE_USER"  ENABLE;
--------------------------------------------------------
--  Constraints for Table WY_SECT
--------------------------------------------------------

  ALTER TABLE "VOTE"."WY_SECT" MODIFY ("XMID" NOT NULL ENABLE);
 
  ALTER TABLE "VOTE"."WY_SECT" ADD CHECK ("XMID" IS NOT NULL) ENABLE;
 
  ALTER TABLE "VOTE"."WY_SECT" ADD CHECK ("XMID" IS NOT NULL) ENABLE;
 
  ALTER TABLE "VOTE"."WY_SECT" ADD PRIMARY KEY ("XMID")
  USING INDEX PCTFREE 10 INITRANS 2 MAXTRANS 255 COMPUTE STATISTICS NOCOMPRESS LOGGING
  TABLESPACE "VOTE_USER"  ENABLE;
--------------------------------------------------------
--  Constraints for Table WY_SECT_HIS
--------------------------------------------------------

  ALTER TABLE "VOTE"."WY_SECT_HIS" MODIFY ("TASK_ID" NOT NULL ENABLE);
 
  ALTER TABLE "VOTE"."WY_SECT_HIS" MODIFY ("XMID" NOT NULL ENABLE);
 
  ALTER TABLE "VOTE"."WY_SECT_HIS" ADD CHECK ("TASK_ID" IS NOT NULL) ENABLE;
 
  ALTER TABLE "VOTE"."WY_SECT_HIS" ADD CHECK ("XMID" IS NOT NULL) ENABLE;
 
  ALTER TABLE "VOTE"."WY_SECT_HIS" ADD CHECK ("TASK_ID" IS NOT NULL) ENABLE;
 
  ALTER TABLE "VOTE"."WY_SECT_HIS" ADD CHECK ("XMID" IS NOT NULL) ENABLE;
 
  ALTER TABLE "VOTE"."WY_SECT_HIS" ADD PRIMARY KEY ("TASK_ID", "XMID")
  USING INDEX PCTFREE 10 INITRANS 2 MAXTRANS 255 COMPUTE STATISTICS NOCOMPRESS LOGGING
  TABLESPACE "VOTE_USER"  ENABLE;
--------------------------------------------------------
--  Constraints for Table WY_SECT_TEMP
--------------------------------------------------------

  ALTER TABLE "VOTE"."WY_SECT_TEMP" MODIFY ("XMID" NOT NULL ENABLE);
 
  ALTER TABLE "VOTE"."WY_SECT_TEMP" ADD CHECK ("XMID" IS NOT NULL) ENABLE;
 
  ALTER TABLE "VOTE"."WY_SECT_TEMP" ADD CHECK ("XMID" IS NOT NULL) ENABLE;
 
  ALTER TABLE "VOTE"."WY_SECT_TEMP" ADD PRIMARY KEY ("XMID")
  USING INDEX PCTFREE 10 INITRANS 2 MAXTRANS 255 COMPUTE STATISTICS NOCOMPRESS LOGGING
  TABLESPACE "VOTE_USER"  ENABLE;
--------------------------------------------------------
--  Constraints for Table WY_SQ
--------------------------------------------------------

  ALTER TABLE "VOTE"."WY_SQ" MODIFY ("SQID" NOT NULL ENABLE);
 
  ALTER TABLE "VOTE"."WY_SQ" ADD CHECK ("SQID" IS NOT NULL) ENABLE;
 
  ALTER TABLE "VOTE"."WY_SQ" ADD CHECK ("SQID" IS NOT NULL) ENABLE;
 
  ALTER TABLE "VOTE"."WY_SQ" ADD PRIMARY KEY ("SQID")
  USING INDEX PCTFREE 10 INITRANS 2 MAXTRANS 255 COMPUTE STATISTICS NOCOMPRESS LOGGING
  TABLESPACE "VOTE_USER"  ENABLE;
--------------------------------------------------------
--  Constraints for Table WY_WYGS
--------------------------------------------------------

  ALTER TABLE "VOTE"."WY_WYGS" MODIFY ("WYGSID" NOT NULL ENABLE);
 
  ALTER TABLE "VOTE"."WY_WYGS" ADD CHECK ("WYGSID" IS NOT NULL) ENABLE;
 
  ALTER TABLE "VOTE"."WY_WYGS" ADD CHECK ("WYGSID" IS NOT NULL) ENABLE;
 
  ALTER TABLE "VOTE"."WY_WYGS" ADD PRIMARY KEY ("WYGSID")
  USING INDEX PCTFREE 10 INITRANS 2 MAXTRANS 255 COMPUTE STATISTICS NOCOMPRESS LOGGING
  TABLESPACE "VOTE_USER"  ENABLE;
--------------------------------------------------------
--  Constraints for Table WY_WYGS_STAFF
--------------------------------------------------------

  ALTER TABLE "VOTE"."WY_WYGS_STAFF" MODIFY ("GSRYID" NOT NULL ENABLE);
 
  ALTER TABLE "VOTE"."WY_WYGS_STAFF" ADD CHECK ("GSRYID" IS NOT NULL) ENABLE;
 
  ALTER TABLE "VOTE"."WY_WYGS_STAFF" ADD CHECK ("GSRYID" IS NOT NULL) ENABLE;
 
  ALTER TABLE "VOTE"."WY_WYGS_STAFF" ADD PRIMARY KEY ("GSRYID")
  USING INDEX PCTFREE 10 INITRANS 2 MAXTRANS 255 COMPUTE STATISTICS NOCOMPRESS LOGGING
  TABLESPACE "VOTE_USER"  ENABLE;
--------------------------------------------------------
--  Constraints for Table WY_YWH
--------------------------------------------------------

  ALTER TABLE "VOTE"."WY_YWH" MODIFY ("YWHID" NOT NULL ENABLE);
 
  ALTER TABLE "VOTE"."WY_YWH" ADD CHECK ("YWHID" IS NOT NULL) ENABLE;
 
  ALTER TABLE "VOTE"."WY_YWH" ADD CHECK ("YWHID" IS NOT NULL) ENABLE;
 
  ALTER TABLE "VOTE"."WY_YWH" ADD PRIMARY KEY ("YWHID")
  USING INDEX PCTFREE 10 INITRANS 2 MAXTRANS 255 COMPUTE STATISTICS NOCOMPRESS LOGGING
  TABLESPACE "VOTE_USER"  ENABLE;
