--------------------------------------------------------
--  文件已创建 - 星期三-十一月-21-2018   
--------------------------------------------------------
--------------------------------------------------------
--  DDL for Table EXCEL_CELL
--------------------------------------------------------

  CREATE TABLE "VOTE"."EXCEL_CELL" 
   (	"EXCEL_CELL_ID" NUMBER(10,0), 
	"EXCEL_SHEET_ID" NUMBER(10,0), 
	"EXCEL_CELL_CN_NAME" VARCHAR2(255 BYTE), 
	"EXCEL_CELL_EN_NAME" VARCHAR2(255 BYTE), 
	"EXCEL_CELL_COL_NUM" NUMBER(6,0), 
	"EXCEL_CELL_ROW_NUM" NUMBER(6,0), 
	"EXCEL_CELL_TYPE" CHAR(2 BYTE), 
	"EXCEL_DATA_TYPE" VARCHAR2(32 BYTE), 
	"EXCEL_DEFAULT_VALUE" VARCHAR2(255 BYTE), 
	"IS_DELETE" CHAR(2 BYTE)
   ) SEGMENT CREATION IMMEDIATE 
  PCTFREE 10 PCTUSED 40 INITRANS 1 MAXTRANS 255 NOCOMPRESS LOGGING
  STORAGE(INITIAL 65536 NEXT 1048576 MINEXTENTS 1 MAXEXTENTS 2147483645
  PCTINCREASE 0 FREELISTS 1 FREELIST GROUPS 1 BUFFER_POOL DEFAULT FLASH_CACHE DEFAULT CELL_FLASH_CACHE DEFAULT)
  TABLESPACE "VOTE_USER" ;
--------------------------------------------------------
--  DDL for Table EXCEL_FILE
--------------------------------------------------------

  CREATE TABLE "VOTE"."EXCEL_FILE" 
   (	"EXCEL_FILE_ID" NUMBER(10,0), 
	"EXCEL_FILE_CN_NAME" VARCHAR2(255 BYTE), 
	"EXCEL_FILE_EN_NAME" VARCHAR2(255 BYTE), 
	"EXCEL_DESCRIPTE" VARCHAR2(255 BYTE), 
	"REMARK" VARCHAR2(255 BYTE)
   ) SEGMENT CREATION IMMEDIATE 
  PCTFREE 10 PCTUSED 40 INITRANS 1 MAXTRANS 255 NOCOMPRESS LOGGING
  STORAGE(INITIAL 65536 NEXT 1048576 MINEXTENTS 1 MAXEXTENTS 2147483645
  PCTINCREASE 0 FREELISTS 1 FREELIST GROUPS 1 BUFFER_POOL DEFAULT FLASH_CACHE DEFAULT CELL_FLASH_CACHE DEFAULT)
  TABLESPACE "VOTE_USER" ;
--------------------------------------------------------
--  DDL for Table EXCEL_SHEET
--------------------------------------------------------

  CREATE TABLE "VOTE"."EXCEL_SHEET" 
   (	"EXCEL_SHEET_ID" NUMBER(10,0), 
	"EXCEL_FILE_ID" NUMBER(10,0), 
	"EXCEL_SHEET_CN_NAME" VARCHAR2(255 BYTE), 
	"EXCEL_SHEET_EN_NAME" VARCHAR2(255 BYTE), 
	"REMARK" VARCHAR2(255 BYTE), 
	"IS_VALID" CHAR(2 BYTE) DEFAULT 00
   ) SEGMENT CREATION IMMEDIATE 
  PCTFREE 10 PCTUSED 40 INITRANS 1 MAXTRANS 255 NOCOMPRESS LOGGING
  STORAGE(INITIAL 65536 NEXT 1048576 MINEXTENTS 1 MAXEXTENTS 2147483645
  PCTINCREASE 0 FREELISTS 1 FREELIST GROUPS 1 BUFFER_POOL DEFAULT FLASH_CACHE DEFAULT CELL_FLASH_CACHE DEFAULT)
  TABLESPACE "VOTE_USER" ;
REM INSERTING into VOTE.EXCEL_CELL
SET DEFINE OFF;
Insert into VOTE.EXCEL_CELL (EXCEL_CELL_ID,EXCEL_SHEET_ID,EXCEL_CELL_CN_NAME,EXCEL_CELL_EN_NAME,EXCEL_CELL_COL_NUM,EXCEL_CELL_ROW_NUM,EXCEL_CELL_TYPE,EXCEL_DATA_TYPE,EXCEL_DEFAULT_VALUE,IS_DELETE) values (2,1,'客户名称','custCnName',15,2,'00','string',null,null);
Insert into VOTE.EXCEL_CELL (EXCEL_CELL_ID,EXCEL_SHEET_ID,EXCEL_CELL_CN_NAME,EXCEL_CELL_EN_NAME,EXCEL_CELL_COL_NUM,EXCEL_CELL_ROW_NUM,EXCEL_CELL_TYPE,EXCEL_DATA_TYPE,EXCEL_DEFAULT_VALUE,IS_DELETE) values (4,1,'国家/地区','country',0,2,'00','string',null,null);
Insert into VOTE.EXCEL_CELL (EXCEL_CELL_ID,EXCEL_SHEET_ID,EXCEL_CELL_CN_NAME,EXCEL_CELL_EN_NAME,EXCEL_CELL_COL_NUM,EXCEL_CELL_ROW_NUM,EXCEL_CELL_TYPE,EXCEL_DATA_TYPE,EXCEL_DEFAULT_VALUE,IS_DELETE) values (5,1,'SAP编码','sapCode',1,2,'00','string',null,null);
Insert into VOTE.EXCEL_CELL (EXCEL_CELL_ID,EXCEL_SHEET_ID,EXCEL_CELL_CN_NAME,EXCEL_CELL_EN_NAME,EXCEL_CELL_COL_NUM,EXCEL_CELL_ROW_NUM,EXCEL_CELL_TYPE,EXCEL_DATA_TYPE,EXCEL_DEFAULT_VALUE,IS_DELETE) values (6,1,'英文名称','enName',2,2,'00','string',null,null);
Insert into VOTE.EXCEL_CELL (EXCEL_CELL_ID,EXCEL_SHEET_ID,EXCEL_CELL_CN_NAME,EXCEL_CELL_EN_NAME,EXCEL_CELL_COL_NUM,EXCEL_CELL_ROW_NUM,EXCEL_CELL_TYPE,EXCEL_DATA_TYPE,EXCEL_DEFAULT_VALUE,IS_DELETE) values (7,1,'客户纳税识别码','custPatTaxesCode',3,2,'00','string',null,null);
Insert into VOTE.EXCEL_CELL (EXCEL_CELL_ID,EXCEL_SHEET_ID,EXCEL_CELL_CN_NAME,EXCEL_CELL_EN_NAME,EXCEL_CELL_COL_NUM,EXCEL_CELL_ROW_NUM,EXCEL_CELL_TYPE,EXCEL_DATA_TYPE,EXCEL_DEFAULT_VALUE,IS_DELETE) values (8,1,'客户类型','custType',4,2,'00','string',null,null);
Insert into VOTE.EXCEL_CELL (EXCEL_CELL_ID,EXCEL_SHEET_ID,EXCEL_CELL_CN_NAME,EXCEL_CELL_EN_NAME,EXCEL_CELL_COL_NUM,EXCEL_CELL_ROW_NUM,EXCEL_CELL_TYPE,EXCEL_DATA_TYPE,EXCEL_DEFAULT_VALUE,IS_DELETE) values (9,1,'地址','address',5,2,'00','string',null,null);
Insert into VOTE.EXCEL_CELL (EXCEL_CELL_ID,EXCEL_SHEET_ID,EXCEL_CELL_CN_NAME,EXCEL_CELL_EN_NAME,EXCEL_CELL_COL_NUM,EXCEL_CELL_ROW_NUM,EXCEL_CELL_TYPE,EXCEL_DATA_TYPE,EXCEL_DEFAULT_VALUE,IS_DELETE) values (10,1,'现金管理组','cashManagementGroup',6,2,'00','string',null,null);
Insert into VOTE.EXCEL_CELL (EXCEL_CELL_ID,EXCEL_SHEET_ID,EXCEL_CELL_CN_NAME,EXCEL_CELL_EN_NAME,EXCEL_CELL_COL_NUM,EXCEL_CELL_ROW_NUM,EXCEL_CELL_TYPE,EXCEL_DATA_TYPE,EXCEL_DEFAULT_VALUE,IS_DELETE) values (11,1,'付款条件','payCondition',7,2,'00','string',null,null);
Insert into VOTE.EXCEL_CELL (EXCEL_CELL_ID,EXCEL_SHEET_ID,EXCEL_CELL_CN_NAME,EXCEL_CELL_EN_NAME,EXCEL_CELL_COL_NUM,EXCEL_CELL_ROW_NUM,EXCEL_CELL_TYPE,EXCEL_DATA_TYPE,EXCEL_DEFAULT_VALUE,IS_DELETE) values (12,1,'行业代码','tradeCode',8,2,'00','string',null,null);
Insert into VOTE.EXCEL_CELL (EXCEL_CELL_ID,EXCEL_SHEET_ID,EXCEL_CELL_CN_NAME,EXCEL_CELL_EN_NAME,EXCEL_CELL_COL_NUM,EXCEL_CELL_ROW_NUM,EXCEL_CELL_TYPE,EXCEL_DATA_TYPE,EXCEL_DEFAULT_VALUE,IS_DELETE) values (13,1,'地区市场','regionalMarket',9,2,'00','string',null,null);
Insert into VOTE.EXCEL_CELL (EXCEL_CELL_ID,EXCEL_SHEET_ID,EXCEL_CELL_CN_NAME,EXCEL_CELL_EN_NAME,EXCEL_CELL_COL_NUM,EXCEL_CELL_ROW_NUM,EXCEL_CELL_TYPE,EXCEL_DATA_TYPE,EXCEL_DEFAULT_VALUE,IS_DELETE) values (14,1,'主营业务','mainBusiness',10,2,'00','string',null,null);
Insert into VOTE.EXCEL_CELL (EXCEL_CELL_ID,EXCEL_SHEET_ID,EXCEL_CELL_CN_NAME,EXCEL_CELL_EN_NAME,EXCEL_CELL_COL_NUM,EXCEL_CELL_ROW_NUM,EXCEL_CELL_TYPE,EXCEL_DATA_TYPE,EXCEL_DEFAULT_VALUE,IS_DELETE) values (15,1,'地区','area',11,2,'00','string',null,null);
Insert into VOTE.EXCEL_CELL (EXCEL_CELL_ID,EXCEL_SHEET_ID,EXCEL_CELL_CN_NAME,EXCEL_CELL_EN_NAME,EXCEL_CELL_COL_NUM,EXCEL_CELL_ROW_NUM,EXCEL_CELL_TYPE,EXCEL_DATA_TYPE,EXCEL_DEFAULT_VALUE,IS_DELETE) values (16,1,'客户行业','custTrade',12,2,'00','string',null,null);
Insert into VOTE.EXCEL_CELL (EXCEL_CELL_ID,EXCEL_SHEET_ID,EXCEL_CELL_CN_NAME,EXCEL_CELL_EN_NAME,EXCEL_CELL_COL_NUM,EXCEL_CELL_ROW_NUM,EXCEL_CELL_TYPE,EXCEL_DATA_TYPE,EXCEL_DEFAULT_VALUE,IS_DELETE) values (17,1,'结算周期','payCycle',13,2,'00','string',null,null);
Insert into VOTE.EXCEL_CELL (EXCEL_CELL_ID,EXCEL_SHEET_ID,EXCEL_CELL_CN_NAME,EXCEL_CELL_EN_NAME,EXCEL_CELL_COL_NUM,EXCEL_CELL_ROW_NUM,EXCEL_CELL_TYPE,EXCEL_DATA_TYPE,EXCEL_DEFAULT_VALUE,IS_DELETE) values (18,1,'是否有效','isUseful',14,2,'00','string',null,null);
Insert into VOTE.EXCEL_CELL (EXCEL_CELL_ID,EXCEL_SHEET_ID,EXCEL_CELL_CN_NAME,EXCEL_CELL_EN_NAME,EXCEL_CELL_COL_NUM,EXCEL_CELL_ROW_NUM,EXCEL_CELL_TYPE,EXCEL_DATA_TYPE,EXCEL_DEFAULT_VALUE,IS_DELETE) values (19,1,'集团公司','groupCompany',16,2,'00','string',null,null);
Insert into VOTE.EXCEL_CELL (EXCEL_CELL_ID,EXCEL_SHEET_ID,EXCEL_CELL_CN_NAME,EXCEL_CELL_EN_NAME,EXCEL_CELL_COL_NUM,EXCEL_CELL_ROW_NUM,EXCEL_CELL_TYPE,EXCEL_DATA_TYPE,EXCEL_DEFAULT_VALUE,IS_DELETE) values (20,1,'BG隐藏','bgVisiable',17,2,'00','string',null,null);
Insert into VOTE.EXCEL_CELL (EXCEL_CELL_ID,EXCEL_SHEET_ID,EXCEL_CELL_CN_NAME,EXCEL_CELL_EN_NAME,EXCEL_CELL_COL_NUM,EXCEL_CELL_ROW_NUM,EXCEL_CELL_TYPE,EXCEL_DATA_TYPE,EXCEL_DEFAULT_VALUE,IS_DELETE) values (21,1,'公司代码','companyCode',18,2,'00','string',null,null);
Insert into VOTE.EXCEL_CELL (EXCEL_CELL_ID,EXCEL_SHEET_ID,EXCEL_CELL_CN_NAME,EXCEL_CELL_EN_NAME,EXCEL_CELL_COL_NUM,EXCEL_CELL_ROW_NUM,EXCEL_CELL_TYPE,EXCEL_DATA_TYPE,EXCEL_DEFAULT_VALUE,IS_DELETE) values (22,1,'公司代码（职能）','companyFuncCode',19,2,'00','string',null,null);
Insert into VOTE.EXCEL_CELL (EXCEL_CELL_ID,EXCEL_SHEET_ID,EXCEL_CELL_CN_NAME,EXCEL_CELL_EN_NAME,EXCEL_CELL_COL_NUM,EXCEL_CELL_ROW_NUM,EXCEL_CELL_TYPE,EXCEL_DATA_TYPE,EXCEL_DEFAULT_VALUE,IS_DELETE) values (23,1,'创建日期','createTime',20,2,'00','string',null,null);
Insert into VOTE.EXCEL_CELL (EXCEL_CELL_ID,EXCEL_SHEET_ID,EXCEL_CELL_CN_NAME,EXCEL_CELL_EN_NAME,EXCEL_CELL_COL_NUM,EXCEL_CELL_ROW_NUM,EXCEL_CELL_TYPE,EXCEL_DATA_TYPE,EXCEL_DEFAULT_VALUE,IS_DELETE) values (40,2,'预算编号','yearBudgetCode',1,1,'01','string','预算编号',null);
Insert into VOTE.EXCEL_CELL (EXCEL_CELL_ID,EXCEL_SHEET_ID,EXCEL_CELL_CN_NAME,EXCEL_CELL_EN_NAME,EXCEL_CELL_COL_NUM,EXCEL_CELL_ROW_NUM,EXCEL_CELL_TYPE,EXCEL_DATA_TYPE,EXCEL_DEFAULT_VALUE,IS_DELETE) values (41,2,'是否新客户','isNewCust',2,1,'01','string','是否新客户',null);
Insert into VOTE.EXCEL_CELL (EXCEL_CELL_ID,EXCEL_SHEET_ID,EXCEL_CELL_CN_NAME,EXCEL_CELL_EN_NAME,EXCEL_CELL_COL_NUM,EXCEL_CELL_ROW_NUM,EXCEL_CELL_TYPE,EXCEL_DATA_TYPE,EXCEL_DEFAULT_VALUE,IS_DELETE) values (42,2,'客户名称','custName',3,1,'01','string','客户名称',null);
Insert into VOTE.EXCEL_CELL (EXCEL_CELL_ID,EXCEL_SHEET_ID,EXCEL_CELL_CN_NAME,EXCEL_CELL_EN_NAME,EXCEL_CELL_COL_NUM,EXCEL_CELL_ROW_NUM,EXCEL_CELL_TYPE,EXCEL_DATA_TYPE,EXCEL_DEFAULT_VALUE,IS_DELETE) values (43,2,'客户SAPCode','sapCode',4,1,'01','string','客户SAPCode',null);
Insert into VOTE.EXCEL_CELL (EXCEL_CELL_ID,EXCEL_SHEET_ID,EXCEL_CELL_CN_NAME,EXCEL_CELL_EN_NAME,EXCEL_CELL_COL_NUM,EXCEL_CELL_ROW_NUM,EXCEL_CELL_TYPE,EXCEL_DATA_TYPE,EXCEL_DEFAULT_VALUE,IS_DELETE) values (44,2,'项目名称','projectName',5,1,'01','string','项目名称',null);
Insert into VOTE.EXCEL_CELL (EXCEL_CELL_ID,EXCEL_SHEET_ID,EXCEL_CELL_CN_NAME,EXCEL_CELL_EN_NAME,EXCEL_CELL_COL_NUM,EXCEL_CELL_ROW_NUM,EXCEL_CELL_TYPE,EXCEL_DATA_TYPE,EXCEL_DEFAULT_VALUE,IS_DELETE) values (45,2,'项目WBS编号','wbs',6,1,'01','string','项目WBS编号',null);
Insert into VOTE.EXCEL_CELL (EXCEL_CELL_ID,EXCEL_SHEET_ID,EXCEL_CELL_CN_NAME,EXCEL_CELL_EN_NAME,EXCEL_CELL_COL_NUM,EXCEL_CELL_ROW_NUM,EXCEL_CELL_TYPE,EXCEL_DATA_TYPE,EXCEL_DEFAULT_VALUE,IS_DELETE) values (46,2,'项目类型','projectType',7,1,'01','string','项目类型',null);
Insert into VOTE.EXCEL_CELL (EXCEL_CELL_ID,EXCEL_SHEET_ID,EXCEL_CELL_CN_NAME,EXCEL_CELL_EN_NAME,EXCEL_CELL_COL_NUM,EXCEL_CELL_ROW_NUM,EXCEL_CELL_TYPE,EXCEL_DATA_TYPE,EXCEL_DEFAULT_VALUE,IS_DELETE) values (47,2,'收入来源','revebueSource',8,1,'01','string','收入来源',null);
Insert into VOTE.EXCEL_CELL (EXCEL_CELL_ID,EXCEL_SHEET_ID,EXCEL_CELL_CN_NAME,EXCEL_CELL_EN_NAME,EXCEL_CELL_COL_NUM,EXCEL_CELL_ROW_NUM,EXCEL_CELL_TYPE,EXCEL_DATA_TYPE,EXCEL_DEFAULT_VALUE,IS_DELETE) values (48,2,'公司实体名称','companyEntityName',9,1,'01','string','公司实体名称',null);
Insert into VOTE.EXCEL_CELL (EXCEL_CELL_ID,EXCEL_SHEET_ID,EXCEL_CELL_CN_NAME,EXCEL_CELL_EN_NAME,EXCEL_CELL_COL_NUM,EXCEL_CELL_ROW_NUM,EXCEL_CELL_TYPE,EXCEL_DATA_TYPE,EXCEL_DEFAULT_VALUE,IS_DELETE) values (49,2,'公司实体编号','companyCode',10,1,'01','string','公司实体编号',null);
Insert into VOTE.EXCEL_CELL (EXCEL_CELL_ID,EXCEL_SHEET_ID,EXCEL_CELL_CN_NAME,EXCEL_CELL_EN_NAME,EXCEL_CELL_COL_NUM,EXCEL_CELL_ROW_NUM,EXCEL_CELL_TYPE,EXCEL_DATA_TYPE,EXCEL_DEFAULT_VALUE,IS_DELETE) values (50,2,'合同ID','contractId',11,1,'01','string','合同ID',null);
Insert into VOTE.EXCEL_CELL (EXCEL_CELL_ID,EXCEL_SHEET_ID,EXCEL_CELL_CN_NAME,EXCEL_CELL_EN_NAME,EXCEL_CELL_COL_NUM,EXCEL_CELL_ROW_NUM,EXCEL_CELL_TYPE,EXCEL_DATA_TYPE,EXCEL_DEFAULT_VALUE,IS_DELETE) values (51,2,'合同编号','contractCode',12,1,'01','string','合同编号',null);
Insert into VOTE.EXCEL_CELL (EXCEL_CELL_ID,EXCEL_SHEET_ID,EXCEL_CELL_CN_NAME,EXCEL_CELL_EN_NAME,EXCEL_CELL_COL_NUM,EXCEL_CELL_ROW_NUM,EXCEL_CELL_TYPE,EXCEL_DATA_TYPE,EXCEL_DEFAULT_VALUE,IS_DELETE) values (52,2,'合同名称','contractName',13,1,'01','string','合同名称',null);
Insert into VOTE.EXCEL_CELL (EXCEL_CELL_ID,EXCEL_SHEET_ID,EXCEL_CELL_CN_NAME,EXCEL_CELL_EN_NAME,EXCEL_CELL_COL_NUM,EXCEL_CELL_ROW_NUM,EXCEL_CELL_TYPE,EXCEL_DATA_TYPE,EXCEL_DEFAULT_VALUE,IS_DELETE) values (53,2,'采购单','revenueSource',14,1,'01','string','采购单',null);
Insert into VOTE.EXCEL_CELL (EXCEL_CELL_ID,EXCEL_SHEET_ID,EXCEL_CELL_CN_NAME,EXCEL_CELL_EN_NAME,EXCEL_CELL_COL_NUM,EXCEL_CELL_ROW_NUM,EXCEL_CELL_TYPE,EXCEL_DATA_TYPE,EXCEL_DEFAULT_VALUE,IS_DELETE) values (54,2,'客户经理编号','custManagerId',15,1,'01','string','客户经理编号',null);
Insert into VOTE.EXCEL_CELL (EXCEL_CELL_ID,EXCEL_SHEET_ID,EXCEL_CELL_CN_NAME,EXCEL_CELL_EN_NAME,EXCEL_CELL_COL_NUM,EXCEL_CELL_ROW_NUM,EXCEL_CELL_TYPE,EXCEL_DATA_TYPE,EXCEL_DEFAULT_VALUE,IS_DELETE) values (55,2,'客户经理名称','custManagerName',16,1,'01','string','客户经理名称',null);
Insert into VOTE.EXCEL_CELL (EXCEL_CELL_ID,EXCEL_SHEET_ID,EXCEL_CELL_CN_NAME,EXCEL_CELL_EN_NAME,EXCEL_CELL_COL_NUM,EXCEL_CELL_ROW_NUM,EXCEL_CELL_TYPE,EXCEL_DATA_TYPE,EXCEL_DEFAULT_VALUE,IS_DELETE) values (56,2,'税种','taxType',17,1,'01','string','税种',null);
Insert into VOTE.EXCEL_CELL (EXCEL_CELL_ID,EXCEL_SHEET_ID,EXCEL_CELL_CN_NAME,EXCEL_CELL_EN_NAME,EXCEL_CELL_COL_NUM,EXCEL_CELL_ROW_NUM,EXCEL_CELL_TYPE,EXCEL_DATA_TYPE,EXCEL_DEFAULT_VALUE,IS_DELETE) values (57,2,'收入类型','incommingType',18,1,'01','string','收入类型',null);
Insert into VOTE.EXCEL_CELL (EXCEL_CELL_ID,EXCEL_SHEET_ID,EXCEL_CELL_CN_NAME,EXCEL_CELL_EN_NAME,EXCEL_CELL_COL_NUM,EXCEL_CELL_ROW_NUM,EXCEL_CELL_TYPE,EXCEL_DATA_TYPE,EXCEL_DEFAULT_VALUE,IS_DELETE) values (58,2,'国家','region',19,1,'01','string','国家',null);
Insert into VOTE.EXCEL_CELL (EXCEL_CELL_ID,EXCEL_SHEET_ID,EXCEL_CELL_CN_NAME,EXCEL_CELL_EN_NAME,EXCEL_CELL_COL_NUM,EXCEL_CELL_ROW_NUM,EXCEL_CELL_TYPE,EXCEL_DATA_TYPE,EXCEL_DEFAULT_VALUE,IS_DELETE) values (59,2,'币种','currency',20,1,'01','string','币种',null);
Insert into VOTE.EXCEL_CELL (EXCEL_CELL_ID,EXCEL_SHEET_ID,EXCEL_CELL_CN_NAME,EXCEL_CELL_EN_NAME,EXCEL_CELL_COL_NUM,EXCEL_CELL_ROW_NUM,EXCEL_CELL_TYPE,EXCEL_DATA_TYPE,EXCEL_DEFAULT_VALUE,IS_DELETE) values (60,2,'毛利率','grossProfitRate',21,1,'01','string','毛利率',null);
Insert into VOTE.EXCEL_CELL (EXCEL_CELL_ID,EXCEL_SHEET_ID,EXCEL_CELL_CN_NAME,EXCEL_CELL_EN_NAME,EXCEL_CELL_COL_NUM,EXCEL_CELL_ROW_NUM,EXCEL_CELL_TYPE,EXCEL_DATA_TYPE,EXCEL_DEFAULT_VALUE,IS_DELETE) values (61,2,'预计一月收入','budgetJan',22,1,'01','string','预计一月收入',null);
Insert into VOTE.EXCEL_CELL (EXCEL_CELL_ID,EXCEL_SHEET_ID,EXCEL_CELL_CN_NAME,EXCEL_CELL_EN_NAME,EXCEL_CELL_COL_NUM,EXCEL_CELL_ROW_NUM,EXCEL_CELL_TYPE,EXCEL_DATA_TYPE,EXCEL_DEFAULT_VALUE,IS_DELETE) values (62,2,'预计二月收入','budgetFeb',23,1,'01','string','预计二月收入',null);
Insert into VOTE.EXCEL_CELL (EXCEL_CELL_ID,EXCEL_SHEET_ID,EXCEL_CELL_CN_NAME,EXCEL_CELL_EN_NAME,EXCEL_CELL_COL_NUM,EXCEL_CELL_ROW_NUM,EXCEL_CELL_TYPE,EXCEL_DATA_TYPE,EXCEL_DEFAULT_VALUE,IS_DELETE) values (63,2,'预计三月收入','budgetMar',24,1,'01','string','预计三月收入',null);
Insert into VOTE.EXCEL_CELL (EXCEL_CELL_ID,EXCEL_SHEET_ID,EXCEL_CELL_CN_NAME,EXCEL_CELL_EN_NAME,EXCEL_CELL_COL_NUM,EXCEL_CELL_ROW_NUM,EXCEL_CELL_TYPE,EXCEL_DATA_TYPE,EXCEL_DEFAULT_VALUE,IS_DELETE) values (64,2,'预计四月收入','budgetApr',25,1,'01','string','预计四月收入',null);
Insert into VOTE.EXCEL_CELL (EXCEL_CELL_ID,EXCEL_SHEET_ID,EXCEL_CELL_CN_NAME,EXCEL_CELL_EN_NAME,EXCEL_CELL_COL_NUM,EXCEL_CELL_ROW_NUM,EXCEL_CELL_TYPE,EXCEL_DATA_TYPE,EXCEL_DEFAULT_VALUE,IS_DELETE) values (65,2,'预计五月收入','budgetMay',26,1,'01','string','预计五月收入',null);
Insert into VOTE.EXCEL_CELL (EXCEL_CELL_ID,EXCEL_SHEET_ID,EXCEL_CELL_CN_NAME,EXCEL_CELL_EN_NAME,EXCEL_CELL_COL_NUM,EXCEL_CELL_ROW_NUM,EXCEL_CELL_TYPE,EXCEL_DATA_TYPE,EXCEL_DEFAULT_VALUE,IS_DELETE) values (66,2,'预计六月收入','budgetJun',27,1,'01','string','预计六月收入',null);
Insert into VOTE.EXCEL_CELL (EXCEL_CELL_ID,EXCEL_SHEET_ID,EXCEL_CELL_CN_NAME,EXCEL_CELL_EN_NAME,EXCEL_CELL_COL_NUM,EXCEL_CELL_ROW_NUM,EXCEL_CELL_TYPE,EXCEL_DATA_TYPE,EXCEL_DEFAULT_VALUE,IS_DELETE) values (67,2,'预计七月收入','budgetJul',28,1,'01','string','预计七月收入',null);
Insert into VOTE.EXCEL_CELL (EXCEL_CELL_ID,EXCEL_SHEET_ID,EXCEL_CELL_CN_NAME,EXCEL_CELL_EN_NAME,EXCEL_CELL_COL_NUM,EXCEL_CELL_ROW_NUM,EXCEL_CELL_TYPE,EXCEL_DATA_TYPE,EXCEL_DEFAULT_VALUE,IS_DELETE) values (68,2,'预计八月收入','budgetAug',29,1,'01','string','预计八月收入',null);
Insert into VOTE.EXCEL_CELL (EXCEL_CELL_ID,EXCEL_SHEET_ID,EXCEL_CELL_CN_NAME,EXCEL_CELL_EN_NAME,EXCEL_CELL_COL_NUM,EXCEL_CELL_ROW_NUM,EXCEL_CELL_TYPE,EXCEL_DATA_TYPE,EXCEL_DEFAULT_VALUE,IS_DELETE) values (69,2,'预计九月收入','budgetSep',30,1,'01','string','预计九月收入',null);
Insert into VOTE.EXCEL_CELL (EXCEL_CELL_ID,EXCEL_SHEET_ID,EXCEL_CELL_CN_NAME,EXCEL_CELL_EN_NAME,EXCEL_CELL_COL_NUM,EXCEL_CELL_ROW_NUM,EXCEL_CELL_TYPE,EXCEL_DATA_TYPE,EXCEL_DEFAULT_VALUE,IS_DELETE) values (70,2,'预计十月收入','budgetOct',31,1,'01','string','预计十月收入',null);
Insert into VOTE.EXCEL_CELL (EXCEL_CELL_ID,EXCEL_SHEET_ID,EXCEL_CELL_CN_NAME,EXCEL_CELL_EN_NAME,EXCEL_CELL_COL_NUM,EXCEL_CELL_ROW_NUM,EXCEL_CELL_TYPE,EXCEL_DATA_TYPE,EXCEL_DEFAULT_VALUE,IS_DELETE) values (71,2,'预计十一月收入','budgetNov',32,1,'01','string','预计十一月收入',null);
Insert into VOTE.EXCEL_CELL (EXCEL_CELL_ID,EXCEL_SHEET_ID,EXCEL_CELL_CN_NAME,EXCEL_CELL_EN_NAME,EXCEL_CELL_COL_NUM,EXCEL_CELL_ROW_NUM,EXCEL_CELL_TYPE,EXCEL_DATA_TYPE,EXCEL_DEFAULT_VALUE,IS_DELETE) values (72,2,'预计十二月收入','budgetDec',33,1,'01','string','预计十二月收入',null);
Insert into VOTE.EXCEL_CELL (EXCEL_CELL_ID,EXCEL_SHEET_ID,EXCEL_CELL_CN_NAME,EXCEL_CELL_EN_NAME,EXCEL_CELL_COL_NUM,EXCEL_CELL_ROW_NUM,EXCEL_CELL_TYPE,EXCEL_DATA_TYPE,EXCEL_DEFAULT_VALUE,IS_DELETE) values (73,2,'收入合计','budgetSum',34,1,'01','string','收入合计',null);
Insert into VOTE.EXCEL_CELL (EXCEL_CELL_ID,EXCEL_SHEET_ID,EXCEL_CELL_CN_NAME,EXCEL_CELL_EN_NAME,EXCEL_CELL_COL_NUM,EXCEL_CELL_ROW_NUM,EXCEL_CELL_TYPE,EXCEL_DATA_TYPE,EXCEL_DEFAULT_VALUE,IS_DELETE) values (74,2,'添加人编号','creatorId',35,1,'01','string','添加人编号',null);
Insert into VOTE.EXCEL_CELL (EXCEL_CELL_ID,EXCEL_SHEET_ID,EXCEL_CELL_CN_NAME,EXCEL_CELL_EN_NAME,EXCEL_CELL_COL_NUM,EXCEL_CELL_ROW_NUM,EXCEL_CELL_TYPE,EXCEL_DATA_TYPE,EXCEL_DEFAULT_VALUE,IS_DELETE) values (75,2,'添加时间','createTime',36,1,'01','string','添加时间',null);
Insert into VOTE.EXCEL_CELL (EXCEL_CELL_ID,EXCEL_SHEET_ID,EXCEL_CELL_CN_NAME,EXCEL_CELL_EN_NAME,EXCEL_CELL_COL_NUM,EXCEL_CELL_ROW_NUM,EXCEL_CELL_TYPE,EXCEL_DATA_TYPE,EXCEL_DEFAULT_VALUE,IS_DELETE) values (76,2,'修改人','modifier',37,1,'01','string','修改人',null);
Insert into VOTE.EXCEL_CELL (EXCEL_CELL_ID,EXCEL_SHEET_ID,EXCEL_CELL_CN_NAME,EXCEL_CELL_EN_NAME,EXCEL_CELL_COL_NUM,EXCEL_CELL_ROW_NUM,EXCEL_CELL_TYPE,EXCEL_DATA_TYPE,EXCEL_DEFAULT_VALUE,IS_DELETE) values (77,2,'修改时间','modifyTime',38,1,'01','string','修改时间',null);
Insert into VOTE.EXCEL_CELL (EXCEL_CELL_ID,EXCEL_SHEET_ID,EXCEL_CELL_CN_NAME,EXCEL_CELL_EN_NAME,EXCEL_CELL_COL_NUM,EXCEL_CELL_ROW_NUM,EXCEL_CELL_TYPE,EXCEL_DATA_TYPE,EXCEL_DEFAULT_VALUE,IS_DELETE) values (79,2,'备注','remark',39,1,'01','string','备注',null);
Insert into VOTE.EXCEL_CELL (EXCEL_CELL_ID,EXCEL_SHEET_ID,EXCEL_CELL_CN_NAME,EXCEL_CELL_EN_NAME,EXCEL_CELL_COL_NUM,EXCEL_CELL_ROW_NUM,EXCEL_CELL_TYPE,EXCEL_DATA_TYPE,EXCEL_DEFAULT_VALUE,IS_DELETE) values (80,2,'预算评审状态','reviewStatus',40,1,'01','string','预算评审状态',null);
Insert into VOTE.EXCEL_CELL (EXCEL_CELL_ID,EXCEL_SHEET_ID,EXCEL_CELL_CN_NAME,EXCEL_CELL_EN_NAME,EXCEL_CELL_COL_NUM,EXCEL_CELL_ROW_NUM,EXCEL_CELL_TYPE,EXCEL_DATA_TYPE,EXCEL_DEFAULT_VALUE,IS_DELETE) values (81,2,'预算年份','budgetYear',41,1,'01','string','预算年份',null);
REM INSERTING into VOTE.EXCEL_FILE
SET DEFINE OFF;
Insert into VOTE.EXCEL_FILE (EXCEL_FILE_ID,EXCEL_FILE_CN_NAME,EXCEL_FILE_EN_NAME,EXCEL_DESCRIPTE,REMARK) values (1,'客户表','cust',null,null);
Insert into VOTE.EXCEL_FILE (EXCEL_FILE_ID,EXCEL_FILE_CN_NAME,EXCEL_FILE_EN_NAME,EXCEL_DESCRIPTE,REMARK) values (2,'年度预算表','yearBudget',null,null);
REM INSERTING into VOTE.EXCEL_SHEET
SET DEFINE OFF;
Insert into VOTE.EXCEL_SHEET (EXCEL_SHEET_ID,EXCEL_FILE_ID,EXCEL_SHEET_CN_NAME,EXCEL_SHEET_EN_NAME,REMARK,IS_VALID) values (1,1,'客户表','cust',null,'0 ');
Insert into VOTE.EXCEL_SHEET (EXCEL_SHEET_ID,EXCEL_FILE_ID,EXCEL_SHEET_CN_NAME,EXCEL_SHEET_EN_NAME,REMARK,IS_VALID) values (2,2,'年度预算','budget',null,'0 ');
--------------------------------------------------------
--  DDL for Index SYS_C0012988
--------------------------------------------------------

  CREATE UNIQUE INDEX "VOTE"."SYS_C0012988" ON "VOTE"."EXCEL_CELL" ("EXCEL_CELL_ID") 
  PCTFREE 10 INITRANS 2 MAXTRANS 255 COMPUTE STATISTICS 
  STORAGE(INITIAL 65536 NEXT 1048576 MINEXTENTS 1 MAXEXTENTS 2147483645
  PCTINCREASE 0 FREELISTS 1 FREELIST GROUPS 1 BUFFER_POOL DEFAULT FLASH_CACHE DEFAULT CELL_FLASH_CACHE DEFAULT)
  TABLESPACE "VOTE_USER" ;
--------------------------------------------------------
--  DDL for Index SYS_C0012992
--------------------------------------------------------

  CREATE UNIQUE INDEX "VOTE"."SYS_C0012992" ON "VOTE"."EXCEL_FILE" ("EXCEL_FILE_ID") 
  PCTFREE 10 INITRANS 2 MAXTRANS 255 COMPUTE STATISTICS 
  STORAGE(INITIAL 65536 NEXT 1048576 MINEXTENTS 1 MAXEXTENTS 2147483645
  PCTINCREASE 0 FREELISTS 1 FREELIST GROUPS 1 BUFFER_POOL DEFAULT FLASH_CACHE DEFAULT CELL_FLASH_CACHE DEFAULT)
  TABLESPACE "VOTE_USER" ;
--------------------------------------------------------
--  DDL for Index SYS_C0012996
--------------------------------------------------------

  CREATE UNIQUE INDEX "VOTE"."SYS_C0012996" ON "VOTE"."EXCEL_SHEET" ("EXCEL_SHEET_ID") 
  PCTFREE 10 INITRANS 2 MAXTRANS 255 COMPUTE STATISTICS 
  STORAGE(INITIAL 65536 NEXT 1048576 MINEXTENTS 1 MAXEXTENTS 2147483645
  PCTINCREASE 0 FREELISTS 1 FREELIST GROUPS 1 BUFFER_POOL DEFAULT FLASH_CACHE DEFAULT CELL_FLASH_CACHE DEFAULT)
  TABLESPACE "VOTE_USER" ;
--------------------------------------------------------
--  Constraints for Table EXCEL_CELL
--------------------------------------------------------

  ALTER TABLE "VOTE"."EXCEL_CELL" MODIFY ("EXCEL_CELL_ID" NOT NULL ENABLE);
 
  ALTER TABLE "VOTE"."EXCEL_CELL" ADD CHECK ("EXCEL_CELL_ID" IS NOT NULL) ENABLE;
 
  ALTER TABLE "VOTE"."EXCEL_CELL" ADD CHECK ("EXCEL_CELL_ID" IS NOT NULL) ENABLE;
 
  ALTER TABLE "VOTE"."EXCEL_CELL" ADD CHECK ("EXCEL_CELL_ID" IS NOT NULL) ENABLE;
 
  ALTER TABLE "VOTE"."EXCEL_CELL" ADD PRIMARY KEY ("EXCEL_CELL_ID")
  USING INDEX PCTFREE 10 INITRANS 2 MAXTRANS 255 COMPUTE STATISTICS 
  STORAGE(INITIAL 65536 NEXT 1048576 MINEXTENTS 1 MAXEXTENTS 2147483645
  PCTINCREASE 0 FREELISTS 1 FREELIST GROUPS 1 BUFFER_POOL DEFAULT FLASH_CACHE DEFAULT CELL_FLASH_CACHE DEFAULT)
  TABLESPACE "VOTE_USER"  ENABLE;
--------------------------------------------------------
--  Constraints for Table EXCEL_FILE
--------------------------------------------------------

  ALTER TABLE "VOTE"."EXCEL_FILE" MODIFY ("EXCEL_FILE_ID" NOT NULL ENABLE);
 
  ALTER TABLE "VOTE"."EXCEL_FILE" ADD CHECK ("EXCEL_FILE_ID" IS NOT NULL) ENABLE;
 
  ALTER TABLE "VOTE"."EXCEL_FILE" ADD CHECK ("EXCEL_FILE_ID" IS NOT NULL) ENABLE;
 
  ALTER TABLE "VOTE"."EXCEL_FILE" ADD CHECK ("EXCEL_FILE_ID" IS NOT NULL) ENABLE;
 
  ALTER TABLE "VOTE"."EXCEL_FILE" ADD PRIMARY KEY ("EXCEL_FILE_ID")
  USING INDEX PCTFREE 10 INITRANS 2 MAXTRANS 255 COMPUTE STATISTICS 
  STORAGE(INITIAL 65536 NEXT 1048576 MINEXTENTS 1 MAXEXTENTS 2147483645
  PCTINCREASE 0 FREELISTS 1 FREELIST GROUPS 1 BUFFER_POOL DEFAULT FLASH_CACHE DEFAULT CELL_FLASH_CACHE DEFAULT)
  TABLESPACE "VOTE_USER"  ENABLE;
--------------------------------------------------------
--  Constraints for Table EXCEL_SHEET
--------------------------------------------------------

  ALTER TABLE "VOTE"."EXCEL_SHEET" MODIFY ("EXCEL_SHEET_ID" NOT NULL ENABLE);
 
  ALTER TABLE "VOTE"."EXCEL_SHEET" ADD CHECK ("EXCEL_SHEET_ID" IS NOT NULL) ENABLE;
 
  ALTER TABLE "VOTE"."EXCEL_SHEET" ADD CHECK ("EXCEL_SHEET_ID" IS NOT NULL) ENABLE;
 
  ALTER TABLE "VOTE"."EXCEL_SHEET" ADD CHECK ("EXCEL_SHEET_ID" IS NOT NULL) ENABLE;
 
  ALTER TABLE "VOTE"."EXCEL_SHEET" ADD PRIMARY KEY ("EXCEL_SHEET_ID")
  USING INDEX PCTFREE 10 INITRANS 2 MAXTRANS 255 COMPUTE STATISTICS 
  STORAGE(INITIAL 65536 NEXT 1048576 MINEXTENTS 1 MAXEXTENTS 2147483645
  PCTINCREASE 0 FREELISTS 1 FREELIST GROUPS 1 BUFFER_POOL DEFAULT FLASH_CACHE DEFAULT CELL_FLASH_CACHE DEFAULT)
  TABLESPACE "VOTE_USER"  ENABLE;
